"","Income","Education"
"1",30169,"HS"
"2",35327,"AD"
"3",54917,"BD"
"4",63317,"Grad"
"5",25414,"HS"
"6",31312,"AD"
"7",44940,"BD"
"8",54599,"Grad"
"9",20946,"HS"
"10",24201,"AD"
"11",42629,"BD"
"12",48500,"Grad"
"13",27869,"HS"
"14",23728,"AD"
"15",53304,"BD"
"16",53500,"Grad"
"17",27982,"HS"
"18",33980,"AD"
"19",47493,"BD"
"20",54179,"Grad"
"21",30739,"HS"
"22",31550,"AD"
"23",31758,"BD"
"24",24250,"Grad"
"25",22969,"HS"
"26",28018,"AD"
"27",41146,"BD"
"28",56339,"Grad"
"29",26322,"HS"
"30",30734,"AD"
"31",41507,"BD"
"32",50997,"Grad"
"33",21273,"HS"
"34",29440,"AD"
"35",46036,"BD"
"36",60426,"Grad"
"37",27062,"HS"
"38",31927,"AD"
"39",39528,"BD"
"40",55571,"Grad"
"41",30556,"HS"
"42",32488,"AD"
"43",44161,"BD"
"44",53205,"Grad"
"45",30161,"HS"
"46",25962,"AD"
"47",41188,"BD"
"48",40821,"Grad"
"49",25900,"HS"
"50",34611,"AD"
"51",39149,"BD"
"52",53906,"Grad"
"53",26143,"HS"
"54",29085,"AD"
"55",34028,"BD"
"56",49269,"Grad"
"57",24627,"HS"
"58",30940,"AD"
"59",52769,"BD"
"60",54643,"Grad"
"61",25468,"HS"
"62",34213,"AD"
"63",44113,"BD"
"64",61713,"Grad"
"65",28081,"HS"
"66",30728,"AD"
"67",47489,"BD"
"68",56505,"Grad"
"69",24755,"HS"
"70",19968,"AD"
"71",50313,"BD"
"72",56792,"Grad"
"73",24325,"HS"
"74",30800,"AD"
"75",37308,"BD"
"76",56016,"Grad"
"77",21821,"HS"
"78",27599,"AD"
"79",37686,"BD"
"80",54550,"Grad"
"81",30157,"HS"
"82",29444,"AD"
"83",43125,"BD"
"84",38839,"Grad"
"85",25863,"HS"
"86",30556,"AD"
"87",40979,"BD"
"88",53276,"Grad"
"89",25108,"HS"
"90",33270,"AD"
"91",43865,"BD"
"92",49634,"Grad"
"93",22031,"HS"
"94",26872,"AD"
"95",32260,"BD"
"96",53109,"Grad"
"97",25840,"HS"
"98",28665,"AD"
"99",40652,"BD"
"100",48774,"Grad"
"101",28827,"HS"
"102",33082,"AD"
"103",50083,"BD"
"104",54730,"Grad"
"105",22891,"HS"
"106",29462,"AD"
"107",38722,"BD"
"108",52861,"Grad"
"109",23868,"HS"
"110",28810,"AD"
"111",42452,"BD"
"112",53656,"Grad"
"113",28846,"HS"
"114",29070,"AD"
"115",42237,"BD"
"116",43785,"Grad"
"117",25872,"HS"
"118",28604,"AD"
"119",40962,"BD"
"120",54091,"Grad"
"121",24026,"HS"
"122",26141,"AD"
"123",36913,"BD"
"124",53202,"Grad"
"125",19421,"HS"
"126",25127,"AD"
"127",80313,"BD"
"128",56384,"Grad"
"129",19452,"HS"
"130",31827,"AD"
"131",33056,"BD"
"132",49559,"Grad"
"133",26654,"HS"
"134",30934,"AD"
"135",54221,"BD"
"136",49250,"Grad"
"137",24254,"HS"
"138",30021,"AD"
"139",47570,"BD"
"140",55462,"Grad"
"141",24668,"HS"
"142",29006,"AD"
"143",45352,"BD"
"144",54341,"Grad"
"145",25876,"HS"
"146",31420,"AD"
"147",46068,"BD"
"148",58491,"Grad"
"149",27405,"HS"
"150",29414,"AD"
"151",49341,"BD"
"152",46083,"Grad"
"153",25006,"HS"
"154",30140,"AD"
"155",39358,"BD"
"156",51799,"Grad"
"157",27387,"HS"
"158",30810,"AD"
"159",41101,"BD"
"160",50500,"Grad"
"161",25915,"HS"
"162",31860,"AD"
"163",43493,"BD"
"164",54166,"Grad"
"165",26222,"HS"
"166",32471,"AD"
"167",54487,"BD"
"168",61635,"Grad"
"169",26316,"HS"
"170",27719,"AD"
"171",38008,"BD"
"172",44479,"Grad"
"173",21835,"HS"
"174",25328,"AD"
"175",38869,"BD"
"176",48990,"Grad"
"177",26168,"HS"
"178",32030,"AD"
"179",56898,"BD"
"180",75616,"Grad"
"181",21175,"HS"
"182",31582,"AD"
"183",42517,"BD"
"184",50579,"Grad"
"185",22352,"HS"
"186",27331,"AD"
"187",50369,"BD"
"188",49267,"Grad"
"189",25141,"HS"
"190",30492,"AD"
"191",46568,"BD"
"192",54954,"Grad"
"193",27031,"HS"
"194",30424,"AD"
"195",43612,"BD"
"196",52792,"Grad"
"197",26120,"HS"
"198",27713,"AD"
"199",42443,"BD"
"200",56055,"Grad"
"201",24131,"HS"
"202",28936,"AD"
"203",45175,"BD"
"204",57444,"Grad"
"205",25940,"HS"
"206",29457,"AD"
"207",47440,"BD"
"208",54877,"Grad"
"209",17267,"HS"
"210",29904,"AD"
"211",29417,"BD"
"212",32500,"Grad"
"213",24073,"HS"
"214",29350,"AD"
"215",38482,"BD"
"216",50116,"Grad"
"217",26533,"HS"
"218",29366,"AD"
"219",41483,"BD"
"220",51196,"Grad"
"221",23096,"HS"
"222",33255,"AD"
"223",45469,"BD"
"224",52500,"Grad"
"225",24034,"HS"
"226",29855,"AD"
"227",43289,"BD"
"228",53135,"Grad"
"229",32222,"HS"
"230",35577,"AD"
"231",48226,"BD"
"232",55781,"Grad"
"233",30874,"HS"
"234",39464,"AD"
"235",54165,"BD"
"236",63637,"Grad"
"237",18141,"HS"
"238",16856,"AD"
"239",38829,"BD"
"240",42778,"Grad"
"241",25286,"HS"
"242",27438,"AD"
"243",36977,"BD"
"244",53176,"Grad"
"245",23669,"HS"
"246",28994,"AD"
"247",44350,"BD"
"248",56017,"Grad"
"249",27758,"HS"
"250",31677,"AD"
"251",42656,"BD"
"252",52865,"Grad"
"253",26921,"HS"
"254",30816,"AD"
"255",41667,"BD"
"256",60819,"Grad"
"257",30119,"HS"
"258",32991,"AD"
"259",39545,"BD"
"260",58750,"Grad"
"261",27025,"HS"
"262",19909,"AD"
"263",43700,"BD"
"264",30446,"Grad"
"265",20190,"HS"
"266",28571,"AD"
"267",39563,"BD"
"268",53922,"Grad"
"269",20770,"HS"
"270",26383,"AD"
"271",22431,"BD"
"272",74000,"Grad"
"273",25012,"HS"
"274",36765,"AD"
"275",36250,"BD"
"276",75938,"Grad"
"277",31994,"HS"
"278",42876,"AD"
"279",55234,"BD"
"280",73295,"Grad"
"281",18216,"HS"
"282",31049,"AD"
"283",67206,"BD"
"284",72857,"Grad"
"285",44318,"HS"
"286",54028,"AD"
"287",50000,"BD"
"288",62188,"Grad"
"289",51250,"HS"
"290",59917,"AD"
"291",41761,"BD"
"292",54779,"Grad"
"293",21792,"HS"
"294",31802,"AD"
"295",51705,"BD"
"296",70625,"Grad"
"297",35819,"HS"
"298",41604,"AD"
"299",45325,"BD"
"300",64811,"Grad"
"301",22135,"HS"
"302",25000,"AD"
"303",30313,"BD"
"304",57837,"Grad"
"305",25847,"HS"
"306",26078,"AD"
"307",26184,"BD"
"308",48250,"Grad"
"309",34470,"HS"
"310",40414,"AD"
"311",49969,"BD"
"312",69119,"Grad"
"313",32417,"HS"
"314",35609,"AD"
"315",42659,"BD"
"316",58397,"Grad"
"317",31536,"HS"
"318",36444,"AD"
"319",46500,"BD"
"320",63438,"Grad"
"321",28409,"HS"
"322",37245,"AD"
"323",37367,"BD"
"324",68925,"Grad"
"325",20417,"HS"
"326",27614,"AD"
"327",51250,"BD"
"328",65625,"Grad"
"329",40518,"HS"
"330",41542,"AD"
"331",52237,"BD"
"332",62049,"Grad"
"333",19167,"HS"
"334",35781,"AD"
"335",65179,"BD"
"336",74239,"Grad"
"337",43281,"HS"
"338",54600,"AD"
"339",82237,"BD"
"340",77917,"Grad"
"341",24094,"HS"
"342",41352,"AD"
"343",65500,"BD"
"344",91161,"Grad"
"345",30833,"HS"
"346",27220,"AD"
"347",43750,"BD"
"348",29948,"Grad"
"349",23375,"HS"
"350",29915,"AD"
"351",48750,"BD"
"352",63077,"Grad"
"353",32301,"HS"
"354",39688,"AD"
"355",47531,"BD"
"356",57212,"Grad"
"357",31487,"HS"
"358",32173,"AD"
"359",45417,"BD"
"360",41250,"Grad"
"361",26875,"HS"
"362",43531,"AD"
"363",49643,"BD"
"364",64722,"Grad"
"365",33802,"HS"
"366",41563,"AD"
"367",44141,"BD"
"368",62212,"Grad"
"369",12730,"HS"
"370",22821,"AD"
"371",50313,"BD"
"372",65000,"Grad"
"373",30972,"HS"
"374",27240,"AD"
"375",40893,"BD"
"376",93056,"Grad"
"377",37083,"HS"
"378",49167,"AD"
"379",73750,"BD"
"380",66458,"Grad"
"381",16607,"HS"
"382",26563,"AD"
"383",45795,"BD"
"384",65000,"Grad"
"385",20418,"HS"
"386",28894,"AD"
"387",41889,"BD"
"388",49049,"Grad"
"389",20768,"HS"
"390",30973,"AD"
"391",41951,"BD"
"392",51551,"Grad"
"393",26465,"HS"
"394",30427,"AD"
"395",37998,"BD"
"396",52667,"Grad"
"397",25511,"HS"
"398",30968,"AD"
"399",33333,"BD"
"400",43083,"Grad"
"401",27730,"HS"
"402",35148,"AD"
"403",35165,"BD"
"404",55689,"Grad"
"405",34735,"HS"
"406",38902,"AD"
"407",49688,"BD"
"408",75714,"Grad"
"409",22271,"HS"
"410",29146,"AD"
"411",44109,"BD"
"412",60833,"Grad"
"413",28627,"HS"
"414",36175,"AD"
"415",51637,"BD"
"416",65648,"Grad"
"417",22361,"HS"
"418",26443,"AD"
"419",37418,"BD"
"420",45413,"Grad"
"421",23200,"HS"
"422",28267,"AD"
"423",40156,"BD"
"424",47955,"Grad"
"425",24278,"HS"
"426",30855,"AD"
"427",42240,"BD"
"428",56147,"Grad"
"429",30223,"HS"
"430",36022,"AD"
"431",45877,"BD"
"432",51012,"Grad"
"433",20366,"HS"
"434",29416,"AD"
"435",43349,"BD"
"436",40893,"Grad"
"437",23554,"HS"
"438",28778,"AD"
"439",37410,"BD"
"440",40542,"Grad"
"441",22665,"HS"
"442",30274,"AD"
"443",40984,"BD"
"444",53784,"Grad"
"445",26140,"HS"
"446",25291,"AD"
"447",44609,"BD"
"448",51250,"Grad"
"449",25868,"HS"
"450",26167,"AD"
"451",41486,"BD"
"452",46929,"Grad"
"453",20398,"HS"
"454",25413,"AD"
"455",31069,"BD"
"456",47381,"Grad"
"457",27890,"HS"
"458",33136,"AD"
"459",53326,"BD"
"460",61357,"Grad"
"461",22856,"HS"
"462",25894,"AD"
"463",39074,"BD"
"464",62500,"Grad"
"465",25389,"HS"
"466",31376,"AD"
"467",37173,"BD"
"468",52054,"Grad"
"469",22750,"HS"
"470",26118,"AD"
"471",32313,"BD"
"472",44922,"Grad"
"473",23169,"HS"
"474",24164,"AD"
"475",38042,"BD"
"476",45833,"Grad"
"477",20295,"HS"
"478",24227,"AD"
"479",27596,"BD"
"480",51042,"Grad"
"481",21770,"HS"
"482",25942,"AD"
"483",36907,"BD"
"484",43364,"Grad"
"485",21817,"HS"
"486",26381,"AD"
"487",35473,"BD"
"488",48293,"Grad"
"489",25241,"HS"
"490",21151,"AD"
"491",37420,"BD"
"492",53021,"Grad"
"493",25653,"HS"
"494",30409,"AD"
"495",40801,"BD"
"496",41375,"Grad"
"497",22609,"HS"
"498",24241,"AD"
"499",41830,"BD"
"500",43036,"Grad"
"501",25825,"HS"
"502",30087,"AD"
"503",40982,"BD"
"504",47537,"Grad"
"505",25976,"HS"
"506",28399,"AD"
"507",38413,"BD"
"508",58343,"Grad"
"509",22410,"HS"
"510",27770,"AD"
"511",42280,"BD"
"512",56640,"Grad"
"513",26038,"HS"
"514",30600,"AD"
"515",48342,"BD"
"516",54384,"Grad"
"517",25649,"HS"
"518",30910,"AD"
"519",45350,"BD"
"520",46290,"Grad"
"521",26096,"HS"
"522",30174,"AD"
"523",38298,"BD"
"524",49345,"Grad"
"525",25212,"HS"
"526",28233,"AD"
"527",35087,"BD"
"528",44960,"Grad"
"529",21907,"HS"
"530",24198,"AD"
"531",41180,"BD"
"532",61625,"Grad"
"533",28987,"HS"
"534",33060,"AD"
"535",47554,"BD"
"536",55405,"Grad"
"537",22307,"HS"
"538",28556,"AD"
"539",37684,"BD"
"540",51350,"Grad"
"541",20275,"HS"
"542",22973,"AD"
"543",35833,"BD"
"544",46786,"Grad"
"545",22022,"HS"
"546",24591,"AD"
"547",41732,"BD"
"548",54189,"Grad"
"549",27891,"HS"
"550",31038,"AD"
"551",46708,"BD"
"552",47254,"Grad"
"553",26696,"HS"
"554",27191,"AD"
"555",43409,"BD"
"556",56088,"Grad"
"557",20470,"HS"
"558",23284,"AD"
"559",37885,"BD"
"560",54561,"Grad"
"561",22074,"HS"
"562",27452,"AD"
"563",38255,"BD"
"564",48074,"Grad"
"565",22500,"HS"
"566",22175,"AD"
"567",39013,"BD"
"568",44972,"Grad"
"569",21550,"HS"
"570",24618,"AD"
"571",37009,"BD"
"572",55694,"Grad"
"573",19983,"HS"
"574",22778,"AD"
"575",33103,"BD"
"576",47500,"Grad"
"577",20144,"HS"
"578",26313,"AD"
"579",43377,"BD"
"580",52875,"Grad"
"581",25482,"HS"
"582",29111,"AD"
"583",43000,"BD"
"584",51337,"Grad"
"585",23889,"HS"
"586",25422,"AD"
"587",36567,"BD"
"588",52872,"Grad"
"589",23056,"HS"
"590",24434,"AD"
"591",34500,"BD"
"592",46250,"Grad"
"593",24375,"HS"
"594",22289,"AD"
"595",34639,"BD"
"596",38707,"Grad"
"597",20908,"HS"
"598",24080,"AD"
"599",36672,"BD"
"600",34881,"Grad"
"601",25584,"HS"
"602",26197,"AD"
"603",48468,"BD"
"604",48667,"Grad"
"605",28886,"HS"
"606",26888,"AD"
"607",38521,"BD"
"608",41563,"Grad"
"609",23236,"HS"
"610",30833,"AD"
"611",45050,"BD"
"612",46771,"Grad"
"613",29420,"HS"
"614",34306,"AD"
"615",46621,"BD"
"616",56569,"Grad"
"617",25938,"HS"
"618",26504,"AD"
"619",43313,"BD"
"620",54250,"Grad"
"621",20659,"HS"
"622",24313,"AD"
"623",35625,"BD"
"624",42222,"Grad"
"625",25099,"HS"
"626",29662,"AD"
"627",38698,"BD"
"628",50789,"Grad"
"629",25439,"HS"
"630",29843,"AD"
"631",40821,"BD"
"632",50568,"Grad"
"633",19556,"HS"
"634",25453,"AD"
"635",38250,"BD"
"636",37500,"Grad"
"637",19441,"HS"
"638",25917,"AD"
"639",33368,"BD"
"640",42768,"Grad"
"641",20554,"HS"
"642",23672,"AD"
"643",47353,"BD"
"644",35909,"Grad"
"645",16711,"HS"
"646",22366,"AD"
"647",30175,"BD"
"648",14271,"Grad"
"649",22574,"HS"
"650",26664,"AD"
"651",40637,"BD"
"652",46875,"Grad"
"653",26835,"HS"
"654",37037,"AD"
"655",31875,"BD"
"656",53938,"Grad"
"657",20817,"HS"
"658",21457,"AD"
"659",41779,"BD"
"660",51413,"Grad"
"661",21615,"HS"
"662",26305,"AD"
"663",37120,"BD"
"664",46707,"Grad"
"665",23366,"HS"
"666",27163,"AD"
"667",38803,"BD"
"668",46736,"Grad"
"669",21197,"HS"
"670",23886,"AD"
"671",32656,"BD"
"672",50192,"Grad"
"673",22405,"HS"
"674",26972,"AD"
"675",36033,"BD"
"676",47955,"Grad"
"677",28211,"HS"
"678",28090,"AD"
"679",33587,"BD"
"680",38958,"Grad"
"681",25276,"HS"
"682",31412,"AD"
"683",44980,"BD"
"684",63152,"Grad"
"685",22367,"HS"
"686",25480,"AD"
"687",34758,"BD"
"688",51484,"Grad"
"689",23554,"HS"
"690",24783,"AD"
"691",44016,"BD"
"692",49205,"Grad"
"693",30363,"HS"
"694",34017,"AD"
"695",49210,"BD"
"696",59261,"Grad"
"697",24455,"HS"
"698",23806,"AD"
"699",37446,"BD"
"700",47153,"Grad"
"701",19461,"HS"
"702",19876,"AD"
"703",32750,"BD"
"704",42404,"Grad"
"705",24225,"HS"
"706",30975,"AD"
"707",43504,"BD"
"708",58933,"Grad"
"709",25322,"HS"
"710",23634,"AD"
"711",44200,"BD"
"712",53315,"Grad"
"713",22310,"HS"
"714",21578,"AD"
"715",32039,"BD"
"716",44722,"Grad"
"717",18660,"HS"
"718",18832,"AD"
"719",32976,"BD"
"720",45288,"Grad"
"721",24252,"HS"
"722",29879,"AD"
"723",42828,"BD"
"724",63949,"Grad"
"725",21154,"HS"
"726",21058,"AD"
"727",36000,"BD"
"728",36424,"Grad"
"729",25604,"HS"
"730",30022,"AD"
"731",43658,"BD"
"732",58581,"Grad"
"733",26606,"HS"
"734",31160,"AD"
"735",39920,"BD"
"736",51250,"Grad"
"737",22286,"HS"
"738",28173,"AD"
"739",34542,"BD"
"740",45192,"Grad"
"741",26909,"HS"
"742",27647,"AD"
"743",45104,"BD"
"744",52917,"Grad"
"745",31621,"HS"
"746",41198,"AD"
"747",59910,"BD"
"748",83248,"Grad"
"749",26429,"HS"
"750",32576,"AD"
"751",25469,"BD"
"752",61250,"Grad"
"753",23953,"HS"
"754",35396,"AD"
"755",47224,"BD"
"756",74658,"Grad"
"757",25681,"HS"
"758",28529,"AD"
"759",40898,"BD"
"760",55807,"Grad"
"761",33776,"HS"
"762",37438,"AD"
"763",49069,"BD"
"764",70978,"Grad"
"765",30502,"HS"
"766",34238,"AD"
"767",51000,"BD"
"768",56375,"Grad"
"769",32008,"HS"
"770",43664,"AD"
"771",64729,"BD"
"772",88554,"Grad"
"773",25634,"HS"
"774",28681,"AD"
"775",52167,"BD"
"776",61019,"Grad"
"777",31045,"HS"
"778",36215,"AD"
"779",63372,"BD"
"780",80167,"Grad"
"781",24940,"HS"
"782",31695,"AD"
"783",51830,"BD"
"784",68658,"Grad"
"785",25606,"HS"
"786",30805,"AD"
"787",45250,"BD"
"788",50521,"Grad"
"789",25987,"HS"
"790",26584,"AD"
"791",32465,"BD"
"792",51240,"Grad"
"793",26235,"HS"
"794",31902,"AD"
"795",44070,"BD"
"796",68026,"Grad"
"797",30098,"HS"
"798",32377,"AD"
"799",52526,"BD"
"800",54318,"Grad"
"801",26496,"HS"
"802",35393,"AD"
"803",55407,"BD"
"804",71847,"Grad"
"805",26368,"HS"
"806",32968,"AD"
"807",50884,"BD"
"808",76625,"Grad"
"809",22328,"HS"
"810",26611,"AD"
"811",38468,"BD"
"812",41901,"Grad"
"813",24909,"HS"
"814",37328,"AD"
"815",47058,"BD"
"816",50278,"Grad"
"817",26625,"HS"
"818",35824,"AD"
"819",51864,"BD"
"820",73546,"Grad"
"821",27330,"HS"
"822",32096,"AD"
"823",51384,"BD"
"824",61900,"Grad"
"825",29213,"HS"
"826",41090,"AD"
"827",63419,"BD"
"828",85429,"Grad"
"829",24033,"HS"
"830",37421,"AD"
"831",49087,"BD"
"832",61250,"Grad"
"833",25972,"HS"
"834",27620,"AD"
"835",33693,"BD"
"836",50453,"Grad"
"837",27048,"HS"
"838",31164,"AD"
"839",50062,"BD"
"840",70564,"Grad"
"841",18718,"HS"
"842",28440,"AD"
"843",23472,"BD"
"844",40368,"Grad"
"845",31056,"HS"
"846",27178,"AD"
"847",36374,"BD"
"848",35437,"Grad"
"849",27655,"HS"
"850",37206,"AD"
"851",51407,"BD"
"852",72665,"Grad"
"853",31037,"HS"
"854",40635,"AD"
"855",55415,"BD"
"856",78407,"Grad"
"857",29103,"HS"
"858",31751,"AD"
"859",38636,"BD"
"860",61480,"Grad"
"861",29813,"HS"
"862",41052,"AD"
"863",60827,"BD"
"864",84349,"Grad"
"865",33056,"HS"
"866",41216,"AD"
"867",63200,"BD"
"868",76932,"Grad"
"869",26469,"HS"
"870",31725,"AD"
"871",50046,"BD"
"872",50050,"Grad"
"873",29210,"HS"
"874",37446,"AD"
"875",53248,"BD"
"876",72417,"Grad"
"877",28349,"HS"
"878",36358,"AD"
"879",53605,"BD"
"880",73529,"Grad"
"881",34888,"HS"
"882",39136,"AD"
"883",64337,"BD"
"884",67992,"Grad"
"885",29877,"HS"
"886",37059,"AD"
"887",52489,"BD"
"888",71383,"Grad"
"889",29582,"HS"
"890",37124,"AD"
"891",53812,"BD"
"892",75230,"Grad"
"893",26589,"HS"
"894",37334,"AD"
"895",61408,"BD"
"896",84687,"Grad"
"897",29369,"HS"
"898",37218,"AD"
"899",52632,"BD"
"900",72590,"Grad"
"901",26973,"HS"
"902",35554,"AD"
"903",51995,"BD"
"904",64100,"Grad"
"905",31479,"HS"
"906",43977,"AD"
"907",63820,"BD"
"908",99254,"Grad"
"909",28817,"HS"
"910",36479,"AD"
"911",52960,"BD"
"912",68613,"Grad"
"913",30892,"HS"
"914",42209,"AD"
"915",73354,"BD"
"916",102488,"Grad"
"917",30482,"HS"
"918",38571,"AD"
"919",51961,"BD"
"920",66418,"Grad"
"921",26452,"HS"
"922",29986,"AD"
"923",45136,"BD"
"924",63219,"Grad"
"925",29281,"HS"
"926",39180,"AD"
"927",37656,"BD"
"928",21071,"Grad"
"929",22256,"HS"
"930",25398,"AD"
"931",35089,"BD"
"932",44669,"Grad"
"933",32755,"HS"
"934",42200,"AD"
"935",57829,"BD"
"936",75328,"Grad"
"937",31585,"HS"
"938",37561,"AD"
"939",52069,"BD"
"940",66380,"Grad"
"941",27821,"HS"
"942",35514,"AD"
"943",53695,"BD"
"944",72432,"Grad"
"945",25396,"HS"
"946",34665,"AD"
"947",53638,"BD"
"948",68993,"Grad"
"949",26712,"HS"
"950",27713,"AD"
"951",44388,"BD"
"952",54250,"Grad"
"953",18675,"HS"
"954",24490,"AD"
"955",30463,"BD"
"956",56818,"Grad"
"957",27102,"HS"
"958",31358,"AD"
"959",49921,"BD"
"960",70093,"Grad"
"961",23236,"HS"
"962",29531,"AD"
"963",45608,"BD"
"964",64306,"Grad"
"965",30709,"HS"
"966",40997,"AD"
"967",60054,"BD"
"968",84047,"Grad"
"969",29863,"HS"
"970",37665,"AD"
"971",52968,"BD"
"972",73859,"Grad"
"973",22827,"HS"
"974",34755,"AD"
"975",48153,"BD"
"976",69844,"Grad"
"977",31428,"HS"
"978",39256,"AD"
"979",51849,"BD"
"980",59211,"Grad"
"981",21185,"HS"
"982",25399,"AD"
"983",31453,"BD"
"984",52359,"Grad"
"985",30123,"HS"
"986",36626,"AD"
"987",49540,"BD"
"988",68026,"Grad"
"989",26515,"HS"
"990",22989,"AD"
"991",35293,"BD"
"992",49095,"Grad"
"993",20817,"HS"
"994",22269,"AD"
"995",31797,"BD"
"996",37697,"Grad"
"997",22702,"HS"
"998",24271,"AD"
"999",36750,"BD"
"1000",37500,"Grad"
"1001",27363,"HS"
"1002",35179,"AD"
"1003",46886,"BD"
"1004",65275,"Grad"
"1005",34288,"HS"
"1006",44150,"AD"
"1007",58486,"BD"
"1008",82163,"Grad"
"1009",22322,"HS"
"1010",26855,"AD"
"1011",32083,"BD"
"1012",39118,"Grad"
"1013",22353,"HS"
"1014",38375,"AD"
"1015",41635,"BD"
"1016",40313,"Grad"
"1017",26223,"HS"
"1018",36840,"AD"
"1019",53974,"BD"
"1020",62019,"Grad"
"1021",23071,"HS"
"1022",27426,"AD"
"1023",34375,"BD"
"1024",49375,"Grad"
"1025",21683,"HS"
"1026",25307,"AD"
"1027",20313,"BD"
"1028",11615,"Grad"
"1029",20208,"HS"
"1030",25809,"AD"
"1031",35469,"BD"
"1032",62857,"Grad"
"1033",24138,"HS"
"1034",18750,"AD"
"1035",29167,"BD"
"1036",51818,"Grad"
"1037",26567,"HS"
"1038",25128,"AD"
"1039",31735,"BD"
"1040",43750,"Grad"
"1041",26335,"HS"
"1042",31669,"AD"
"1043",46910,"BD"
"1044",62924,"Grad"
"1045",30250,"HS"
"1046",28750,"AD"
"1047",33750,"BD"
"1048",45750,"Grad"
"1049",37509,"HS"
"1050",45781,"AD"
"1051",67088,"BD"
"1052",79695,"Grad"
"1053",31238,"HS"
"1054",44051,"AD"
"1055",44442,"BD"
"1056",54894,"Grad"
"1057",36887,"HS"
"1058",38260,"AD"
"1059",53646,"BD"
"1060",73616,"Grad"
"1061",27226,"HS"
"1062",32417,"AD"
"1063",47151,"BD"
"1064",64711,"Grad"
"1065",22100,"HS"
"1066",27312,"AD"
"1067",31495,"BD"
"1068",45213,"Grad"
"1069",30924,"HS"
"1070",38890,"AD"
"1071",42901,"BD"
"1072",45000,"Grad"
"1073",29474,"HS"
"1074",31196,"AD"
"1075",50549,"BD"
"1076",63011,"Grad"
"1077",31664,"HS"
"1078",36886,"AD"
"1079",37926,"BD"
"1080",54654,"Grad"
"1081",31820,"HS"
"1082",26471,"AD"
"1083",32222,"BD"
"1084",48929,"Grad"
"1085",28889,"HS"
"1086",26364,"AD"
"1087",26000,"BD"
"1088",35833,"Grad"
"1089",25027,"HS"
"1090",21629,"AD"
"1091",37909,"BD"
"1092",12066,"Grad"
"1093",31250,"HS"
"1094",30321,"AD"
"1095",30000,"BD"
"1096",40750,"Grad"
"1097",33375,"HS"
"1098",38119,"AD"
"1099",55287,"BD"
"1100",69388,"Grad"
"1101",33125,"HS"
"1102",21800,"AD"
"1103",28854,"BD"
"1104",33571,"Grad"
"1105",29000,"HS"
"1106",28902,"AD"
"1107",32586,"BD"
"1108",46406,"Grad"
"1109",33238,"HS"
"1110",25000,"AD"
"1111",36146,"BD"
"1112",14730,"Grad"
"1113",27371,"HS"
"1114",30896,"AD"
"1115",38700,"BD"
"1116",47755,"Grad"
"1117",28110,"HS"
"1118",32050,"AD"
"1119",41383,"BD"
"1120",58481,"Grad"
"1121",24613,"HS"
"1122",30424,"AD"
"1123",35128,"BD"
"1124",41630,"Grad"
"1125",26987,"HS"
"1126",31542,"AD"
"1127",26300,"BD"
"1128",41591,"Grad"
"1129",25558,"HS"
"1130",30500,"AD"
"1131",35078,"BD"
"1132",43852,"Grad"
"1133",29805,"HS"
"1134",32479,"AD"
"1135",39834,"BD"
"1136",52163,"Grad"
"1137",15500,"HS"
"1138",18214,"AD"
"1139",33393,"BD"
"1140",35938,"Grad"
"1141",33383,"HS"
"1142",34234,"AD"
"1143",48393,"BD"
"1144",53036,"Grad"
"1145",25652,"HS"
"1146",25248,"AD"
"1147",39103,"BD"
"1148",53191,"Grad"
"1149",29956,"HS"
"1150",29388,"AD"
"1151",39735,"BD"
"1152",42601,"Grad"
"1153",24521,"HS"
"1154",30186,"AD"
"1155",36667,"BD"
"1156",46927,"Grad"
"1157",22393,"HS"
"1158",27390,"AD"
"1159",35459,"BD"
"1160",46667,"Grad"
"1161",16313,"HS"
"1162",24792,"AD"
"1163",36522,"BD"
"1164",50119,"Grad"
"1165",36209,"HS"
"1166",34855,"AD"
"1167",48750,"BD"
"1168",54663,"Grad"
"1169",27361,"HS"
"1170",26118,"AD"
"1171",38889,"BD"
"1172",43750,"Grad"
"1173",23980,"HS"
"1174",34167,"AD"
"1175",40810,"BD"
"1176",58188,"Grad"
"1177",22479,"HS"
"1178",27817,"AD"
"1179",37742,"BD"
"1180",41469,"Grad"
"1181",25569,"HS"
"1182",29872,"AD"
"1183",41066,"BD"
"1184",56543,"Grad"
"1185",41250,"HS"
"1186",36435,"AD"
"1187",45588,"BD"
"1188",43125,"Grad"
"1189",21989,"HS"
"1190",26225,"AD"
"1191",36068,"BD"
"1192",44875,"Grad"
"1193",34719,"HS"
"1194",32365,"AD"
"1195",37838,"BD"
"1196",53298,"Grad"
"1197",20754,"HS"
"1198",23276,"AD"
"1199",27361,"BD"
"1200",31964,"Grad"
"1201",14663,"HS"
"1202",30208,"AD"
"1203",26250,"BD"
"1204",32321,"Grad"
"1205",27023,"HS"
"1206",38009,"AD"
"1207",39412,"BD"
"1208",51477,"Grad"
"1209",25426,"HS"
"1210",26683,"AD"
"1211",36042,"BD"
"1212",51023,"Grad"
"1213",31840,"HS"
"1214",33561,"AD"
"1215",38822,"BD"
"1216",48289,"Grad"
"1217",26155,"HS"
"1218",35257,"AD"
"1219",44705,"BD"
"1220",49353,"Grad"
"1221",27065,"HS"
"1222",30231,"AD"
"1223",29375,"BD"
"1224",43036,"Grad"
"1225",31713,"HS"
"1226",36608,"AD"
"1227",44708,"BD"
"1228",57466,"Grad"
"1229",24161,"HS"
"1230",37108,"AD"
"1231",37393,"BD"
"1232",34632,"Grad"
"1233",32204,"HS"
"1234",41042,"AD"
"1235",65865,"BD"
"1236",90226,"Grad"
"1237",33158,"HS"
"1238",40119,"AD"
"1239",59113,"BD"
"1240",75311,"Grad"
"1241",37400,"HS"
"1242",41130,"AD"
"1243",53368,"BD"
"1244",70177,"Grad"
"1245",36854,"HS"
"1246",44126,"AD"
"1247",60365,"BD"
"1248",75019,"Grad"
"1249",33137,"HS"
"1250",40485,"AD"
"1251",55722,"BD"
"1252",70564,"Grad"
"1253",34126,"HS"
"1254",38939,"AD"
"1255",54239,"BD"
"1256",74738,"Grad"
"1257",39191,"HS"
"1258",42907,"AD"
"1259",60757,"BD"
"1260",74879,"Grad"
"1261",33314,"HS"
"1262",37357,"AD"
"1263",46954,"BD"
"1264",64921,"Grad"
"1265",29801,"HS"
"1266",36579,"AD"
"1267",46228,"BD"
"1268",61553,"Grad"
"1269",31837,"HS"
"1270",39674,"AD"
"1271",54382,"BD"
"1272",71473,"Grad"
"1273",27396,"HS"
"1274",31543,"AD"
"1275",41258,"BD"
"1276",56606,"Grad"
"1277",30690,"HS"
"1278",38536,"AD"
"1279",61590,"BD"
"1280",84058,"Grad"
"1281",25562,"HS"
"1282",30960,"AD"
"1283",42221,"BD"
"1284",51931,"Grad"
"1285",30655,"HS"
"1286",35019,"AD"
"1287",40729,"BD"
"1288",55905,"Grad"
"1289",26008,"HS"
"1290",30002,"AD"
"1291",42109,"BD"
"1292",52309,"Grad"
"1293",30243,"HS"
"1294",30914,"AD"
"1295",36786,"BD"
"1296",42543,"Grad"
"1297",24553,"HS"
"1298",30410,"AD"
"1299",47180,"BD"
"1300",66315,"Grad"
"1301",26477,"HS"
"1302",33198,"AD"
"1303",46443,"BD"
"1304",63025,"Grad"
"1305",20747,"HS"
"1306",32752,"AD"
"1307",37386,"BD"
"1308",41983,"Grad"
"1309",25555,"HS"
"1310",28174,"AD"
"1311",37556,"BD"
"1312",44070,"Grad"
"1313",21783,"HS"
"1314",26130,"AD"
"1315",38686,"BD"
"1316",52958,"Grad"
"1317",30342,"HS"
"1318",35289,"AD"
"1319",49071,"BD"
"1320",59934,"Grad"
"1321",25057,"HS"
"1322",31018,"AD"
"1323",43160,"BD"
"1324",59686,"Grad"
"1325",24377,"HS"
"1326",27000,"AD"
"1327",35657,"BD"
"1328",56673,"Grad"
"1329",21809,"HS"
"1330",27657,"AD"
"1331",40313,"BD"
"1332",38365,"Grad"
"1333",26692,"HS"
"1334",25840,"AD"
"1335",39650,"BD"
"1336",42432,"Grad"
"1337",27869,"HS"
"1338",33230,"AD"
"1339",45171,"BD"
"1340",60428,"Grad"
"1341",23760,"HS"
"1342",29398,"AD"
"1343",40481,"BD"
"1344",55651,"Grad"
"1345",25950,"HS"
"1346",29121,"AD"
"1347",41338,"BD"
"1348",54466,"Grad"
"1349",20938,"HS"
"1350",32083,"AD"
"1351",30076,"BD"
"1352",44821,"Grad"
"1353",25753,"HS"
"1354",30344,"AD"
"1355",42199,"BD"
"1356",46094,"Grad"
"1357",20884,"HS"
"1358",27035,"AD"
"1359",36622,"BD"
"1360",42917,"Grad"
"1361",19137,"HS"
"1362",33017,"AD"
"1363",33743,"BD"
"1364",53750,"Grad"
"1365",27804,"HS"
"1366",30788,"AD"
"1367",32353,"BD"
"1368",43616,"Grad"
"1369",28261,"HS"
"1370",27148,"AD"
"1371",44460,"BD"
"1372",56250,"Grad"
"1373",20776,"HS"
"1374",28620,"AD"
"1375",37746,"BD"
"1376",80280,"Grad"
"1377",20566,"HS"
"1378",27931,"AD"
"1379",41211,"BD"
"1380",52473,"Grad"
"1381",25124,"HS"
"1382",30278,"AD"
"1383",37928,"BD"
"1384",52036,"Grad"
"1385",20741,"HS"
"1386",25377,"AD"
"1387",36215,"BD"
"1388",47667,"Grad"
"1389",26616,"HS"
"1390",32727,"AD"
"1391",47377,"BD"
"1392",63195,"Grad"
"1393",25227,"HS"
"1394",30397,"AD"
"1395",43558,"BD"
"1396",45924,"Grad"
"1397",24101,"HS"
"1398",28206,"AD"
"1399",41377,"BD"
"1400",53057,"Grad"
"1401",23388,"HS"
"1402",29270,"AD"
"1403",41849,"BD"
"1404",51397,"Grad"
"1405",27445,"HS"
"1406",33295,"AD"
"1407",39602,"BD"
"1408",65694,"Grad"
"1409",26680,"HS"
"1410",25127,"AD"
"1411",40078,"BD"
"1412",53500,"Grad"
"1413",25431,"HS"
"1414",30514,"AD"
"1415",40975,"BD"
"1416",47853,"Grad"
"1417",24631,"HS"
"1418",30664,"AD"
"1419",42030,"BD"
"1420",53893,"Grad"
"1421",26175,"HS"
"1422",31533,"AD"
"1423",43207,"BD"
"1424",53904,"Grad"
"1425",24396,"HS"
"1426",26473,"AD"
"1427",35818,"BD"
"1428",46917,"Grad"
"1429",21250,"HS"
"1430",33875,"AD"
"1431",50982,"BD"
"1432",52771,"Grad"
"1433",21250,"HS"
"1434",25795,"AD"
"1435",36318,"BD"
"1436",49402,"Grad"
"1437",26411,"HS"
"1438",30926,"AD"
"1439",45570,"BD"
"1440",58994,"Grad"
"1441",24729,"HS"
"1442",26470,"AD"
"1443",40458,"BD"
"1444",56168,"Grad"
"1445",25118,"HS"
"1446",28407,"AD"
"1447",48545,"BD"
"1448",60231,"Grad"
"1449",22135,"HS"
"1450",30911,"AD"
"1451",41284,"BD"
"1452",58179,"Grad"
"1453",24780,"HS"
"1454",30200,"AD"
"1455",39267,"BD"
"1456",56973,"Grad"
"1457",31924,"HS"
"1458",32442,"AD"
"1459",41500,"BD"
"1460",65136,"Grad"
"1461",25522,"HS"
"1462",31600,"AD"
"1463",43606,"BD"
"1464",71928,"Grad"
"1465",25666,"HS"
"1466",31500,"AD"
"1467",41825,"BD"
"1468",46383,"Grad"
"1469",24241,"HS"
"1470",30586,"AD"
"1471",43462,"BD"
"1472",60292,"Grad"
"1473",23233,"HS"
"1474",29428,"AD"
"1475",38222,"BD"
"1476",53830,"Grad"
"1477",26516,"HS"
"1478",32926,"AD"
"1479",46397,"BD"
"1480",61631,"Grad"
"1481",25678,"HS"
"1482",31749,"AD"
"1483",45755,"BD"
"1484",54716,"Grad"
"1485",26680,"HS"
"1486",32240,"AD"
"1487",46280,"BD"
"1488",60896,"Grad"
"1489",26102,"HS"
"1490",31048,"AD"
"1491",42666,"BD"
"1492",52639,"Grad"
"1493",27204,"HS"
"1494",29504,"AD"
"1495",39018,"BD"
"1496",47821,"Grad"
"1497",28183,"HS"
"1498",33392,"AD"
"1499",51069,"BD"
"1500",73829,"Grad"
"1501",25313,"HS"
"1502",29881,"AD"
"1503",39369,"BD"
"1504",50986,"Grad"
"1505",27027,"HS"
"1506",33439,"AD"
"1507",45997,"BD"
"1508",62381,"Grad"
"1509",25378,"HS"
"1510",29171,"AD"
"1511",41540,"BD"
"1512",54055,"Grad"
"1513",27009,"HS"
"1514",33132,"AD"
"1515",46798,"BD"
"1516",63201,"Grad"
"1517",22260,"HS"
"1518",19964,"AD"
"1519",33038,"BD"
"1520",32500,"Grad"
"1521",23067,"HS"
"1522",29596,"AD"
"1523",36046,"BD"
"1524",55066,"Grad"
"1525",20543,"HS"
"1526",24547,"AD"
"1527",38750,"BD"
"1528",54635,"Grad"
"1529",29627,"HS"
"1530",29983,"AD"
"1531",52847,"BD"
"1532",36528,"Grad"
"1533",25341,"HS"
"1534",30031,"AD"
"1535",40510,"BD"
"1536",53358,"Grad"
"1537",29425,"HS"
"1538",36040,"AD"
"1539",38620,"BD"
"1540",57734,"Grad"
"1541",22471,"HS"
"1542",26940,"AD"
"1543",44066,"BD"
"1544",44327,"Grad"
"1545",22116,"HS"
"1546",25492,"AD"
"1547",36862,"BD"
"1548",51579,"Grad"
"1549",29155,"HS"
"1550",29038,"AD"
"1551",37485,"BD"
"1552",63239,"Grad"
"1553",25000,"HS"
"1554",28224,"AD"
"1555",31579,"BD"
"1556",76875,"Grad"
"1557",24831,"HS"
"1558",27667,"AD"
"1559",36042,"BD"
"1560",61897,"Grad"
"1561",27147,"HS"
"1562",38527,"AD"
"1563",28625,"BD"
"1564",25365,"HS"
"1565",27434,"AD"
"1566",40253,"BD"
"1567",52724,"Grad"
"1568",31602,"HS"
"1569",31621,"AD"
"1570",44590,"BD"
"1571",51433,"Grad"
"1572",32081,"HS"
"1573",35905,"AD"
"1574",44507,"BD"
"1575",54313,"Grad"
"1576",29754,"HS"
"1577",32354,"AD"
"1578",47169,"BD"
"1579",57294,"Grad"
"1580",24189,"HS"
"1581",25545,"AD"
"1582",55897,"BD"
"1583",44773,"Grad"
"1584",24342,"HS"
"1585",27532,"AD"
"1586",42131,"BD"
"1587",50260,"Grad"
"1588",23505,"HS"
"1589",28829,"AD"
"1590",43315,"BD"
"1591",64059,"Grad"
"1592",25500,"HS"
"1593",30972,"AD"
"1594",49942,"BD"
"1595",73170,"Grad"
"1596",30295,"HS"
"1597",29864,"AD"
"1598",33431,"BD"
"1599",46709,"Grad"
"1600",22303,"HS"
"1601",25411,"AD"
"1602",35125,"BD"
"1603",53864,"Grad"
"1604",32052,"HS"
"1605",35484,"AD"
"1606",56220,"BD"
"1607",48687,"Grad"
"1608",22447,"HS"
"1609",29034,"AD"
"1610",38096,"BD"
"1611",54483,"Grad"
"1612",25370,"HS"
"1613",27243,"AD"
"1614",34440,"BD"
"1615",60208,"Grad"
"1616",29641,"HS"
"1617",34626,"AD"
"1618",43616,"BD"
"1619",56521,"Grad"
"1620",22151,"HS"
"1621",26406,"AD"
"1622",46625,"BD"
"1623",63654,"Grad"
"1624",30300,"HS"
"1625",33603,"AD"
"1626",41478,"BD"
"1627",56406,"Grad"
"1628",23345,"HS"
"1629",28456,"AD"
"1630",48482,"BD"
"1631",33854,"Grad"
"1632",28287,"HS"
"1633",32431,"AD"
"1634",43191,"BD"
"1635",55201,"Grad"
"1636",27181,"HS"
"1637",32084,"AD"
"1638",47668,"BD"
"1639",52586,"Grad"
"1640",25852,"HS"
"1641",26178,"AD"
"1642",40242,"BD"
"1643",54653,"Grad"
"1644",25610,"HS"
"1645",31656,"AD"
"1646",43835,"BD"
"1647",54974,"Grad"
"1648",30229,"HS"
"1649",37069,"AD"
"1650",44596,"BD"
"1651",71750,"Grad"
"1652",27019,"HS"
"1653",30425,"AD"
"1654",44792,"BD"
"1655",53140,"Grad"
"1656",30406,"HS"
"1657",39672,"AD"
"1658",54903,"BD"
"1659",67556,"Grad"
"1660",23985,"HS"
"1661",27936,"AD"
"1662",32410,"BD"
"1663",48764,"Grad"
"1664",19205,"HS"
"1665",23958,"AD"
"1666",26111,"BD"
"1667",36250,"Grad"
"1668",26159,"HS"
"1669",30824,"AD"
"1670",40364,"BD"
"1671",53390,"Grad"
"1672",28550,"HS"
"1673",23654,"AD"
"1674",39286,"BD"
"1675",52175,"Grad"
"1676",26963,"HS"
"1677",34295,"AD"
"1678",54435,"BD"
"1679",68740,"Grad"
"1680",23877,"HS"
"1681",27778,"AD"
"1682",40755,"BD"
"1683",61103,"Grad"
"1684",22334,"HS"
"1685",27250,"AD"
"1686",43984,"BD"
"1687",58194,"Grad"
"1688",29781,"HS"
"1689",37429,"AD"
"1690",54929,"BD"
"1691",66421,"Grad"
"1692",26961,"HS"
"1693",25837,"AD"
"1694",38616,"BD"
"1695",52948,"Grad"
"1696",29150,"HS"
"1697",38851,"AD"
"1698",55129,"BD"
"1699",60027,"Grad"
"1700",23925,"HS"
"1701",40219,"AD"
"1702",46767,"BD"
"1703",53995,"Grad"
"1704",21825,"HS"
"1705",25887,"AD"
"1706",42951,"BD"
"1707",53095,"Grad"
"1708",25421,"HS"
"1709",26695,"AD"
"1710",41695,"BD"
"1711",54947,"Grad"
"1712",30794,"HS"
"1713",35947,"AD"
"1714",47917,"BD"
"1715",64500,"Grad"
"1716",24564,"HS"
"1717",25573,"AD"
"1718",43704,"BD"
"1719",55208,"Grad"
"1720",24531,"HS"
"1721",32056,"AD"
"1722",51329,"BD"
"1723",66244,"Grad"
"1724",27568,"HS"
"1725",33958,"AD"
"1726",48843,"BD"
"1727",62292,"Grad"
"1728",26139,"HS"
"1729",30404,"AD"
"1730",36002,"BD"
"1731",54432,"Grad"
"1732",21609,"HS"
"1733",25508,"AD"
"1734",37963,"BD"
"1735",52703,"Grad"
"1736",31516,"HS"
"1737",36496,"AD"
"1738",48444,"BD"
"1739",59854,"Grad"
"1740",23188,"HS"
"1741",28355,"AD"
"1742",42974,"BD"
"1743",54167,"Grad"
"1744",20963,"HS"
"1745",33229,"AD"
"1746",53068,"BD"
"1747",42989,"Grad"
"1748",33726,"HS"
"1749",39131,"AD"
"1750",52500,"BD"
"1751",53984,"Grad"
"1752",26737,"HS"
"1753",30568,"AD"
"1754",43512,"BD"
"1755",53264,"Grad"
"1756",21514,"HS"
"1757",27457,"AD"
"1758",40523,"BD"
"1759",56318,"Grad"
"1760",27304,"HS"
"1761",27426,"AD"
"1762",40368,"BD"
"1763",54500,"Grad"
"1764",22053,"HS"
"1765",31820,"AD"
"1766",40871,"BD"
"1767",65580,"Grad"
"1768",30503,"HS"
"1769",37758,"AD"
"1770",55539,"BD"
"1771",76459,"Grad"
"1772",26384,"HS"
"1773",29359,"AD"
"1774",43401,"BD"
"1775",56945,"Grad"
"1776",27114,"HS"
"1777",41281,"AD"
"1778",69082,"BD"
"1779",81824,"Grad"
"1780",25536,"HS"
"1781",31461,"AD"
"1782",43574,"BD"
"1783",52303,"Grad"
"1784",25053,"HS"
"1785",31657,"AD"
"1786",55288,"BD"
"1787",75504,"Grad"
"1788",21340,"HS"
"1789",29932,"AD"
"1790",32750,"BD"
"1791",51000,"Grad"
"1792",25595,"HS"
"1793",30680,"AD"
"1794",7258,"BD"
"1795",48553,"Grad"
"1796",28860,"HS"
"1797",30632,"AD"
"1798",46231,"BD"
"1799",58031,"Grad"
"1800",27234,"HS"
"1801",31421,"AD"
"1802",43958,"BD"
"1803",50256,"Grad"
"1804",27124,"HS"
"1805",30912,"AD"
"1806",41406,"BD"
"1807",53000,"Grad"
"1808",22257,"HS"
"1809",29375,"AD"
"1810",43875,"BD"
"1811",43958,"Grad"
"1812",27042,"HS"
"1813",35158,"AD"
"1814",50545,"BD"
"1815",63271,"Grad"
"1816",26770,"HS"
"1817",27547,"AD"
"1818",41650,"BD"
"1819",51149,"Grad"
"1820",27751,"HS"
"1821",33392,"AD"
"1822",48933,"BD"
"1823",60224,"Grad"
"1824",21100,"HS"
"1825",20597,"AD"
"1826",27679,"BD"
"1827",41500,"Grad"
"1828",30030,"HS"
"1829",28005,"AD"
"1830",45147,"BD"
"1831",57917,"Grad"
"1832",30213,"HS"
"1833",38071,"AD"
"1834",60146,"BD"
"1835",65539,"Grad"
"1836",25619,"HS"
"1837",22424,"AD"
"1838",48558,"BD"
"1839",56989,"Grad"
"1840",29607,"HS"
"1841",34036,"AD"
"1842",38372,"BD"
"1843",64886,"Grad"
"1844",32056,"HS"
"1845",38256,"AD"
"1846",50510,"BD"
"1847",63605,"Grad"
"1848",27524,"HS"
"1849",36408,"AD"
"1850",49937,"BD"
"1851",63710,"Grad"
"1852",26861,"HS"
"1853",21898,"AD"
"1854",52266,"BD"
"1855",55025,"Grad"
"1856",30128,"HS"
"1857",36888,"AD"
"1858",45294,"BD"
"1859",50388,"Grad"
"1860",23805,"HS"
"1861",35097,"AD"
"1862",46397,"BD"
"1863",44917,"Grad"
"1864",29017,"HS"
"1865",27646,"AD"
"1866",49398,"BD"
"1867",49875,"Grad"
"1868",28151,"HS"
"1869",28682,"AD"
"1870",40871,"BD"
"1871",59792,"Grad"
"1872",19477,"HS"
"1873",24816,"AD"
"1874",46944,"BD"
"1875",61375,"Grad"
"1876",22591,"HS"
"1877",28352,"AD"
"1878",42857,"BD"
"1879",41471,"Grad"
"1880",28838,"HS"
"1881",35024,"AD"
"1882",39239,"BD"
"1883",63030,"Grad"
"1884",26677,"HS"
"1885",32108,"AD"
"1886",40175,"BD"
"1887",52059,"Grad"
"1888",25114,"HS"
"1889",35250,"AD"
"1890",36118,"BD"
"1891",51305,"Grad"
"1892",26775,"HS"
"1893",30224,"AD"
"1894",45495,"BD"
"1895",54211,"Grad"
"1896",30477,"HS"
"1897",36037,"AD"
"1898",51734,"BD"
"1899",54720,"Grad"
"1900",28859,"HS"
"1901",31832,"AD"
"1902",41906,"BD"
"1903",55179,"Grad"
"1904",26667,"HS"
"1905",34760,"AD"
"1906",48125,"BD"
"1907",66250,"Grad"
"1908",27303,"HS"
"1909",32500,"AD"
"1910",45729,"BD"
"1911",70691,"Grad"
"1912",24413,"HS"
"1913",28796,"AD"
"1914",38763,"BD"
"1915",57188,"Grad"
"1916",23473,"HS"
"1917",29130,"AD"
"1918",40027,"BD"
"1919",56658,"Grad"
"1920",24194,"HS"
"1921",24770,"AD"
"1922",50625,"BD"
"1923",39817,"Grad"
"1924",27487,"HS"
"1925",19599,"AD"
"1926",51747,"BD"
"1927",48084,"Grad"
"1928",22751,"HS"
"1929",22797,"AD"
"1930",31064,"BD"
"1931",53807,"Grad"
"1932",30180,"HS"
"1933",30730,"AD"
"1934",41645,"BD"
"1935",45839,"Grad"
"1936",25375,"HS"
"1937",32424,"AD"
"1938",47560,"BD"
"1939",52727,"Grad"
"1940",27975,"HS"
"1941",27642,"AD"
"1942",31429,"BD"
"1943",38167,"Grad"
"1944",20295,"HS"
"1945",31438,"AD"
"1946",37125,"BD"
"1947",53906,"Grad"
"1948",24773,"HS"
"1949",31638,"AD"
"1950",51410,"BD"
"1951",54032,"Grad"
"1952",26800,"HS"
"1953",35158,"AD"
"1954",49937,"BD"
"1955",51912,"Grad"
"1956",26812,"HS"
"1957",28064,"AD"
"1958",42813,"BD"
"1959",51183,"Grad"
"1960",23661,"HS"
"1961",28009,"AD"
"1962",53634,"BD"
"1963",57763,"Grad"
"1964",27772,"HS"
"1965",30749,"AD"
"1966",47639,"BD"
"1967",53668,"Grad"
"1968",23585,"HS"
"1969",30214,"AD"
"1970",44686,"BD"
"1971",60554,"Grad"
"1972",30758,"HS"
"1973",31705,"AD"
"1974",42507,"BD"
"1975",53457,"Grad"
"1976",27629,"HS"
"1977",35166,"AD"
"1978",50712,"BD"
"1979",67928,"Grad"
"1980",30054,"HS"
"1981",31888,"AD"
"1982",38705,"BD"
"1983",56599,"Grad"
"1984",35462,"HS"
"1985",39166,"AD"
"1986",46631,"BD"
"1987",57549,"Grad"
"1988",24614,"HS"
"1989",30219,"AD"
"1990",49873,"BD"
"1991",66378,"Grad"
"1992",29869,"HS"
"1993",34149,"AD"
"1994",45625,"BD"
"1995",54750,"Grad"
"1996",27512,"HS"
"1997",28351,"AD"
"1998",48375,"BD"
"1999",44279,"Grad"
"2000",30596,"HS"
"2001",31595,"AD"
"2002",41506,"BD"
"2003",60750,"Grad"
"2004",27892,"HS"
"2005",30389,"AD"
"2006",39881,"BD"
"2007",60093,"Grad"
"2008",29423,"HS"
"2009",26389,"AD"
"2010",38242,"BD"
"2011",76316,"Grad"
"2012",26317,"HS"
"2013",24244,"AD"
"2014",44000,"BD"
"2015",62500,"Grad"
"2016",24118,"HS"
"2017",26544,"AD"
"2018",41250,"BD"
"2019",16828,"HS"
"2020",20734,"AD"
"2021",43333,"BD"
"2022",49531,"Grad"
"2023",26638,"HS"
"2024",24375,"AD"
"2025",44313,"BD"
"2026",46812,"Grad"
"2027",23612,"HS"
"2028",30036,"AD"
"2029",45740,"BD"
"2030",52086,"Grad"
"2031",28088,"HS"
"2032",34124,"AD"
"2033",46888,"BD"
"2034",60778,"Grad"
"2035",25300,"HS"
"2036",29722,"AD"
"2037",48672,"BD"
"2038",51538,"Grad"
"2039",25347,"HS"
"2040",30609,"AD"
"2041",46964,"BD"
"2042",64145,"Grad"
"2043",21520,"HS"
"2044",27339,"AD"
"2045",37000,"BD"
"2046",51406,"Grad"
"2047",27000,"HS"
"2048",30836,"AD"
"2049",45755,"BD"
"2050",53524,"Grad"
"2051",24803,"HS"
"2052",23452,"AD"
"2053",41925,"BD"
"2054",52262,"Grad"
"2055",22756,"HS"
"2056",32949,"AD"
"2057",39074,"BD"
"2058",40833,"Grad"
"2059",18186,"HS"
"2060",27424,"AD"
"2061",42621,"BD"
"2062",52192,"Grad"
"2063",24625,"HS"
"2064",30202,"AD"
"2065",43684,"BD"
"2066",42279,"Grad"
"2067",24323,"HS"
"2068",23125,"AD"
"2069",31786,"BD"
"2070",52917,"Grad"
"2071",21955,"HS"
"2072",28385,"AD"
"2073",50000,"BD"
"2074",45753,"Grad"
"2075",23351,"HS"
"2076",26266,"AD"
"2077",20781,"BD"
"2078",60268,"Grad"
"2079",24185,"HS"
"2080",30073,"AD"
"2081",38033,"BD"
"2082",49338,"Grad"
"2083",30286,"HS"
"2084",24543,"AD"
"2085",36316,"BD"
"2086",69338,"Grad"
"2087",25145,"HS"
"2088",30349,"AD"
"2089",40457,"BD"
"2090",59500,"Grad"
"2091",22552,"HS"
"2092",29908,"AD"
"2093",42215,"BD"
"2094",52818,"Grad"
"2095",22063,"HS"
"2096",32796,"AD"
"2097",41189,"BD"
"2098",54197,"Grad"
"2099",19274,"HS"
"2100",21210,"AD"
"2101",27888,"BD"
"2102",37042,"Grad"
"2103",29563,"HS"
"2104",30489,"AD"
"2105",37904,"BD"
"2106",50000,"Grad"
"2107",26976,"HS"
"2108",28808,"AD"
"2109",43239,"BD"
"2110",56884,"Grad"
"2111",22685,"HS"
"2112",29739,"AD"
"2113",50296,"BD"
"2114",68162,"Grad"
"2115",31494,"HS"
"2116",36635,"AD"
"2117",55529,"BD"
"2118",65990,"Grad"
"2119",19142,"HS"
"2120",26578,"AD"
"2121",40250,"BD"
"2122",67846,"Grad"
"2123",26644,"HS"
"2124",27774,"AD"
"2125",43406,"BD"
"2126",56190,"Grad"
"2127",26295,"HS"
"2128",29274,"AD"
"2129",39081,"BD"
"2130",57308,"Grad"
"2131",27837,"HS"
"2132",36222,"AD"
"2133",47312,"BD"
"2134",57156,"Grad"
"2135",25088,"HS"
"2136",30676,"AD"
"2137",37048,"BD"
"2138",58145,"Grad"
"2139",26515,"HS"
"2140",28958,"AD"
"2141",43125,"BD"
"2142",64900,"Grad"
"2143",26768,"HS"
"2144",25664,"AD"
"2145",45938,"BD"
"2146",47266,"Grad"
"2147",22636,"HS"
"2148",25234,"AD"
"2149",48505,"BD"
"2150",53924,"Grad"
"2151",27375,"HS"
"2152",32250,"AD"
"2153",39598,"BD"
"2154",39917,"Grad"
"2155",23563,"HS"
"2156",28482,"AD"
"2157",36942,"BD"
"2158",52024,"Grad"
"2159",24996,"HS"
"2160",31498,"AD"
"2161",37986,"BD"
"2162",62832,"Grad"
"2163",25849,"HS"
"2164",31162,"AD"
"2165",43477,"BD"
"2166",55452,"Grad"
"2167",22385,"HS"
"2168",27606,"AD"
"2169",29688,"BD"
"2170",60313,"Grad"
"2171",19900,"HS"
"2172",25541,"AD"
"2173",47000,"BD"
"2174",50714,"Grad"
"2175",28650,"HS"
"2176",26449,"AD"
"2177",53466,"BD"
"2178",49635,"Grad"
"2179",28464,"HS"
"2180",35465,"AD"
"2181",48935,"BD"
"2182",55443,"Grad"
"2183",27011,"HS"
"2184",30497,"AD"
"2185",42582,"BD"
"2186",53859,"Grad"
"2187",30548,"HS"
"2188",37442,"AD"
"2189",47924,"BD"
"2190",63742,"Grad"
"2191",6250,"HS"
"2192",73750,"AD"
"2193",58750,"BD"
"2194",52159,"Grad"
"2195",29679,"HS"
"2196",34433,"AD"
"2197",41942,"BD"
"2198",51269,"Grad"
"2199",30864,"HS"
"2200",33099,"AD"
"2201",42667,"BD"
"2202",52450,"Grad"
"2203",25840,"HS"
"2204",30270,"AD"
"2205",44853,"BD"
"2206",62572,"Grad"
"2207",18627,"HS"
"2208",14661,"AD"
"2209",44732,"BD"
"2210",42250,"Grad"
"2211",23620,"HS"
"2212",28043,"AD"
"2213",35289,"BD"
"2214",55158,"Grad"
"2215",25565,"HS"
"2216",21923,"AD"
"2217",38125,"BD"
"2218",50729,"Grad"
"2219",24119,"HS"
"2220",26204,"AD"
"2221",32379,"BD"
"2222",46080,"Grad"
"2223",22087,"HS"
"2224",30719,"AD"
"2225",37773,"BD"
"2226",57692,"Grad"
"2227",30190,"HS"
"2228",31109,"AD"
"2229",41649,"BD"
"2230",52321,"Grad"
"2231",26220,"HS"
"2232",29931,"AD"
"2233",44635,"BD"
"2234",73846,"Grad"
"2235",24965,"HS"
"2236",26341,"AD"
"2237",36905,"BD"
"2238",53768,"Grad"
"2239",21736,"HS"
"2240",28059,"AD"
"2241",42728,"BD"
"2242",82872,"Grad"
"2243",19864,"HS"
"2244",22231,"AD"
"2245",41684,"BD"
"2246",63471,"Grad"
"2247",25250,"HS"
"2248",17309,"AD"
"2249",40625,"BD"
"2250",26023,"Grad"
"2251",20781,"HS"
"2252",21563,"AD"
"2253",40556,"BD"
"2254",40625,"Grad"
"2255",22551,"HS"
"2256",27429,"AD"
"2257",37493,"BD"
"2258",57876,"Grad"
"2259",20487,"HS"
"2260",33542,"AD"
"2261",46434,"BD"
"2262",63594,"Grad"
"2263",25750,"HS"
"2264",24649,"AD"
"2265",36986,"BD"
"2266",55078,"Grad"
"2267",24671,"HS"
"2268",24821,"AD"
"2269",25179,"BD"
"2270",20469,"Grad"
"2271",21385,"HS"
"2272",22068,"AD"
"2273",40875,"BD"
"2274",78438,"Grad"
"2275",30417,"HS"
"2276",23672,"AD"
"2277",47440,"BD"
"2278",40754,"Grad"
"2279",23739,"HS"
"2280",32406,"AD"
"2281",37593,"BD"
"2282",60725,"Grad"
"2283",27371,"HS"
"2284",29677,"AD"
"2285",31780,"BD"
"2286",56339,"Grad"
"2287",28981,"HS"
"2288",24388,"AD"
"2289",42617,"BD"
"2290",41607,"Grad"
"2291",25813,"HS"
"2292",27168,"AD"
"2293",40795,"BD"
"2294",50302,"Grad"
"2295",26367,"HS"
"2296",26168,"AD"
"2297",36953,"BD"
"2298",43900,"Grad"
"2299",22598,"HS"
"2300",23847,"AD"
"2301",38333,"BD"
"2302",43125,"Grad"
"2303",25533,"HS"
"2304",29449,"AD"
"2305",40323,"BD"
"2306",58911,"Grad"
"2307",24699,"HS"
"2308",25761,"AD"
"2309",39896,"BD"
"2310",49250,"Grad"
"2311",26212,"HS"
"2312",27386,"AD"
"2313",40811,"BD"
"2314",52929,"Grad"
"2315",26895,"HS"
"2316",26853,"AD"
"2317",30911,"BD"
"2318",51071,"Grad"
"2319",17679,"HS"
"2320",22168,"AD"
"2321",23397,"BD"
"2322",39018,"Grad"
"2323",19234,"HS"
"2324",24076,"AD"
"2325",40185,"BD"
"2326",49167,"Grad"
"2327",24333,"HS"
"2328",22625,"AD"
"2329",43409,"BD"
"2330",21250,"Grad"
"2331",25436,"HS"
"2332",15021,"AD"
"2333",28750,"BD"
"2334",78500,"Grad"
"2335",25998,"HS"
"2336",30054,"AD"
"2337",34118,"BD"
"2338",50758,"Grad"
"2339",25899,"HS"
"2340",30640,"AD"
"2341",41091,"BD"
"2342",55122,"Grad"
"2343",28036,"HS"
"2344",21615,"AD"
"2345",41053,"BD"
"2346",49375,"Grad"
"2347",23822,"HS"
"2348",25676,"AD"
"2349",44934,"BD"
"2350",41354,"Grad"
"2351",26684,"HS"
"2352",26929,"AD"
"2353",36793,"BD"
"2354",50441,"Grad"
"2355",27655,"HS"
"2356",28967,"AD"
"2357",36473,"BD"
"2358",53750,"Grad"
"2359",24480,"HS"
"2360",25116,"AD"
"2361",32273,"BD"
"2362",38281,"Grad"
"2363",21523,"HS"
"2364",31885,"AD"
"2365",40938,"BD"
"2366",41773,"Grad"
"2367",26072,"HS"
"2368",26876,"AD"
"2369",37983,"BD"
"2370",53304,"Grad"
"2371",20293,"HS"
"2372",22228,"AD"
"2373",40438,"BD"
"2374",51875,"Grad"
"2375",19359,"HS"
"2376",24836,"AD"
"2377",32353,"BD"
"2378",55139,"Grad"
"2379",26485,"HS"
"2380",30815,"AD"
"2381",41537,"BD"
"2382",48736,"Grad"
"2383",25158,"HS"
"2384",22375,"AD"
"2385",40750,"BD"
"2386",30987,"Grad"
"2387",30363,"HS"
"2388",29238,"AD"
"2389",32349,"BD"
"2390",30694,"Grad"
"2391",30948,"HS"
"2392",37145,"AD"
"2393",54335,"BD"
"2394",74190,"Grad"
"2395",28565,"HS"
"2396",31863,"AD"
"2397",51563,"BD"
"2398",35300,"Grad"
"2399",27213,"HS"
"2400",31931,"AD"
"2401",39193,"BD"
"2402",52074,"Grad"
"2403",24342,"HS"
"2404",38750,"AD"
"2405",43667,"BD"
"2406",47500,"Grad"
"2407",28354,"HS"
"2408",29462,"AD"
"2409",37214,"BD"
"2410",56250,"Grad"
"2411",26440,"HS"
"2412",27059,"AD"
"2413",38081,"BD"
"2414",50714,"Grad"
"2415",27780,"HS"
"2416",32079,"AD"
"2417",38613,"BD"
"2418",51960,"Grad"
"2419",25831,"HS"
"2420",30824,"AD"
"2421",42802,"BD"
"2422",47813,"Grad"
"2423",26393,"HS"
"2424",30058,"AD"
"2425",41617,"BD"
"2426",48958,"Grad"
"2427",25921,"HS"
"2428",30000,"AD"
"2429",42852,"BD"
"2430",53125,"Grad"
"2431",31359,"HS"
"2432",36381,"AD"
"2433",47233,"BD"
"2434",58466,"Grad"
"2435",25236,"HS"
"2436",28117,"AD"
"2437",35856,"BD"
"2438",58271,"Grad"
"2439",27377,"HS"
"2440",34598,"AD"
"2441",52338,"BD"
"2442",67710,"Grad"
"2443",27306,"HS"
"2444",31840,"AD"
"2445",44741,"BD"
"2446",44236,"Grad"
"2447",23950,"HS"
"2448",35030,"AD"
"2449",44185,"BD"
"2450",47011,"Grad"
"2451",30892,"HS"
"2452",35548,"AD"
"2453",41794,"BD"
"2454",53600,"Grad"
"2455",31045,"HS"
"2456",34209,"AD"
"2457",50935,"BD"
"2458",67115,"Grad"
"2459",30832,"HS"
"2460",33271,"AD"
"2461",40865,"BD"
"2462",49314,"Grad"
"2463",31388,"HS"
"2464",39658,"AD"
"2465",56070,"BD"
"2466",78565,"Grad"
"2467",25674,"HS"
"2468",32157,"AD"
"2469",39150,"BD"
"2470",47083,"Grad"
"2471",26322,"HS"
"2472",31875,"AD"
"2473",40702,"BD"
"2474",37411,"Grad"
"2475",27993,"HS"
"2476",30718,"AD"
"2477",43208,"BD"
"2478",61094,"Grad"
"2479",27924,"HS"
"2480",27469,"AD"
"2481",39625,"BD"
"2482",55341,"Grad"
"2483",27809,"HS"
"2484",34345,"AD"
"2485",44767,"BD"
"2486",55579,"Grad"
"2487",23697,"HS"
"2488",27833,"AD"
"2489",39085,"BD"
"2490",52042,"Grad"
"2491",27357,"HS"
"2492",29930,"AD"
"2493",44065,"BD"
"2494",44609,"Grad"
"2495",26827,"HS"
"2496",27622,"AD"
"2497",43750,"BD"
"2498",48125,"Grad"
"2499",27178,"HS"
"2500",28701,"AD"
"2501",41591,"BD"
"2502",53103,"Grad"
"2503",31938,"HS"
"2504",41493,"AD"
"2505",52506,"BD"
"2506",62813,"Grad"
"2507",25475,"HS"
"2508",30440,"AD"
"2509",38902,"BD"
"2510",50976,"Grad"
"2511",27072,"HS"
"2512",30897,"AD"
"2513",36883,"BD"
"2514",43333,"Grad"
"2515",24828,"HS"
"2516",27760,"AD"
"2517",47292,"BD"
"2518",68438,"Grad"
"2519",28582,"HS"
"2520",32432,"AD"
"2521",43112,"BD"
"2522",58750,"Grad"
"2523",28689,"HS"
"2524",32208,"AD"
"2525",45929,"BD"
"2526",63590,"Grad"
"2527",27321,"HS"
"2528",32066,"AD"
"2529",44734,"BD"
"2530",49643,"Grad"
"2531",24000,"HS"
"2532",22904,"AD"
"2533",31071,"BD"
"2534",47595,"Grad"
"2535",22993,"HS"
"2536",30951,"AD"
"2537",37115,"BD"
"2538",53214,"Grad"
"2539",26414,"HS"
"2540",26486,"AD"
"2541",40243,"BD"
"2542",60917,"Grad"
"2543",29225,"HS"
"2544",32351,"AD"
"2545",43162,"BD"
"2546",48653,"Grad"
"2547",27306,"HS"
"2548",30064,"AD"
"2549",38185,"BD"
"2550",45542,"Grad"
"2551",25777,"HS"
"2552",27384,"AD"
"2553",47667,"BD"
"2554",59194,"Grad"
"2555",29072,"HS"
"2556",39128,"AD"
"2557",55768,"BD"
"2558",72973,"Grad"
"2559",28734,"HS"
"2560",36949,"AD"
"2561",43072,"BD"
"2562",58856,"Grad"
"2563",37516,"HS"
"2564",42879,"AD"
"2565",57431,"BD"
"2566",67678,"Grad"
"2567",24131,"HS"
"2568",29717,"AD"
"2569",41213,"BD"
"2570",46566,"Grad"
"2571",31275,"HS"
"2572",40535,"AD"
"2573",61882,"BD"
"2574",86092,"Grad"
"2575",28464,"HS"
"2576",33380,"AD"
"2577",44188,"BD"
"2578",59115,"Grad"
"2579",25320,"HS"
"2580",27756,"AD"
"2581",40455,"BD"
"2582",54038,"Grad"
"2583",29775,"HS"
"2584",33042,"AD"
"2585",48673,"BD"
"2586",56667,"Grad"
"2587",30326,"HS"
"2588",38107,"AD"
"2589",43896,"BD"
"2590",51780,"Grad"
"2591",25701,"HS"
"2592",32641,"AD"
"2593",48873,"BD"
"2594",52288,"Grad"
"2595",21830,"HS"
"2596",26258,"AD"
"2597",37944,"BD"
"2598",48779,"Grad"
"2599",32873,"HS"
"2600",40949,"AD"
"2601",58569,"BD"
"2602",69857,"Grad"
"2603",29642,"HS"
"2604",35264,"AD"
"2605",54160,"BD"
"2606",62114,"Grad"
"2607",27035,"HS"
"2608",33044,"AD"
"2609",48632,"BD"
"2610",64059,"Grad"
"2611",27794,"HS"
"2612",32197,"AD"
"2613",40406,"BD"
"2614",52417,"Grad"
"2615",29135,"HS"
"2616",36407,"AD"
"2617",49759,"BD"
"2618",59448,"Grad"
"2619",25149,"HS"
"2620",29977,"AD"
"2621",43087,"BD"
"2622",49875,"Grad"
"2623",27945,"HS"
"2624",32708,"AD"
"2625",42310,"BD"
"2626",41339,"Grad"
"2627",26453,"HS"
"2628",31896,"AD"
"2629",42870,"BD"
"2630",57167,"Grad"
"2631",26479,"HS"
"2632",29688,"AD"
"2633",38000,"BD"
"2634",50761,"Grad"
"2635",28931,"HS"
"2636",41212,"AD"
"2637",50119,"BD"
"2638",50640,"Grad"
"2639",30315,"HS"
"2640",34614,"AD"
"2641",43145,"BD"
"2642",50000,"Grad"
"2643",34052,"HS"
"2644",38420,"AD"
"2645",56625,"BD"
"2646",69137,"Grad"
"2647",25595,"HS"
"2648",30577,"AD"
"2649",44008,"BD"
"2650",59464,"Grad"
"2651",27122,"HS"
"2652",29221,"AD"
"2653",40403,"BD"
"2654",52946,"Grad"
"2655",30977,"HS"
"2656",32143,"AD"
"2657",41524,"BD"
"2658",38646,"Grad"
"2659",30492,"HS"
"2660",33582,"AD"
"2661",44650,"BD"
"2662",58189,"Grad"
"2663",25536,"HS"
"2664",31833,"AD"
"2665",49170,"BD"
"2666",65175,"Grad"
"2667",26486,"HS"
"2668",30376,"AD"
"2669",41209,"BD"
"2670",38222,"Grad"
"2671",29224,"HS"
"2672",35385,"AD"
"2673",47868,"BD"
"2674",58345,"Grad"
"2675",28852,"HS"
"2676",27588,"AD"
"2677",39250,"BD"
"2678",40231,"Grad"
"2679",24200,"HS"
"2680",29125,"AD"
"2681",21250,"BD"
"2682",50192,"Grad"
"2683",23598,"HS"
"2684",25960,"AD"
"2685",39000,"BD"
"2686",64079,"Grad"
"2687",29453,"HS"
"2688",31960,"AD"
"2689",45833,"BD"
"2690",48750,"Grad"
"2691",27568,"HS"
"2692",32545,"AD"
"2693",40193,"BD"
"2694",54000,"Grad"
"2695",26260,"HS"
"2696",31364,"AD"
"2697",38333,"BD"
"2698",44357,"Grad"
"2699",26361,"HS"
"2700",31071,"AD"
"2701",44068,"BD"
"2702",65669,"Grad"
"2703",26146,"HS"
"2704",32379,"AD"
"2705",50328,"BD"
"2706",67200,"Grad"
"2707",27166,"HS"
"2708",27938,"AD"
"2709",44634,"BD"
"2710",54103,"Grad"
"2711",27170,"HS"
"2712",34797,"AD"
"2713",50148,"BD"
"2714",63185,"Grad"
"2715",29315,"HS"
"2716",31344,"AD"
"2717",36239,"BD"
"2718",40417,"Grad"
"2719",30268,"HS"
"2720",33299,"AD"
"2721",40179,"BD"
"2722",48125,"Grad"
"2723",27485,"HS"
"2724",33261,"AD"
"2725",39213,"BD"
"2726",52843,"Grad"
"2727",26641,"HS"
"2728",30636,"AD"
"2729",40163,"BD"
"2730",54000,"Grad"
"2731",24524,"HS"
"2732",29735,"AD"
"2733",41466,"BD"
"2734",52248,"Grad"
"2735",28700,"HS"
"2736",35225,"AD"
"2737",50092,"BD"
"2738",60549,"Grad"
"2739",26917,"HS"
"2740",31014,"AD"
"2741",39916,"BD"
"2742",45260,"Grad"
"2743",28783,"HS"
"2744",31318,"AD"
"2745",41507,"BD"
"2746",46031,"Grad"
"2747",27961,"HS"
"2748",28194,"AD"
"2749",40365,"BD"
"2750",42096,"Grad"
"2751",24378,"HS"
"2752",29428,"AD"
"2753",39091,"BD"
"2754",57019,"Grad"
"2755",32500,"HS"
"2756",31368,"AD"
"2757",45375,"BD"
"2758",49653,"Grad"
"2759",31014,"HS"
"2760",30673,"AD"
"2761",34214,"BD"
"2762",48438,"Grad"
"2763",24847,"HS"
"2764",30254,"AD"
"2765",39469,"BD"
"2766",45139,"Grad"
"2767",26999,"HS"
"2768",31008,"AD"
"2769",44045,"BD"
"2770",51962,"Grad"
"2771",31893,"HS"
"2772",40708,"AD"
"2773",55630,"BD"
"2774",72869,"Grad"
"2775",24124,"HS"
"2776",27406,"AD"
"2777",40442,"BD"
"2778",57321,"Grad"
"2779",27415,"HS"
"2780",32040,"AD"
"2781",47109,"BD"
"2782",62675,"Grad"
"2783",31939,"HS"
"2784",40106,"AD"
"2785",49831,"BD"
"2786",65164,"Grad"
"2787",28109,"HS"
"2788",32613,"AD"
"2789",37944,"BD"
"2790",51292,"Grad"
"2791",28995,"HS"
"2792",33219,"AD"
"2793",45624,"BD"
"2794",62337,"Grad"
"2795",27269,"HS"
"2796",32626,"AD"
"2797",51877,"BD"
"2798",71284,"Grad"
"2799",27325,"HS"
"2800",30313,"AD"
"2801",42820,"BD"
"2802",54896,"Grad"
"2803",26792,"HS"
"2804",31680,"AD"
"2805",42143,"BD"
"2806",31953,"Grad"
"2807",29455,"HS"
"2808",39535,"AD"
"2809",59180,"BD"
"2810",80685,"Grad"
"2811",25570,"HS"
"2812",27139,"AD"
"2813",31910,"BD"
"2814",66360,"Grad"
"2815",27781,"HS"
"2816",32418,"AD"
"2817",44637,"BD"
"2818",60743,"Grad"
"2819",25506,"HS"
"2820",29424,"AD"
"2821",40014,"BD"
"2822",59000,"Grad"
"2823",29128,"HS"
"2824",35422,"AD"
"2825",45291,"BD"
"2826",59439,"Grad"
"2827",26175,"HS"
"2828",32626,"AD"
"2829",42292,"BD"
"2830",57602,"Grad"
"2831",28567,"HS"
"2832",30672,"AD"
"2833",46613,"BD"
"2834",51667,"Grad"
"2835",25755,"HS"
"2836",25838,"AD"
"2837",44313,"BD"
"2838",56790,"Grad"
"2839",28369,"HS"
"2840",34034,"AD"
"2841",45103,"BD"
"2842",52039,"Grad"
"2843",32032,"HS"
"2844",36261,"AD"
"2845",47398,"BD"
"2846",58079,"Grad"
"2847",28425,"HS"
"2848",31888,"AD"
"2849",42344,"BD"
"2850",61303,"Grad"
"2851",27595,"HS"
"2852",31843,"AD"
"2853",46722,"BD"
"2854",54067,"Grad"
"2855",24656,"HS"
"2856",28169,"AD"
"2857",40261,"BD"
"2858",52694,"Grad"
"2859",29880,"HS"
"2860",34623,"AD"
"2861",47026,"BD"
"2862",62843,"Grad"
"2863",28914,"HS"
"2864",30889,"AD"
"2865",40539,"BD"
"2866",54400,"Grad"
"2867",22388,"HS"
"2868",29628,"AD"
"2869",43682,"BD"
"2870",53844,"Grad"
"2871",28551,"HS"
"2872",35806,"AD"
"2873",51986,"BD"
"2874",65146,"Grad"
"2875",28966,"HS"
"2876",34480,"AD"
"2877",47037,"BD"
"2878",59432,"Grad"
"2879",30163,"HS"
"2880",35641,"AD"
"2881",49390,"BD"
"2882",51213,"Grad"
"2883",29559,"HS"
"2884",33131,"AD"
"2885",39365,"BD"
"2886",55986,"Grad"
"2887",28839,"HS"
"2888",35546,"AD"
"2889",42465,"BD"
"2890",56111,"Grad"
"2891",25439,"HS"
"2892",28077,"AD"
"2893",37088,"BD"
"2894",53517,"Grad"
"2895",29171,"HS"
"2896",31989,"AD"
"2897",39608,"BD"
"2898",61360,"Grad"
"2899",30113,"HS"
"2900",38177,"AD"
"2901",56224,"BD"
"2902",74686,"Grad"
"2903",31801,"HS"
"2904",40528,"AD"
"2905",51190,"BD"
"2906",67000,"Grad"
"2907",30389,"HS"
"2908",32197,"AD"
"2909",43575,"BD"
"2910",55435,"Grad"
"2911",32036,"HS"
"2912",38650,"AD"
"2913",53696,"BD"
"2914",65933,"Grad"
"2915",28401,"HS"
"2916",28474,"AD"
"2917",40036,"BD"
"2918",54738,"Grad"
"2919",25865,"HS"
"2920",31504,"AD"
"2921",44566,"BD"
"2922",59406,"Grad"
"2923",27701,"HS"
"2924",32980,"AD"
"2925",43422,"BD"
"2926",51812,"Grad"
"2927",29282,"HS"
"2928",32181,"AD"
"2929",46250,"BD"
"2930",63828,"Grad"
"2931",31890,"HS"
"2932",37564,"AD"
"2933",43182,"BD"
"2934",54813,"Grad"
"2935",26286,"HS"
"2936",30873,"AD"
"2937",38403,"BD"
"2938",57070,"Grad"
"2939",24597,"HS"
"2940",31427,"AD"
"2941",45231,"BD"
"2942",55023,"Grad"
"2943",28371,"HS"
"2944",31663,"AD"
"2945",51686,"BD"
"2946",54313,"Grad"
"2947",31132,"HS"
"2948",38431,"AD"
"2949",52640,"BD"
"2950",70827,"Grad"
"2951",25884,"HS"
"2952",30800,"AD"
"2953",40950,"BD"
"2954",55298,"Grad"
"2955",28873,"HS"
"2956",31396,"AD"
"2957",42332,"BD"
"2958",59615,"Grad"
"2959",29610,"HS"
"2960",31272,"AD"
"2961",40991,"BD"
"2962",58371,"Grad"
"2963",29501,"HS"
"2964",32997,"AD"
"2965",47865,"BD"
"2966",63203,"Grad"
"2967",29143,"HS"
"2968",32779,"AD"
"2969",44857,"BD"
"2970",55305,"Grad"
"2971",26735,"HS"
"2972",30152,"AD"
"2973",44131,"BD"
"2974",62986,"Grad"
"2975",25904,"HS"
"2976",30958,"AD"
"2977",43376,"BD"
"2978",50677,"Grad"
"2979",25825,"HS"
"2980",30869,"AD"
"2981",43832,"BD"
"2982",59944,"Grad"
"2983",29418,"HS"
"2984",30880,"AD"
"2985",40863,"BD"
"2986",56019,"Grad"
"2987",27595,"HS"
"2988",33151,"AD"
"2989",41326,"BD"
"2990",49514,"Grad"
"2991",23560,"HS"
"2992",30046,"AD"
"2993",41170,"BD"
"2994",49536,"Grad"
"2995",27019,"HS"
"2996",28400,"AD"
"2997",35066,"BD"
"2998",45359,"Grad"
"2999",29547,"HS"
"3000",29730,"AD"
"3001",41162,"BD"
"3002",52652,"Grad"
"3003",30719,"HS"
"3004",37565,"AD"
"3005",52649,"BD"
"3006",62589,"Grad"
"3007",28886,"HS"
"3008",35938,"AD"
"3009",42867,"BD"
"3010",49659,"Grad"
"3011",30063,"HS"
"3012",33870,"AD"
"3013",39443,"BD"
"3014",56109,"Grad"
"3015",27139,"HS"
"3016",36571,"AD"
"3017",60682,"BD"
"3018",58563,"Grad"
"3019",25327,"HS"
"3020",31066,"AD"
"3021",35987,"BD"
"3022",50387,"Grad"
"3023",27159,"HS"
"3024",31118,"AD"
"3025",42857,"BD"
"3026",42454,"Grad"
"3027",26318,"HS"
"3028",33234,"AD"
"3029",36333,"BD"
"3030",33393,"Grad"
"3031",31410,"HS"
"3032",34138,"AD"
"3033",42500,"BD"
"3034",60347,"Grad"
"3035",29978,"HS"
"3036",30907,"AD"
"3037",34226,"BD"
"3038",42578,"Grad"
"3039",31384,"HS"
"3040",38231,"AD"
"3041",45317,"BD"
"3042",63756,"Grad"
"3043",32107,"HS"
"3044",38767,"AD"
"3045",43485,"BD"
"3046",58563,"Grad"
"3047",27515,"HS"
"3048",30323,"AD"
"3049",40000,"BD"
"3050",57823,"Grad"
"3051",27239,"HS"
"3052",33433,"AD"
"3053",43542,"BD"
"3054",60239,"Grad"
"3055",25000,"HS"
"3056",27353,"AD"
"3057",40029,"BD"
"3058",50779,"Grad"
"3059",29356,"HS"
"3060",32972,"AD"
"3061",48143,"BD"
"3062",65741,"Grad"
"3063",30033,"HS"
"3064",33910,"AD"
"3065",44831,"BD"
"3066",52681,"Grad"
"3067",25798,"HS"
"3068",30527,"AD"
"3069",41622,"BD"
"3070",57578,"Grad"
"3071",27991,"HS"
"3072",31176,"AD"
"3073",36806,"BD"
"3074",50556,"Grad"
"3075",31513,"HS"
"3076",32870,"AD"
"3077",50606,"BD"
"3078",58171,"Grad"
"3079",30363,"HS"
"3080",36069,"AD"
"3081",45990,"BD"
"3082",48314,"Grad"
"3083",26742,"HS"
"3084",30838,"AD"
"3085",37813,"BD"
"3086",48919,"Grad"
"3087",26265,"HS"
"3088",27500,"AD"
"3089",44097,"BD"
"3090",58657,"Grad"
"3091",26131,"HS"
"3092",32256,"AD"
"3093",49740,"BD"
"3094",65776,"Grad"
"3095",29417,"HS"
"3096",26859,"AD"
"3097",39545,"BD"
"3098",24167,"Grad"
"3099",26733,"HS"
"3100",32118,"AD"
"3101",40345,"BD"
"3102",54675,"Grad"
"3103",28954,"HS"
"3104",28140,"AD"
"3105",44475,"BD"
"3106",52907,"Grad"
"3107",30788,"HS"
"3108",28482,"AD"
"3109",37585,"BD"
"3110",59875,"Grad"
"3111",27101,"HS"
"3112",31679,"AD"
"3113",42316,"BD"
"3114",55720,"Grad"
"3115",25647,"HS"
"3116",27511,"AD"
"3117",50109,"BD"
"3118",55152,"Grad"
"3119",26339,"HS"
"3120",27160,"AD"
"3121",38290,"BD"
"3122",57698,"Grad"
"3123",27258,"HS"
"3124",28066,"AD"
"3125",38263,"BD"
"3126",51615,"Grad"
"3127",29375,"HS"
"3128",36050,"AD"
"3129",56630,"BD"
"3130",44167,"Grad"
"3131",27788,"HS"
"3132",32660,"AD"
"3133",49982,"BD"
"3134",64393,"Grad"
"3135",25513,"HS"
"3136",29321,"AD"
"3137",39655,"BD"
"3138",56838,"Grad"
"3139",25394,"HS"
"3140",30570,"AD"
"3141",42492,"BD"
"3142",59049,"Grad"
"3143",28196,"HS"
"3144",31616,"AD"
"3145",41161,"BD"
"3146",59071,"Grad"
"3147",25621,"HS"
"3148",30536,"AD"
"3149",38147,"BD"
"3150",55952,"Grad"
"3151",28227,"HS"
"3152",33790,"AD"
"3153",42886,"BD"
"3154",56484,"Grad"
"3155",29696,"HS"
"3156",33351,"AD"
"3157",37069,"BD"
"3158",49231,"Grad"
"3159",27258,"HS"
"3160",30408,"AD"
"3161",37024,"BD"
"3162",43000,"Grad"
"3163",23327,"HS"
"3164",27247,"AD"
"3165",32484,"BD"
"3166",52563,"Grad"
"3167",22632,"HS"
"3168",25694,"AD"
"3169",34479,"BD"
"3170",45481,"Grad"
"3171",25253,"HS"
"3172",33900,"AD"
"3173",44100,"BD"
"3174",60417,"Grad"
"3175",29784,"HS"
"3176",36196,"AD"
"3177",48958,"BD"
"3178",61089,"Grad"
"3179",26751,"HS"
"3180",29177,"AD"
"3181",41331,"BD"
"3182",56956,"Grad"
"3183",28575,"HS"
"3184",35210,"AD"
"3185",41857,"BD"
"3186",61625,"Grad"
"3187",31311,"HS"
"3188",35336,"AD"
"3189",41934,"BD"
"3190",55804,"Grad"
"3191",31775,"HS"
"3192",29883,"AD"
"3193",38166,"BD"
"3194",53175,"Grad"
"3195",26518,"HS"
"3196",28784,"AD"
"3197",37942,"BD"
"3198",50741,"Grad"
"3199",31039,"HS"
"3200",31619,"AD"
"3201",34966,"BD"
"3202",52361,"Grad"
"3203",26667,"HS"
"3204",29129,"AD"
"3205",37692,"BD"
"3206",43529,"Grad"
"3207",30350,"HS"
"3208",30423,"AD"
"3209",39352,"BD"
"3210",58063,"Grad"
"3211",23075,"HS"
"3212",27388,"AD"
"3213",36453,"BD"
"3214",57740,"Grad"
"3215",31768,"HS"
"3216",34404,"AD"
"3217",44411,"BD"
"3218",54565,"Grad"
"3219",24060,"HS"
"3220",31043,"AD"
"3221",42212,"BD"
"3222",58100,"Grad"
"3223",24855,"HS"
"3224",31349,"AD"
"3225",40243,"BD"
"3226",58466,"Grad"
"3227",28738,"HS"
"3228",30315,"AD"
"3229",39484,"BD"
"3230",53398,"Grad"
"3231",29770,"HS"
"3232",24693,"AD"
"3233",31429,"BD"
"3234",57384,"Grad"
"3235",27878,"HS"
"3236",31929,"AD"
"3237",45511,"BD"
"3238",51023,"Grad"
"3239",26818,"HS"
"3240",29950,"AD"
"3241",33419,"BD"
"3242",45372,"Grad"
"3243",30934,"HS"
"3244",30016,"AD"
"3245",43031,"BD"
"3246",58645,"Grad"
"3247",30420,"HS"
"3248",31437,"AD"
"3249",40525,"BD"
"3250",45417,"Grad"
"3251",31189,"HS"
"3252",40957,"AD"
"3253",53944,"BD"
"3254",73321,"Grad"
"3255",23788,"HS"
"3256",28347,"AD"
"3257",39938,"BD"
"3258",47778,"Grad"
"3259",28083,"HS"
"3260",26024,"AD"
"3261",35474,"BD"
"3262",41554,"Grad"
"3263",29846,"HS"
"3264",31295,"AD"
"3265",43636,"BD"
"3266",49338,"Grad"
"3267",25839,"HS"
"3268",28255,"AD"
"3269",37133,"BD"
"3270",57347,"Grad"
"3271",27685,"HS"
"3272",29277,"AD"
"3273",40205,"BD"
"3274",55658,"Grad"
"3275",26574,"HS"
"3276",31173,"AD"
"3277",41794,"BD"
"3278",53501,"Grad"
"3279",26105,"HS"
"3280",33725,"AD"
"3281",47143,"BD"
"3282",47500,"Grad"
"3283",25102,"HS"
"3284",27391,"AD"
"3285",35294,"BD"
"3286",50762,"Grad"
"3287",24265,"HS"
"3288",33527,"AD"
"3289",37083,"BD"
"3290",58125,"Grad"
"3291",27404,"HS"
"3292",30971,"AD"
"3293",41964,"BD"
"3294",46094,"Grad"
"3295",28225,"HS"
"3296",32440,"AD"
"3297",39464,"BD"
"3298",50577,"Grad"
"3299",26197,"HS"
"3300",31100,"AD"
"3301",44333,"BD"
"3302",46838,"Grad"
"3303",30593,"HS"
"3304",32689,"AD"
"3305",41875,"BD"
"3306",58355,"Grad"
"3307",27454,"HS"
"3308",31713,"AD"
"3309",36765,"BD"
"3310",60114,"Grad"
"3311",27114,"HS"
"3312",32278,"AD"
"3313",42861,"BD"
"3314",61275,"Grad"
"3315",29435,"HS"
"3316",32829,"AD"
"3317",42117,"BD"
"3318",45982,"Grad"
"3319",26702,"HS"
"3320",28220,"AD"
"3321",44324,"BD"
"3322",55938,"Grad"
"3323",29063,"HS"
"3324",34024,"AD"
"3325",51641,"BD"
"3326",55406,"Grad"
"3327",27045,"HS"
"3328",29809,"AD"
"3329",42781,"BD"
"3330",54856,"Grad"
"3331",29416,"HS"
"3332",27544,"AD"
"3333",42159,"BD"
"3334",25962,"Grad"
"3335",28301,"HS"
"3336",31513,"AD"
"3337",39044,"BD"
"3338",59338,"Grad"
"3339",27500,"HS"
"3340",29347,"AD"
"3341",43958,"BD"
"3342",51667,"Grad"
"3343",32140,"HS"
"3344",33733,"AD"
"3345",39742,"BD"
"3346",56161,"Grad"
"3347",25952,"HS"
"3348",29840,"AD"
"3349",43646,"BD"
"3350",47366,"Grad"
"3351",29428,"HS"
"3352",31518,"AD"
"3353",45599,"BD"
"3354",56940,"Grad"
"3355",23345,"HS"
"3356",29477,"AD"
"3357",32808,"BD"
"3358",45098,"Grad"
"3359",27384,"HS"
"3360",32170,"AD"
"3361",40957,"BD"
"3362",56943,"Grad"
"3363",30999,"HS"
"3364",31768,"AD"
"3365",40180,"BD"
"3366",57083,"Grad"
"3367",25974,"HS"
"3368",31604,"AD"
"3369",31990,"BD"
"3370",53385,"Grad"
"3371",25854,"HS"
"3372",30457,"AD"
"3373",39167,"BD"
"3374",54432,"Grad"
"3375",26364,"HS"
"3376",27406,"AD"
"3377",35303,"BD"
"3378",62849,"Grad"
"3379",29161,"HS"
"3380",34811,"AD"
"3381",51403,"BD"
"3382",64407,"Grad"
"3383",26637,"HS"
"3384",30454,"AD"
"3385",51705,"BD"
"3386",45962,"Grad"
"3387",27478,"HS"
"3388",30486,"AD"
"3389",46023,"BD"
"3390",71094,"Grad"
"3391",26857,"HS"
"3392",30481,"AD"
"3393",40333,"BD"
"3394",53400,"Grad"
"3395",25675,"HS"
"3396",36177,"AD"
"3397",49583,"BD"
"3398",60625,"Grad"
"3399",29598,"HS"
"3400",32630,"AD"
"3401",40702,"BD"
"3402",55625,"Grad"
"3403",28785,"HS"
"3404",31235,"AD"
"3405",39910,"BD"
"3406",50913,"Grad"
"3407",28177,"HS"
"3408",33080,"AD"
"3409",45436,"BD"
"3410",62159,"Grad"
"3411",30217,"HS"
"3412",37780,"AD"
"3413",48113,"BD"
"3414",56222,"Grad"
"3415",30506,"HS"
"3416",33485,"AD"
"3417",37500,"BD"
"3418",56563,"Grad"
"3419",26824,"HS"
"3420",29724,"AD"
"3421",35450,"BD"
"3422",50333,"Grad"
"3423",26821,"HS"
"3424",32672,"AD"
"3425",45000,"BD"
"3426",52740,"Grad"
"3427",23387,"HS"
"3428",30441,"AD"
"3429",40764,"BD"
"3430",55288,"Grad"
"3431",27900,"HS"
"3432",32359,"AD"
"3433",44063,"BD"
"3434",59762,"Grad"
"3435",23463,"HS"
"3436",27578,"AD"
"3437",39044,"BD"
"3438",56652,"Grad"
"3439",26632,"HS"
"3440",29477,"AD"
"3441",36875,"BD"
"3442",49167,"Grad"
"3443",24362,"HS"
"3444",31322,"AD"
"3445",40694,"BD"
"3446",48990,"Grad"
"3447",26694,"HS"
"3448",29954,"AD"
"3449",40625,"BD"
"3450",51250,"Grad"
"3451",29868,"HS"
"3452",35745,"AD"
"3453",40556,"BD"
"3454",62750,"Grad"
"3455",27068,"HS"
"3456",26212,"AD"
"3457",36214,"BD"
"3458",51313,"Grad"
"3459",28404,"HS"
"3460",36082,"AD"
"3461",49133,"BD"
"3462",63676,"Grad"
"3463",28244,"HS"
"3464",33299,"AD"
"3465",44738,"BD"
"3466",57037,"Grad"
"3467",25750,"HS"
"3468",30556,"AD"
"3469",44103,"BD"
"3470",58317,"Grad"
"3471",19600,"HS"
"3472",31294,"AD"
"3473",34625,"BD"
"3474",53125,"Grad"
"3475",27306,"HS"
"3476",29641,"AD"
"3477",35946,"BD"
"3478",54079,"Grad"
"3479",27277,"HS"
"3480",32587,"AD"
"3481",47830,"BD"
"3482",63077,"Grad"
"3483",26739,"HS"
"3484",30016,"AD"
"3485",43707,"BD"
"3486",63705,"Grad"
"3487",29140,"HS"
"3488",31840,"AD"
"3489",36094,"BD"
"3490",51372,"Grad"
"3491",30084,"HS"
"3492",31883,"AD"
"3493",40131,"BD"
"3494",56721,"Grad"
"3495",30258,"HS"
"3496",32422,"AD"
"3497",38586,"BD"
"3498",46458,"Grad"
"3499",25241,"HS"
"3500",25928,"AD"
"3501",39773,"BD"
"3502",41688,"Grad"
"3503",24718,"HS"
"3504",27243,"AD"
"3505",40294,"BD"
"3506",49119,"Grad"
"3507",26967,"HS"
"3508",28239,"AD"
"3509",38333,"BD"
"3510",50139,"Grad"
"3511",26640,"HS"
"3512",28078,"AD"
"3513",45256,"BD"
"3514",63284,"Grad"
"3515",32989,"HS"
"3516",36519,"AD"
"3517",51530,"BD"
"3518",57598,"Grad"
"3519",28267,"HS"
"3520",32321,"AD"
"3521",38719,"BD"
"3522",54118,"Grad"
"3523",23990,"HS"
"3524",31471,"AD"
"3525",40458,"BD"
"3526",43750,"Grad"
"3527",27659,"HS"
"3528",31825,"AD"
"3529",42532,"BD"
"3530",54120,"Grad"
"3531",27997,"HS"
"3532",30910,"AD"
"3533",40025,"BD"
"3534",54097,"Grad"
"3535",28445,"HS"
"3536",29813,"AD"
"3537",39119,"BD"
"3538",56361,"Grad"
"3539",26281,"HS"
"3540",30649,"AD"
"3541",41868,"BD"
"3542",55519,"Grad"
"3543",26935,"HS"
"3544",32191,"AD"
"3545",41250,"BD"
"3546",42115,"Grad"
"3547",25359,"HS"
"3548",33812,"AD"
"3549",36139,"BD"
"3550",52850,"Grad"
"3551",25966,"HS"
"3552",28981,"AD"
"3553",44453,"BD"
"3554",42188,"Grad"
"3555",20485,"HS"
"3556",33464,"AD"
"3557",35238,"BD"
"3558",57670,"Grad"
"3559",28652,"HS"
"3560",30992,"AD"
"3561",36913,"BD"
"3562",53701,"Grad"
"3563",25799,"HS"
"3564",30392,"AD"
"3565",41359,"BD"
"3566",45147,"Grad"
"3567",25100,"HS"
"3568",29722,"AD"
"3569",39792,"BD"
"3570",46208,"Grad"
"3571",22402,"HS"
"3572",27096,"AD"
"3573",31463,"BD"
"3574",49160,"Grad"
"3575",21514,"HS"
"3576",25562,"AD"
"3577",36753,"BD"
"3578",39375,"Grad"
"3579",30132,"HS"
"3580",33387,"AD"
"3581",46714,"BD"
"3582",57425,"Grad"
"3583",22474,"HS"
"3584",28833,"AD"
"3585",33750,"BD"
"3586",47875,"Grad"
"3587",26056,"HS"
"3588",31667,"AD"
"3589",40385,"BD"
"3590",49500,"Grad"
"3591",22927,"HS"
"3592",27365,"AD"
"3593",38269,"BD"
"3594",43021,"Grad"
"3595",26786,"HS"
"3596",25370,"AD"
"3597",31538,"BD"
"3598",52679,"Grad"
"3599",19688,"HS"
"3600",27697,"AD"
"3601",49145,"BD"
"3602",51375,"Grad"
"3603",26602,"HS"
"3604",26863,"AD"
"3605",38800,"BD"
"3606",41976,"Grad"
"3607",23165,"HS"
"3608",28630,"AD"
"3609",36813,"BD"
"3610",42284,"Grad"
"3611",24970,"HS"
"3612",30830,"AD"
"3613",48173,"BD"
"3614",50529,"Grad"
"3615",20000,"HS"
"3616",32019,"AD"
"3617",31786,"BD"
"3618",37000,"Grad"
"3619",24394,"HS"
"3620",27073,"AD"
"3621",36241,"BD"
"3622",47850,"Grad"
"3623",22291,"HS"
"3624",26984,"AD"
"3625",37226,"BD"
"3626",48993,"Grad"
"3627",19625,"HS"
"3628",20882,"AD"
"3629",31591,"BD"
"3630",46875,"Grad"
"3631",26992,"HS"
"3632",30911,"AD"
"3633",39718,"BD"
"3634",57500,"Grad"
"3635",26514,"HS"
"3636",30601,"AD"
"3637",43841,"BD"
"3638",42500,"Grad"
"3639",26190,"HS"
"3640",30995,"AD"
"3641",37274,"BD"
"3642",49784,"Grad"
"3643",30769,"HS"
"3644",30333,"AD"
"3645",38000,"BD"
"3646",51838,"Grad"
"3647",18095,"HS"
"3648",25357,"AD"
"3649",37750,"BD"
"3650",48194,"Grad"
"3651",25693,"HS"
"3652",27555,"AD"
"3653",36065,"BD"
"3654",53678,"Grad"
"3655",26059,"HS"
"3656",26932,"AD"
"3657",41154,"BD"
"3658",49375,"Grad"
"3659",26306,"HS"
"3660",31598,"AD"
"3661",39975,"BD"
"3662",48197,"Grad"
"3663",26821,"HS"
"3664",32286,"AD"
"3665",44141,"BD"
"3666",51964,"Grad"
"3667",27082,"HS"
"3668",31580,"AD"
"3669",41463,"BD"
"3670",59291,"Grad"
"3671",25918,"HS"
"3672",34749,"AD"
"3673",40662,"BD"
"3674",61981,"Grad"
"3675",26667,"HS"
"3676",25938,"AD"
"3677",35208,"BD"
"3678",41250,"Grad"
"3679",21852,"HS"
"3680",22976,"AD"
"3681",42202,"BD"
"3682",45139,"Grad"
"3683",30000,"HS"
"3684",32305,"AD"
"3685",44531,"BD"
"3686",58239,"Grad"
"3687",25711,"HS"
"3688",29702,"AD"
"3689",47604,"BD"
"3690",50682,"Grad"
"3691",28958,"HS"
"3692",31176,"AD"
"3693",50223,"BD"
"3694",47813,"Grad"
"3695",27479,"HS"
"3696",24327,"AD"
"3697",31804,"BD"
"3698",47557,"Grad"
"3699",27278,"HS"
"3700",26932,"AD"
"3701",42500,"BD"
"3702",60875,"Grad"
"3703",26557,"HS"
"3704",26490,"AD"
"3705",41290,"BD"
"3706",48750,"Grad"
"3707",27659,"HS"
"3708",31123,"AD"
"3709",40487,"BD"
"3710",50515,"Grad"
"3711",28958,"HS"
"3712",30380,"AD"
"3713",48750,"BD"
"3714",50192,"Grad"
"3715",31055,"HS"
"3716",27005,"AD"
"3717",38456,"BD"
"3718",37143,"Grad"
"3719",29430,"HS"
"3720",33148,"AD"
"3721",42821,"BD"
"3722",54321,"Grad"
"3723",29167,"HS"
"3724",37244,"AD"
"3725",43388,"BD"
"3726",61750,"Grad"
"3727",22135,"HS"
"3728",25160,"AD"
"3729",39722,"BD"
"3730",47000,"Grad"
"3731",29428,"HS"
"3732",36602,"AD"
"3733",53520,"BD"
"3734",70431,"Grad"
"3735",29504,"HS"
"3736",35854,"AD"
"3737",36063,"BD"
"3738",48583,"Grad"
"3739",29912,"HS"
"3740",32684,"AD"
"3741",38009,"BD"
"3742",46818,"Grad"
"3743",26298,"HS"
"3744",27056,"AD"
"3745",34048,"BD"
"3746",46000,"Grad"
"3747",21946,"HS"
"3748",26372,"AD"
"3749",40884,"BD"
"3750",45791,"Grad"
"3751",26000,"HS"
"3752",32132,"AD"
"3753",48409,"BD"
"3754",33750,"Grad"
"3755",26796,"HS"
"3756",33834,"AD"
"3757",49247,"BD"
"3758",72780,"Grad"
"3759",25411,"HS"
"3760",28314,"AD"
"3761",33194,"BD"
"3762",47500,"Grad"
"3763",28553,"HS"
"3764",30703,"AD"
"3765",39500,"BD"
"3766",48571,"Grad"
"3767",28259,"HS"
"3768",23571,"AD"
"3769",41042,"BD"
"3770",41761,"Grad"
"3771",23285,"HS"
"3772",27906,"AD"
"3773",36169,"BD"
"3774",40938,"Grad"
"3775",31244,"HS"
"3776",32454,"AD"
"3777",42787,"BD"
"3778",41843,"Grad"
"3779",26161,"HS"
"3780",28329,"AD"
"3781",33523,"BD"
"3782",44653,"Grad"
"3783",27530,"HS"
"3784",25244,"AD"
"3785",38844,"BD"
"3786",43068,"Grad"
"3787",25339,"HS"
"3788",23750,"AD"
"3789",43385,"BD"
"3790",53625,"Grad"
"3791",30412,"HS"
"3792",38125,"AD"
"3793",47790,"BD"
"3794",61532,"Grad"
"3795",30182,"HS"
"3796",27314,"AD"
"3797",38816,"BD"
"3798",35521,"Grad"
"3799",26137,"HS"
"3800",27306,"AD"
"3801",38190,"BD"
"3802",43361,"Grad"
"3803",25944,"HS"
"3804",27097,"AD"
"3805",35451,"BD"
"3806",46667,"Grad"
"3807",31728,"HS"
"3808",26964,"AD"
"3809",37670,"BD"
"3810",65000,"Grad"
"3811",30195,"HS"
"3812",30432,"AD"
"3813",36360,"BD"
"3814",49667,"Grad"
"3815",23646,"HS"
"3816",26263,"AD"
"3817",37500,"BD"
"3818",53182,"Grad"
"3819",26087,"HS"
"3820",30000,"AD"
"3821",31131,"BD"
"3822",38750,"Grad"
"3823",22308,"HS"
"3824",29663,"AD"
"3825",46490,"BD"
"3826",47466,"Grad"
"3827",29840,"HS"
"3828",30963,"AD"
"3829",40587,"BD"
"3830",51935,"Grad"
"3831",21418,"HS"
"3832",26450,"AD"
"3833",32114,"BD"
"3834",40781,"Grad"
"3835",27722,"HS"
"3836",31604,"AD"
"3837",39500,"BD"
"3838",47875,"Grad"
"3839",20859,"HS"
"3840",30158,"AD"
"3841",42898,"BD"
"3842",43060,"Grad"
"3843",21645,"HS"
"3844",26723,"AD"
"3845",35331,"BD"
"3846",44028,"Grad"
"3847",30992,"HS"
"3848",31526,"AD"
"3849",42232,"BD"
"3850",59111,"Grad"
"3851",25181,"HS"
"3852",30160,"AD"
"3853",41864,"BD"
"3854",50898,"Grad"
"3855",22109,"HS"
"3856",23487,"AD"
"3857",35391,"BD"
"3858",46667,"Grad"
"3859",26593,"HS"
"3860",28314,"AD"
"3861",37236,"BD"
"3862",49042,"Grad"
"3863",24093,"HS"
"3864",28226,"AD"
"3865",38571,"BD"
"3866",40250,"Grad"
"3867",21229,"HS"
"3868",28685,"AD"
"3869",40380,"BD"
"3870",42500,"Grad"
"3871",28763,"HS"
"3872",32437,"AD"
"3873",37509,"BD"
"3874",48469,"Grad"
"3875",25955,"HS"
"3876",26650,"AD"
"3877",34922,"BD"
"3878",45000,"Grad"
"3879",24868,"HS"
"3880",26833,"AD"
"3881",33333,"BD"
"3882",44875,"Grad"
"3883",27692,"HS"
"3884",27500,"AD"
"3885",37528,"BD"
"3886",40573,"Grad"
"3887",26305,"HS"
"3888",30379,"AD"
"3889",40214,"BD"
"3890",48146,"Grad"
"3891",26692,"HS"
"3892",35439,"AD"
"3893",42841,"BD"
"3894",44836,"Grad"
"3895",27439,"HS"
"3896",32769,"AD"
"3897",44979,"BD"
"3898",58262,"Grad"
"3899",26887,"HS"
"3900",30108,"AD"
"3901",37882,"BD"
"3902",45487,"Grad"
"3903",26853,"HS"
"3904",30679,"AD"
"3905",43768,"BD"
"3906",57354,"Grad"
"3907",27120,"HS"
"3908",26484,"AD"
"3909",32321,"BD"
"3910",41500,"Grad"
"3911",20097,"HS"
"3912",26745,"AD"
"3913",33167,"BD"
"3914",48047,"Grad"
"3915",26484,"HS"
"3916",25638,"AD"
"3917",36146,"BD"
"3918",42167,"Grad"
"3919",26458,"HS"
"3920",26661,"AD"
"3921",36500,"BD"
"3922",45625,"Grad"
"3923",29038,"HS"
"3924",31444,"AD"
"3925",32750,"BD"
"3926",52083,"Grad"
"3927",25204,"HS"
"3928",37669,"AD"
"3929",53975,"BD"
"3930",45050,"Grad"
"3931",26274,"HS"
"3932",31273,"AD"
"3933",40680,"BD"
"3934",47837,"Grad"
"3935",28601,"HS"
"3936",31117,"AD"
"3937",33711,"BD"
"3938",46743,"Grad"
"3939",22586,"HS"
"3940",26875,"AD"
"3941",47600,"BD"
"3942",40750,"Grad"
"3943",29268,"HS"
"3944",32192,"AD"
"3945",37763,"BD"
"3946",45347,"Grad"
"3947",30000,"HS"
"3948",29702,"AD"
"3949",34861,"BD"
"3950",45694,"Grad"
"3951",24747,"HS"
"3952",26582,"AD"
"3953",36983,"BD"
"3954",44583,"Grad"
"3955",27188,"HS"
"3956",31902,"AD"
"3957",41944,"BD"
"3958",47188,"Grad"
"3959",25731,"HS"
"3960",23799,"AD"
"3961",32212,"BD"
"3962",40446,"Grad"
"3963",19167,"HS"
"3964",24444,"AD"
"3965",39318,"BD"
"3966",46250,"Grad"
"3967",25344,"HS"
"3968",32321,"AD"
"3969",41700,"BD"
"3970",49194,"Grad"
"3971",21154,"HS"
"3972",25774,"AD"
"3973",35507,"BD"
"3974",44583,"Grad"
"3975",26988,"HS"
"3976",27538,"AD"
"3977",40000,"BD"
"3978",42708,"Grad"
"3979",31209,"HS"
"3980",31135,"AD"
"3981",43125,"BD"
"3982",48269,"Grad"
"3983",30625,"HS"
"3984",32924,"AD"
"3985",41875,"BD"
"3986",52619,"Grad"
"3987",23302,"HS"
"3988",27738,"AD"
"3989",42344,"BD"
"3990",50920,"Grad"
"3991",22431,"HS"
"3992",29438,"AD"
"3993",41065,"BD"
"3994",42586,"Grad"
"3995",23853,"HS"
"3996",25699,"AD"
"3997",36971,"BD"
"3998",50850,"Grad"
"3999",31453,"HS"
"4000",37429,"AD"
"4001",55061,"BD"
"4002",59771,"Grad"
"4003",28440,"HS"
"4004",33895,"AD"
"4005",45142,"BD"
"4006",44883,"Grad"
"4007",22442,"HS"
"4008",26876,"AD"
"4009",51638,"BD"
"4010",53648,"Grad"
"4011",22168,"HS"
"4012",30020,"AD"
"4013",39531,"BD"
"4014",52903,"Grad"
"4015",30486,"HS"
"4016",31184,"AD"
"4017",38782,"BD"
"4018",55139,"Grad"
"4019",22018,"HS"
"4020",23307,"AD"
"4021",29097,"BD"
"4022",53348,"Grad"
"4023",21693,"HS"
"4024",26344,"AD"
"4025",40469,"BD"
"4026",46338,"Grad"
"4027",29591,"HS"
"4028",36892,"AD"
"4029",44122,"BD"
"4030",56531,"Grad"
"4031",28125,"HS"
"4032",27689,"AD"
"4033",39194,"BD"
"4034",52853,"Grad"
"4035",25169,"HS"
"4036",24198,"AD"
"4037",37759,"BD"
"4038",52821,"Grad"
"4039",25338,"HS"
"4040",27744,"AD"
"4041",33337,"BD"
"4042",50097,"Grad"
"4043",32179,"HS"
"4044",35252,"AD"
"4045",53263,"BD"
"4046",52661,"Grad"
"4047",26934,"HS"
"4048",26734,"AD"
"4049",39904,"BD"
"4050",61477,"Grad"
"4051",30297,"HS"
"4052",35486,"AD"
"4053",49375,"BD"
"4054",59750,"Grad"
"4055",26719,"HS"
"4056",27068,"AD"
"4057",34676,"BD"
"4058",44242,"Grad"
"4059",20479,"HS"
"4060",25971,"AD"
"4061",24567,"BD"
"4062",46964,"Grad"
"4063",25971,"HS"
"4064",29677,"AD"
"4065",37206,"BD"
"4066",48942,"Grad"
"4067",27055,"HS"
"4068",37962,"AD"
"4069",46046,"BD"
"4070",54206,"Grad"
"4071",21044,"HS"
"4072",30068,"AD"
"4073",31898,"BD"
"4074",42750,"Grad"
"4075",20818,"HS"
"4076",25453,"AD"
"4077",23125,"BD"
"4078",40573,"Grad"
"4079",26167,"HS"
"4080",26270,"AD"
"4081",37950,"BD"
"4082",42009,"Grad"
"4083",21731,"HS"
"4084",28056,"AD"
"4085",29345,"BD"
"4086",36205,"Grad"
"4087",27906,"HS"
"4088",30709,"AD"
"4089",42245,"BD"
"4090",51732,"Grad"
"4091",25981,"HS"
"4092",28426,"AD"
"4093",43583,"BD"
"4094",52778,"Grad"
"4095",20821,"HS"
"4096",21190,"AD"
"4097",15217,"BD"
"4098",31875,"Grad"
"4099",24126,"HS"
"4100",29767,"AD"
"4101",41436,"BD"
"4102",49141,"Grad"
"4103",25831,"HS"
"4104",30908,"AD"
"4105",44733,"BD"
"4106",57205,"Grad"
"4107",23642,"HS"
"4108",31022,"AD"
"4109",31681,"BD"
"4110",51648,"Grad"
"4111",25440,"HS"
"4112",25379,"AD"
"4113",37083,"BD"
"4114",51493,"Grad"
"4115",25888,"HS"
"4116",31576,"AD"
"4117",45720,"BD"
"4118",46183,"Grad"
"4119",26948,"HS"
"4120",28906,"AD"
"4121",32222,"BD"
"4122",37452,"Grad"
"4123",28466,"HS"
"4124",32679,"AD"
"4125",43125,"BD"
"4126",16912,"Grad"
"4127",25564,"HS"
"4128",31486,"AD"
"4129",37000,"BD"
"4130",53385,"Grad"
"4131",27331,"HS"
"4132",31929,"AD"
"4133",42512,"BD"
"4134",52644,"Grad"
"4135",23605,"HS"
"4136",29318,"AD"
"4137",44611,"BD"
"4138",52132,"Grad"
"4139",23832,"HS"
"4140",28696,"AD"
"4141",34803,"BD"
"4142",47469,"Grad"
"4143",21418,"HS"
"4144",25902,"AD"
"4145",40000,"BD"
"4146",51786,"Grad"
"4147",26097,"HS"
"4148",30605,"AD"
"4149",44288,"BD"
"4150",47973,"Grad"
"4151",26536,"HS"
"4152",33750,"AD"
"4153",52463,"BD"
"4154",45156,"Grad"
"4155",25100,"HS"
"4156",33581,"AD"
"4157",46409,"BD"
"4158",60162,"Grad"
"4159",23853,"HS"
"4160",30609,"AD"
"4161",36250,"BD"
"4162",55125,"Grad"
"4163",24250,"HS"
"4164",29060,"AD"
"4165",36486,"BD"
"4166",59917,"Grad"
"4167",22082,"HS"
"4168",26622,"AD"
"4169",34732,"BD"
"4170",47500,"Grad"
"4171",27314,"HS"
"4172",31739,"AD"
"4173",41802,"BD"
"4174",50990,"Grad"
"4175",26557,"HS"
"4176",38125,"AD"
"4177",33561,"BD"
"4178",55750,"Grad"
"4179",30216,"HS"
"4180",21710,"AD"
"4181",35556,"BD"
"4182",51076,"Grad"
"4183",26778,"HS"
"4184",28319,"AD"
"4185",38449,"BD"
"4186",46572,"Grad"
"4187",22198,"HS"
"4188",30625,"AD"
"4189",36667,"BD"
"4190",50559,"Grad"
"4191",25731,"HS"
"4192",31716,"AD"
"4193",44616,"BD"
"4194",58274,"Grad"
"4195",26205,"HS"
"4196",30883,"AD"
"4197",44187,"BD"
"4198",53305,"Grad"
"4199",24343,"HS"
"4200",31601,"AD"
"4201",53611,"BD"
"4202",56883,"Grad"
"4203",30135,"HS"
"4204",34827,"AD"
"4205",46061,"BD"
"4206",57467,"Grad"
"4207",27518,"HS"
"4208",31550,"AD"
"4209",40481,"BD"
"4210",40921,"Grad"
"4211",21031,"HS"
"4212",24579,"AD"
"4213",38930,"BD"
"4214",59375,"Grad"
"4215",24391,"HS"
"4216",31053,"AD"
"4217",30000,"BD"
"4218",50815,"Grad"
"4219",25139,"HS"
"4220",30133,"AD"
"4221",40854,"BD"
"4222",54184,"Grad"
"4223",28076,"HS"
"4224",23839,"AD"
"4225",28618,"BD"
"4226",53347,"Grad"
"4227",22949,"HS"
"4228",22083,"AD"
"4229",41944,"BD"
"4230",54514,"Grad"
"4231",37056,"HS"
"4232",24665,"AD"
"4233",34875,"BD"
"4234",56063,"Grad"
"4235",26803,"HS"
"4236",28427,"AD"
"4237",36909,"BD"
"4238",60085,"Grad"
"4239",21908,"HS"
"4240",22885,"AD"
"4241",31754,"BD"
"4242",53620,"Grad"
"4243",25951,"HS"
"4244",25109,"AD"
"4245",36889,"BD"
"4246",49940,"Grad"
"4247",23388,"HS"
"4248",35500,"AD"
"4249",21827,"BD"
"4250",48542,"Grad"
"4251",25048,"HS"
"4252",30309,"AD"
"4253",38409,"BD"
"4254",49861,"Grad"
"4255",21341,"HS"
"4256",27250,"AD"
"4257",31161,"BD"
"4258",46979,"Grad"
"4259",24972,"HS"
"4260",28443,"AD"
"4261",46047,"BD"
"4262",58811,"Grad"
"4263",17441,"HS"
"4264",21556,"AD"
"4265",28864,"BD"
"4266",40938,"Grad"
"4267",29452,"HS"
"4268",30257,"AD"
"4269",32069,"BD"
"4270",46105,"Grad"
"4271",25678,"HS"
"4272",30363,"AD"
"4273",41473,"BD"
"4274",53819,"Grad"
"4275",21087,"HS"
"4276",24289,"AD"
"4277",48793,"BD"
"4278",44526,"Grad"
"4279",26031,"HS"
"4280",30303,"AD"
"4281",30865,"BD"
"4282",49390,"Grad"
"4283",27725,"HS"
"4284",28985,"AD"
"4285",41079,"BD"
"4286",51118,"Grad"
"4287",28598,"HS"
"4288",19960,"AD"
"4289",41750,"BD"
"4290",58200,"Grad"
"4291",22018,"HS"
"4292",27946,"AD"
"4293",46467,"BD"
"4294",51100,"Grad"
"4295",24869,"HS"
"4296",31460,"AD"
"4297",49107,"BD"
"4298",61086,"Grad"
"4299",26108,"HS"
"4300",27396,"AD"
"4301",35455,"BD"
"4302",42500,"Grad"
"4303",25947,"HS"
"4304",31008,"AD"
"4305",45225,"BD"
"4306",53206,"Grad"
"4307",26490,"HS"
"4308",24425,"AD"
"4309",31866,"BD"
"4310",47159,"Grad"
"4311",22424,"HS"
"4312",22901,"AD"
"4313",30673,"BD"
"4314",41050,"Grad"
"4315",25532,"HS"
"4316",33851,"AD"
"4317",37830,"BD"
"4318",60617,"Grad"
"4319",20270,"HS"
"4320",26476,"AD"
"4321",33917,"BD"
"4322",43393,"Grad"
"4323",25679,"HS"
"4324",30172,"AD"
"4325",37880,"BD"
"4326",53297,"Grad"
"4327",28806,"HS"
"4328",31525,"AD"
"4329",43759,"BD"
"4330",51103,"Grad"
"4331",26383,"HS"
"4332",30714,"AD"
"4333",34920,"BD"
"4334",44150,"Grad"
"4335",23555,"HS"
"4336",26192,"AD"
"4337",45755,"BD"
"4338",46794,"Grad"
"4339",28257,"HS"
"4340",36698,"AD"
"4341",62039,"BD"
"4342",66568,"Grad"
"4343",27828,"HS"
"4344",35215,"AD"
"4345",32538,"BD"
"4346",63792,"Grad"
"4347",21425,"HS"
"4348",21607,"AD"
"4349",36507,"BD"
"4350",52614,"Grad"
"4351",33072,"HS"
"4352",29947,"AD"
"4353",44044,"BD"
"4354",49063,"Grad"
"4355",25378,"HS"
"4356",28104,"AD"
"4357",43212,"BD"
"4358",54701,"Grad"
"4359",26184,"HS"
"4360",28342,"AD"
"4361",38090,"BD"
"4362",52909,"Grad"
"4363",25107,"HS"
"4364",18147,"AD"
"4365",41154,"BD"
"4366",40912,"Grad"
"4367",23838,"HS"
"4368",25805,"AD"
"4369",42027,"BD"
"4370",54120,"Grad"
"4371",33007,"HS"
"4372",18576,"AD"
"4373",38000,"BD"
"4374",76750,"Grad"
"4375",21973,"HS"
"4376",26719,"AD"
"4377",39417,"BD"
"4378",56087,"Grad"
"4379",21693,"HS"
"4380",27625,"AD"
"4381",36554,"BD"
"4382",49326,"Grad"
"4383",23388,"HS"
"4384",26434,"AD"
"4385",35703,"BD"
"4386",51917,"Grad"
"4387",30586,"HS"
"4388",40621,"AD"
"4389",54535,"BD"
"4390",55145,"Grad"
"4391",27334,"HS"
"4392",34546,"AD"
"4393",51146,"BD"
"4394",57677,"Grad"
"4395",25093,"HS"
"4396",31358,"AD"
"4397",36377,"BD"
"4398",47452,"Grad"
"4399",32799,"HS"
"4400",37235,"AD"
"4401",61563,"BD"
"4402",55800,"Grad"
"4403",23347,"HS"
"4404",27637,"AD"
"4405",38472,"BD"
"4406",44532,"Grad"
"4407",30217,"HS"
"4408",24006,"AD"
"4409",37150,"BD"
"4410",31944,"Grad"
"4411",24529,"HS"
"4412",32725,"AD"
"4413",35089,"BD"
"4414",53467,"Grad"
"4415",29932,"HS"
"4416",37547,"AD"
"4417",44574,"BD"
"4418",54183,"Grad"
"4419",28365,"HS"
"4420",27500,"AD"
"4421",41076,"BD"
"4422",50735,"Grad"
"4423",24577,"HS"
"4424",30653,"AD"
"4425",36793,"BD"
"4426",52885,"Grad"
"4427",26472,"HS"
"4428",30809,"AD"
"4429",40063,"BD"
"4430",47188,"Grad"
"4431",22788,"HS"
"4432",24175,"AD"
"4433",43000,"BD"
"4434",49732,"Grad"
"4435",30113,"HS"
"4436",34524,"AD"
"4437",24792,"BD"
"4438",48194,"Grad"
"4439",21322,"HS"
"4440",24178,"AD"
"4441",38605,"BD"
"4442",46500,"Grad"
"4443",22351,"HS"
"4444",32769,"AD"
"4445",38333,"BD"
"4446",48636,"Grad"
"4447",28910,"HS"
"4448",35226,"AD"
"4449",43542,"BD"
"4450",52737,"Grad"
"4451",27188,"HS"
"4452",28371,"AD"
"4453",41498,"BD"
"4454",55000,"Grad"
"4455",28063,"HS"
"4456",28219,"AD"
"4457",42935,"BD"
"4458",51789,"Grad"
"4459",36719,"HS"
"4460",42161,"AD"
"4461",55977,"BD"
"4462",69944,"Grad"
"4463",34612,"HS"
"4464",30297,"AD"
"4465",46447,"BD"
"4466",61618,"Grad"
"4467",24706,"HS"
"4468",29869,"AD"
"4469",38773,"BD"
"4470",48878,"Grad"
"4471",30833,"HS"
"4472",31610,"AD"
"4473",49831,"BD"
"4474",49679,"Grad"
"4475",23640,"HS"
"4476",31962,"AD"
"4477",41915,"BD"
"4478",41638,"Grad"
"4479",29573,"HS"
"4480",35064,"AD"
"4481",49704,"BD"
"4482",59500,"Grad"
"4483",25278,"HS"
"4484",29050,"AD"
"4485",45781,"BD"
"4486",60090,"Grad"
"4487",27263,"HS"
"4488",33714,"AD"
"4489",44694,"BD"
"4490",51963,"Grad"
"4491",28241,"HS"
"4492",26319,"AD"
"4493",47821,"BD"
"4494",53836,"Grad"
"4495",30613,"HS"
"4496",37475,"AD"
"4497",42050,"BD"
"4498",62969,"Grad"
"4499",22485,"HS"
"4500",26276,"AD"
"4501",38095,"BD"
"4502",40800,"Grad"
"4503",21994,"HS"
"4504",26280,"AD"
"4505",48871,"BD"
"4506",50988,"Grad"
"4507",22170,"HS"
"4508",31050,"AD"
"4509",43152,"BD"
"4510",50833,"Grad"
"4511",25912,"HS"
"4512",32007,"AD"
"4513",41901,"BD"
"4514",52764,"Grad"
"4515",26721,"HS"
"4516",31198,"AD"
"4517",48992,"BD"
"4518",56179,"Grad"
"4519",15905,"HS"
"4520",18486,"AD"
"4521",38889,"BD"
"4522",33083,"Grad"
"4523",27036,"HS"
"4524",37821,"AD"
"4525",38782,"BD"
"4526",56339,"Grad"
"4527",29603,"HS"
"4528",26066,"AD"
"4529",43080,"BD"
"4530",49964,"Grad"
"4531",23245,"HS"
"4532",27698,"AD"
"4533",42727,"BD"
"4534",38024,"Grad"
"4535",26244,"HS"
"4536",27881,"AD"
"4537",44458,"BD"
"4538",51898,"Grad"
"4539",29254,"HS"
"4540",27833,"AD"
"4541",43598,"BD"
"4542",55164,"Grad"
"4543",29134,"HS"
"4544",30517,"AD"
"4545",46439,"BD"
"4546",50822,"Grad"
"4547",25546,"HS"
"4548",30508,"AD"
"4549",46083,"BD"
"4550",53250,"Grad"
"4551",27755,"HS"
"4552",32642,"AD"
"4553",49457,"BD"
"4554",59203,"Grad"
"4555",30111,"HS"
"4556",25945,"AD"
"4557",47833,"BD"
"4558",52469,"Grad"
"4559",29724,"HS"
"4560",32197,"AD"
"4561",47982,"BD"
"4562",59245,"Grad"
"4563",32307,"HS"
"4564",34495,"AD"
"4565",47012,"BD"
"4566",51535,"Grad"
"4567",32065,"HS"
"4568",35667,"AD"
"4569",41333,"BD"
"4570",49145,"Grad"
"4571",23260,"HS"
"4572",26560,"AD"
"4573",35733,"BD"
"4574",44877,"Grad"
"4575",34923,"HS"
"4576",42021,"AD"
"4577",48415,"BD"
"4578",49955,"Grad"
"4579",21818,"HS"
"4580",26830,"AD"
"4581",40587,"BD"
"4582",22426,"Grad"
"4583",25302,"HS"
"4584",26222,"AD"
"4585",37391,"BD"
"4586",46065,"Grad"
"4587",23281,"HS"
"4588",25985,"AD"
"4589",40710,"BD"
"4590",53891,"Grad"
"4591",22043,"HS"
"4592",27801,"AD"
"4593",42566,"BD"
"4594",57737,"Grad"
"4595",25082,"HS"
"4596",29625,"AD"
"4597",43706,"BD"
"4598",53560,"Grad"
"4599",37996,"HS"
"4600",39157,"AD"
"4601",54551,"BD"
"4602",67500,"Grad"
"4603",28068,"HS"
"4604",35098,"AD"
"4605",36094,"BD"
"4606",52760,"Grad"
"4607",24401,"HS"
"4608",27435,"AD"
"4609",43611,"BD"
"4610",51662,"Grad"
"4611",28818,"HS"
"4612",26290,"AD"
"4613",54479,"BD"
"4614",62841,"Grad"
"4615",26469,"HS"
"4616",29821,"AD"
"4617",41818,"BD"
"4618",52875,"Grad"
"4619",31261,"HS"
"4620",27288,"AD"
"4621",42002,"BD"
"4622",41648,"Grad"
"4623",30397,"HS"
"4624",32115,"AD"
"4625",40218,"BD"
"4626",43355,"Grad"
"4627",32818,"HS"
"4628",41582,"AD"
"4629",51489,"BD"
"4630",61184,"Grad"
"4631",30020,"HS"
"4632",27695,"AD"
"4633",50871,"BD"
"4634",51793,"Grad"
"4635",35997,"HS"
"4636",40943,"AD"
"4637",51458,"BD"
"4638",53681,"Grad"
"4639",30139,"HS"
"4640",32994,"AD"
"4641",48785,"BD"
"4642",52765,"Grad"
"4643",27465,"HS"
"4644",31394,"AD"
"4645",43313,"BD"
"4646",60534,"Grad"
"4647",28090,"HS"
"4648",30975,"AD"
"4649",41091,"BD"
"4650",51476,"Grad"
"4651",27716,"HS"
"4652",31231,"AD"
"4653",43247,"BD"
"4654",55688,"Grad"
"4655",30559,"HS"
"4656",36085,"AD"
"4657",53455,"BD"
"4658",64697,"Grad"
"4659",29136,"HS"
"4660",31280,"AD"
"4661",44083,"BD"
"4662",47448,"Grad"
"4663",21486,"HS"
"4664",18504,"AD"
"4665",38750,"BD"
"4666",22386,"Grad"
"4667",31298,"HS"
"4668",31646,"AD"
"4669",46356,"BD"
"4670",58290,"Grad"
"4671",28101,"HS"
"4672",32253,"AD"
"4673",35069,"BD"
"4674",42946,"Grad"
"4675",31624,"HS"
"4676",31561,"AD"
"4677",46940,"BD"
"4678",56146,"Grad"
"4679",27961,"HS"
"4680",33818,"AD"
"4681",42647,"BD"
"4682",57734,"Grad"
"4683",21477,"HS"
"4684",26529,"AD"
"4685",47195,"BD"
"4686",49494,"Grad"
"4687",26478,"HS"
"4688",27034,"AD"
"4689",46389,"BD"
"4690",49696,"Grad"
"4691",27248,"HS"
"4692",35576,"AD"
"4693",47113,"BD"
"4694",61371,"Grad"
"4695",25638,"HS"
"4696",25305,"AD"
"4697",36500,"BD"
"4698",42059,"Grad"
"4699",25785,"HS"
"4700",40162,"AD"
"4701",51164,"BD"
"4702",64732,"Grad"
"4703",26250,"HS"
"4704",29071,"AD"
"4705",45670,"BD"
"4706",46509,"Grad"
"4707",27270,"HS"
"4708",31893,"AD"
"4709",41612,"BD"
"4710",55646,"Grad"
"4711",23743,"HS"
"4712",28924,"AD"
"4713",37670,"BD"
"4714",50529,"Grad"
"4715",27263,"HS"
"4716",32293,"AD"
"4717",46085,"BD"
"4718",56256,"Grad"
"4719",23561,"HS"
"4720",26984,"AD"
"4721",32905,"BD"
"4722",51704,"Grad"
"4723",25478,"HS"
"4724",27685,"AD"
"4725",36384,"BD"
"4726",42400,"Grad"
"4727",27118,"HS"
"4728",32184,"AD"
"4729",41360,"BD"
"4730",54286,"Grad"
"4731",25050,"HS"
"4732",29111,"AD"
"4733",34034,"BD"
"4734",39864,"Grad"
"4735",26454,"HS"
"4736",29564,"AD"
"4737",33842,"BD"
"4738",48333,"Grad"
"4739",25653,"HS"
"4740",28491,"AD"
"4741",36819,"BD"
"4742",44395,"Grad"
"4743",25136,"HS"
"4744",30028,"AD"
"4745",40460,"BD"
"4746",53256,"Grad"
"4747",22797,"HS"
"4748",25874,"AD"
"4749",34854,"BD"
"4750",47240,"Grad"
"4751",29618,"HS"
"4752",31467,"AD"
"4753",41403,"BD"
"4754",56048,"Grad"
"4755",25798,"HS"
"4756",28978,"AD"
"4757",37973,"BD"
"4758",52945,"Grad"
"4759",25647,"HS"
"4760",27867,"AD"
"4761",32044,"BD"
"4762",45682,"Grad"
"4763",21062,"HS"
"4764",24714,"AD"
"4765",35410,"BD"
"4766",43137,"Grad"
"4767",29282,"HS"
"4768",32979,"AD"
"4769",45229,"BD"
"4770",55893,"Grad"
"4771",24254,"HS"
"4772",30593,"AD"
"4773",44407,"BD"
"4774",58636,"Grad"
"4775",37355,"HS"
"4776",48548,"AD"
"4777",62839,"BD"
"4778",88934,"Grad"
"4779",35027,"HS"
"4780",41353,"AD"
"4781",53881,"BD"
"4782",72406,"Grad"
"4783",42557,"HS"
"4784",51012,"AD"
"4785",67554,"BD"
"4786",91551,"Grad"
"4787",31868,"HS"
"4788",40098,"AD"
"4789",50461,"BD"
"4790",63447,"Grad"
"4791",36863,"HS"
"4792",47467,"AD"
"4793",64296,"BD"
"4794",75830,"Grad"
"4795",33971,"HS"
"4796",45122,"AD"
"4797",55503,"BD"
"4798",67820,"Grad"
"4799",42058,"HS"
"4800",54809,"AD"
"4801",73625,"BD"
"4802",85708,"Grad"
"4803",28976,"HS"
"4804",30913,"AD"
"4805",46736,"BD"
"4806",59988,"Grad"
"4807",35583,"HS"
"4808",45497,"AD"
"4809",62770,"BD"
"4810",80586,"Grad"
"4811",25547,"HS"
"4812",26170,"AD"
"4813",40211,"BD"
"4814",54424,"Grad"
"4815",35550,"HS"
"4816",44339,"AD"
"4817",63410,"BD"
"4818",76315,"Grad"
"4819",36682,"HS"
"4820",47335,"AD"
"4821",69228,"BD"
"4822",94428,"Grad"
"4823",28135,"HS"
"4824",34466,"AD"
"4825",44830,"BD"
"4826",64167,"Grad"
"4827",30082,"HS"
"4828",40681,"AD"
"4829",61310,"BD"
"4830",92615,"Grad"
"4831",36654,"HS"
"4832",45730,"AD"
"4833",60182,"BD"
"4834",76359,"Grad"
"4835",37289,"HS"
"4836",43718,"AD"
"4837",58787,"BD"
"4838",75124,"Grad"
"4839",40855,"HS"
"4840",50324,"AD"
"4841",71420,"BD"
"4842",91964,"Grad"
"4843",26388,"HS"
"4844",32018,"AD"
"4845",39423,"BD"
"4846",47639,"Grad"
"4847",27378,"HS"
"4848",35000,"AD"
"4849",46533,"BD"
"4850",62785,"Grad"
"4851",31292,"HS"
"4852",37904,"AD"
"4853",52741,"BD"
"4854",64448,"Grad"
"4855",27507,"HS"
"4856",34763,"AD"
"4857",43292,"BD"
"4858",59914,"Grad"
"4859",28567,"HS"
"4860",31008,"AD"
"4861",44647,"BD"
"4862",66103,"Grad"
"4863",27934,"HS"
"4864",33722,"AD"
"4865",48255,"BD"
"4866",59638,"Grad"
"4867",30383,"HS"
"4868",35881,"AD"
"4869",47518,"BD"
"4870",59545,"Grad"
"4871",26980,"HS"
"4872",31990,"AD"
"4873",42548,"BD"
"4874",54140,"Grad"
"4875",31978,"HS"
"4876",37021,"AD"
"4877",53754,"BD"
"4878",68458,"Grad"
"4879",32031,"HS"
"4880",37923,"AD"
"4881",43978,"BD"
"4882",56075,"Grad"
"4883",32449,"HS"
"4884",39541,"AD"
"4885",56861,"BD"
"4886",72169,"Grad"
"4887",30678,"HS"
"4888",32640,"AD"
"4889",40221,"BD"
"4890",50829,"Grad"
"4891",30964,"HS"
"4892",36580,"AD"
"4893",49458,"BD"
"4894",64173,"Grad"
"4895",32378,"HS"
"4896",36132,"AD"
"4897",42972,"BD"
"4898",57385,"Grad"
"4899",33038,"HS"
"4900",41193,"AD"
"4901",58310,"BD"
"4902",75802,"Grad"
"4903",38736,"HS"
"4904",44954,"AD"
"4905",52248,"BD"
"4906",50682,"Grad"
"4907",34517,"HS"
"4908",41886,"AD"
"4909",61988,"BD"
"4910",82103,"Grad"
"4911",34857,"HS"
"4912",41143,"AD"
"4913",59641,"BD"
"4914",73687,"Grad"
"4915",30158,"HS"
"4916",36148,"AD"
"4917",53525,"BD"
"4918",65273,"Grad"
"4919",33707,"HS"
"4920",39158,"AD"
"4921",57085,"BD"
"4922",71755,"Grad"
"4923",19741,"HS"
"4924",21893,"AD"
"4925",42132,"BD"
"4926",53750,"Grad"
"4927",18351,"HS"
"4928",27727,"AD"
"4929",38750,"BD"
"4930",59000,"Grad"
"4931",26931,"HS"
"4932",31051,"AD"
"4933",47820,"BD"
"4934",61627,"Grad"
"4935",22411,"HS"
"4936",25860,"AD"
"4937",43875,"BD"
"4938",62868,"Grad"
"4939",21641,"HS"
"4940",24967,"AD"
"4941",36528,"BD"
"4942",51458,"Grad"
"4943",21981,"HS"
"4944",26998,"AD"
"4945",36000,"BD"
"4946",56513,"Grad"
"4947",26968,"HS"
"4948",28017,"AD"
"4949",40606,"BD"
"4950",49286,"Grad"
"4951",30154,"HS"
"4952",34662,"AD"
"4953",45068,"BD"
"4954",60186,"Grad"
"4955",23789,"HS"
"4956",30409,"AD"
"4957",45021,"BD"
"4958",64604,"Grad"
"4959",22155,"HS"
"4960",28173,"AD"
"4961",41053,"BD"
"4962",38500,"Grad"
"4963",25260,"HS"
"4964",29417,"AD"
"4965",42527,"BD"
"4966",58689,"Grad"
"4967",25610,"HS"
"4968",31009,"AD"
"4969",37066,"BD"
"4970",63546,"Grad"
"4971",24508,"HS"
"4972",30621,"AD"
"4973",43968,"BD"
"4974",63163,"Grad"
"4975",27280,"HS"
"4976",29454,"AD"
"4977",43395,"BD"
"4978",60069,"Grad"
"4979",23610,"HS"
"4980",28517,"AD"
"4981",38897,"BD"
"4982",58750,"Grad"
"4983",19799,"HS"
"4984",23782,"AD"
"4985",30109,"BD"
"4986",63514,"Grad"
"4987",23495,"HS"
"4988",26076,"AD"
"4989",38207,"BD"
"4990",56250,"Grad"
"4991",20302,"HS"
"4992",27228,"AD"
"4993",42196,"BD"
"4994",54313,"Grad"
"4995",28922,"HS"
"4996",36614,"AD"
"4997",54327,"BD"
"4998",64381,"Grad"
"4999",18502,"HS"
"5000",26558,"AD"
"5001",36875,"BD"
"5002",47500,"Grad"
"5003",21319,"HS"
"5004",29087,"AD"
"5005",40481,"BD"
"5006",62897,"Grad"
"5007",23182,"HS"
"5008",26932,"AD"
"5009",43587,"BD"
"5010",62828,"Grad"
"5011",27380,"HS"
"5012",34965,"AD"
"5013",48402,"BD"
"5014",60598,"Grad"
"5015",21920,"HS"
"5016",28649,"AD"
"5017",39137,"BD"
"5018",60361,"Grad"
"5019",24316,"HS"
"5020",30028,"AD"
"5021",46926,"BD"
"5022",69905,"Grad"
"5023",21295,"HS"
"5024",30174,"AD"
"5025",34688,"BD"
"5026",51618,"Grad"
"5027",17768,"HS"
"5028",23526,"AD"
"5029",42471,"BD"
"5030",42000,"Grad"
"5031",22927,"HS"
"5032",26584,"AD"
"5033",43115,"BD"
"5034",57414,"Grad"
"5035",23802,"HS"
"5036",27212,"AD"
"5037",46620,"BD"
"5038",53333,"Grad"
"5039",25753,"HS"
"5040",29719,"AD"
"5041",44500,"BD"
"5042",57564,"Grad"
"5043",20731,"HS"
"5044",27192,"AD"
"5045",38512,"BD"
"5046",47346,"Grad"
"5047",24500,"HS"
"5048",26984,"AD"
"5049",39534,"BD"
"5050",51944,"Grad"
"5051",22794,"HS"
"5052",31129,"AD"
"5053",43090,"BD"
"5054",58843,"Grad"
"5055",24003,"HS"
"5056",32407,"AD"
"5057",50446,"BD"
"5058",59386,"Grad"
"5059",17440,"HS"
"5060",22493,"AD"
"5061",42202,"BD"
"5062",55362,"Grad"
"5063",21012,"HS"
"5064",22981,"AD"
"5065",38094,"BD"
"5066",43125,"Grad"
"5067",23228,"HS"
"5068",25327,"AD"
"5069",35922,"BD"
"5070",61945,"Grad"
"5071",24911,"HS"
"5072",31563,"AD"
"5073",47589,"BD"
"5074",63514,"Grad"
"5075",24354,"HS"
"5076",30919,"AD"
"5077",45684,"BD"
"5078",63125,"Grad"
"5079",23217,"HS"
"5080",25146,"AD"
"5081",32971,"BD"
"5082",53750,"Grad"
"5083",26812,"HS"
"5084",31273,"AD"
"5085",44108,"BD"
"5086",64407,"Grad"
"5087",25000,"HS"
"5088",26550,"AD"
"5089",28750,"BD"
"5090",71806,"Grad"
"5091",22074,"HS"
"5092",24120,"AD"
"5093",29650,"BD"
"5094",43750,"Grad"
"5095",26561,"HS"
"5096",33725,"AD"
"5097",44927,"BD"
"5098",68000,"Grad"
"5099",23471,"HS"
"5100",26154,"AD"
"5101",36883,"BD"
"5102",50363,"Grad"
"5103",25528,"HS"
"5104",32604,"AD"
"5105",45517,"BD"
"5106",56940,"Grad"
"5107",29904,"HS"
"5108",39269,"AD"
"5109",59724,"BD"
"5110",74727,"Grad"
"5111",24055,"HS"
"5112",31280,"AD"
"5113",45750,"BD"
"5114",42750,"Grad"
"5115",19666,"HS"
"5116",24019,"AD"
"5117",37500,"BD"
"5118",44688,"Grad"
"5119",28098,"HS"
"5120",35727,"AD"
"5121",53226,"BD"
"5122",70448,"Grad"
"5123",22282,"HS"
"5124",26128,"AD"
"5125",39171,"BD"
"5126",53469,"Grad"
"5127",24447,"HS"
"5128",28015,"AD"
"5129",39631,"BD"
"5130",56128,"Grad"
"5131",21905,"HS"
"5132",27243,"AD"
"5133",37321,"BD"
"5134",61775,"Grad"
"5135",25939,"HS"
"5136",26538,"AD"
"5137",37114,"BD"
"5138",57724,"Grad"
"5139",26767,"HS"
"5140",30241,"AD"
"5141",41761,"BD"
"5142",57969,"Grad"
"5143",23727,"HS"
"5144",29750,"AD"
"5145",55217,"BD"
"5146",78279,"Grad"
"5147",24237,"HS"
"5148",24713,"AD"
"5149",41818,"BD"
"5150",58885,"Grad"
"5151",29931,"HS"
"5152",36955,"AD"
"5153",51341,"BD"
"5154",65461,"Grad"
"5155",24497,"HS"
"5156",28596,"AD"
"5157",40640,"BD"
"5158",54658,"Grad"
"5159",18191,"HS"
"5160",24091,"AD"
"5161",27679,"BD"
"5162",61250,"Grad"
"5163",24630,"HS"
"5164",29634,"AD"
"5165",45072,"BD"
"5166",59967,"Grad"
"5167",23951,"HS"
"5168",29518,"AD"
"5169",43519,"BD"
"5170",69896,"Grad"
"5171",26603,"HS"
"5172",34519,"AD"
"5173",56015,"BD"
"5174",80709,"Grad"
"5175",21611,"HS"
"5176",25916,"AD"
"5177",33103,"BD"
"5178",49632,"Grad"
"5179",20495,"HS"
"5180",21759,"AD"
"5181",41442,"BD"
"5182",54286,"Grad"
"5183",20688,"HS"
"5184",25965,"AD"
"5185",33750,"BD"
"5186",51250,"Grad"
"5187",24204,"HS"
"5188",26545,"AD"
"5189",36469,"BD"
"5190",50750,"Grad"
"5191",18042,"HS"
"5192",20423,"AD"
"5193",24226,"BD"
"5194",27500,"Grad"
"5195",25296,"HS"
"5196",26512,"AD"
"5197",44419,"BD"
"5198",54936,"Grad"
"5199",27201,"HS"
"5200",32564,"AD"
"5201",47099,"BD"
"5202",62258,"Grad"
"5203",22172,"HS"
"5204",27535,"AD"
"5205",38625,"BD"
"5206",45536,"Grad"
"5207",18327,"HS"
"5208",21662,"AD"
"5209",32917,"BD"
"5210",65488,"Grad"
"5211",23209,"HS"
"5212",28434,"AD"
"5213",45872,"BD"
"5214",66182,"Grad"
"5215",25681,"HS"
"5216",31310,"AD"
"5217",47649,"BD"
"5218",66863,"Grad"
"5219",27112,"HS"
"5220",30842,"AD"
"5221",43344,"BD"
"5222",55938,"Grad"
"5223",26378,"HS"
"5224",27357,"AD"
"5225",41050,"BD"
"5226",51094,"Grad"
"5227",21667,"HS"
"5228",30179,"AD"
"5229",37404,"BD"
"5230",55417,"Grad"
"5231",27238,"HS"
"5232",30936,"AD"
"5233",43017,"BD"
"5234",66111,"Grad"
"5235",24089,"HS"
"5236",27359,"AD"
"5237",43741,"BD"
"5238",61404,"Grad"
"5239",25270,"HS"
"5240",33024,"AD"
"5241",45908,"BD"
"5242",61289,"Grad"
"5243",26800,"HS"
"5244",31887,"AD"
"5245",44553,"BD"
"5246",66738,"Grad"
"5247",25662,"HS"
"5248",31428,"AD"
"5249",49320,"BD"
"5250",68444,"Grad"
"5251",23787,"HS"
"5252",24548,"AD"
"5253",41354,"BD"
"5254",66434,"Grad"
"5255",22479,"HS"
"5256",25641,"AD"
"5257",41146,"BD"
"5258",45694,"Grad"
"5259",34659,"HS"
"5260",41332,"AD"
"5261",55070,"BD"
"5262",65458,"Grad"
"5263",25955,"HS"
"5264",28308,"AD"
"5265",41630,"BD"
"5266",51311,"Grad"
"5267",23536,"HS"
"5268",26490,"AD"
"5269",39719,"BD"
"5270",58901,"Grad"
"5271",29251,"HS"
"5272",32723,"AD"
"5273",43135,"BD"
"5274",61250,"Grad"
"5275",26938,"HS"
"5276",30547,"AD"
"5277",33056,"BD"
"5278",54934,"Grad"
"5279",27549,"HS"
"5280",31069,"AD"
"5281",40932,"BD"
"5282",58855,"Grad"
"5283",29418,"HS"
"5284",31689,"AD"
"5285",42049,"BD"
"5286",54550,"Grad"
"5287",27938,"HS"
"5288",33227,"AD"
"5289",45843,"BD"
"5290",60129,"Grad"
"5291",32554,"HS"
"5292",41064,"AD"
"5293",61914,"BD"
"5294",73046,"Grad"
"5295",24470,"HS"
"5296",27476,"AD"
"5297",42238,"BD"
"5298",58287,"Grad"
"5299",26738,"HS"
"5300",30616,"AD"
"5301",45350,"BD"
"5302",53630,"Grad"
"5303",31991,"HS"
"5304",38808,"AD"
"5305",52821,"BD"
"5306",65156,"Grad"
"5307",29714,"HS"
"5308",32345,"AD"
"5309",42260,"BD"
"5310",55994,"Grad"
"5311",26431,"HS"
"5312",28360,"AD"
"5313",40284,"BD"
"5314",52417,"Grad"
"5315",23495,"HS"
"5316",35104,"AD"
"5317",27386,"BD"
"5318",36964,"Grad"
"5319",25938,"HS"
"5320",27449,"AD"
"5321",37458,"BD"
"5322",49583,"Grad"
"5323",24532,"HS"
"5324",29081,"AD"
"5325",42121,"BD"
"5326",56500,"Grad"
"5327",33124,"HS"
"5328",40548,"AD"
"5329",56870,"BD"
"5330",72740,"Grad"
"5331",35106,"HS"
"5332",38836,"AD"
"5333",52052,"BD"
"5334",62955,"Grad"
"5335",25987,"HS"
"5336",31900,"AD"
"5337",41526,"BD"
"5338",50893,"Grad"
"5339",25914,"HS"
"5340",31523,"AD"
"5341",34519,"BD"
"5342",53304,"Grad"
"5343",28236,"HS"
"5344",33168,"AD"
"5345",45254,"BD"
"5346",49702,"Grad"
"5347",26234,"HS"
"5348",31335,"AD"
"5349",42832,"BD"
"5350",60911,"Grad"
"5351",31675,"HS"
"5352",34000,"AD"
"5353",46754,"BD"
"5354",57839,"Grad"
"5355",24470,"HS"
"5356",30781,"AD"
"5357",37589,"BD"
"5358",35417,"Grad"
"5359",28243,"HS"
"5360",36703,"AD"
"5361",53012,"BD"
"5362",71929,"Grad"
"5363",26040,"HS"
"5364",33653,"AD"
"5365",42075,"BD"
"5366",50313,"Grad"
"5367",25203,"HS"
"5368",28658,"AD"
"5369",37325,"BD"
"5370",48798,"Grad"
"5371",34787,"HS"
"5372",35011,"AD"
"5373",44401,"BD"
"5374",59125,"Grad"
"5375",22370,"HS"
"5376",26317,"AD"
"5377",37901,"BD"
"5378",61843,"Grad"
"5379",29033,"HS"
"5380",31183,"AD"
"5381",38139,"BD"
"5382",53750,"Grad"
"5383",27752,"HS"
"5384",30377,"AD"
"5385",42939,"BD"
"5386",45833,"Grad"
"5387",26782,"HS"
"5388",30532,"AD"
"5389",40394,"BD"
"5390",60452,"Grad"
"5391",24191,"HS"
"5392",30283,"AD"
"5393",40086,"BD"
"5394",32212,"Grad"
"5395",24365,"HS"
"5396",32081,"AD"
"5397",42500,"BD"
"5398",63365,"Grad"
"5399",26148,"HS"
"5400",32466,"AD"
"5401",39875,"BD"
"5402",50714,"Grad"
"5403",27157,"HS"
"5404",32036,"AD"
"5405",43906,"BD"
"5406",49643,"Grad"
"5407",20984,"HS"
"5408",25880,"AD"
"5409",45556,"BD"
"5410",62500,"Grad"
"5411",30129,"HS"
"5412",35228,"AD"
"5413",48105,"BD"
"5414",60779,"Grad"
"5415",22046,"HS"
"5416",31996,"AD"
"5417",34769,"BD"
"5418",46458,"Grad"
"5419",26100,"HS"
"5420",31009,"AD"
"5421",41484,"BD"
"5422",47621,"Grad"
"5423",29125,"HS"
"5424",37096,"AD"
"5425",47955,"BD"
"5426",63041,"Grad"
"5427",22750,"HS"
"5428",28649,"AD"
"5429",39306,"BD"
"5430",46875,"Grad"
"5431",30432,"HS"
"5432",34359,"AD"
"5433",41213,"BD"
"5434",50655,"Grad"
"5435",26358,"HS"
"5436",31286,"AD"
"5437",45714,"BD"
"5438",55763,"Grad"
"5439",28825,"HS"
"5440",30851,"AD"
"5441",41631,"BD"
"5442",51382,"Grad"
"5443",27041,"HS"
"5444",30688,"AD"
"5445",45972,"BD"
"5446",54857,"Grad"
"5447",26279,"HS"
"5448",31984,"AD"
"5449",35943,"BD"
"5450",54800,"Grad"
"5451",29056,"HS"
"5452",32576,"AD"
"5453",47828,"BD"
"5454",58983,"Grad"
"5455",25938,"HS"
"5456",29609,"AD"
"5457",42558,"BD"
"5458",56250,"Grad"
"5459",30852,"HS"
"5460",33634,"AD"
"5461",42301,"BD"
"5462",54796,"Grad"
"5463",27646,"HS"
"5464",28981,"AD"
"5465",36773,"BD"
"5466",53750,"Grad"
"5467",25938,"HS"
"5468",30908,"AD"
"5469",41367,"BD"
"5470",48958,"Grad"
"5471",28603,"HS"
"5472",35622,"AD"
"5473",53404,"BD"
"5474",68566,"Grad"
"5475",26656,"HS"
"5476",30421,"AD"
"5477",39766,"BD"
"5478",58603,"Grad"
"5479",26323,"HS"
"5480",30449,"AD"
"5481",45278,"BD"
"5482",58906,"Grad"
"5483",23318,"HS"
"5484",30430,"AD"
"5485",40720,"BD"
"5486",56771,"Grad"
"5487",25332,"HS"
"5488",31657,"AD"
"5489",41588,"BD"
"5490",51389,"Grad"
"5491",26111,"HS"
"5492",32864,"AD"
"5493",41753,"BD"
"5494",51691,"Grad"
"5495",26380,"HS"
"5496",30716,"AD"
"5497",44952,"BD"
"5498",58438,"Grad"
"5499",28796,"HS"
"5500",35111,"AD"
"5501",46276,"BD"
"5502",62606,"Grad"
"5503",27224,"HS"
"5504",31231,"AD"
"5505",36023,"BD"
"5506",50000,"Grad"
"5507",26522,"HS"
"5508",30641,"AD"
"5509",39439,"BD"
"5510",54792,"Grad"
"5511",26987,"HS"
"5512",31572,"AD"
"5513",40699,"BD"
"5514",47411,"Grad"
"5515",29810,"HS"
"5516",34156,"AD"
"5517",45455,"BD"
"5518",63114,"Grad"
"5519",27261,"HS"
"5520",30818,"AD"
"5521",39950,"BD"
"5522",49375,"Grad"
"5523",30140,"HS"
"5524",31619,"AD"
"5525",46591,"BD"
"5526",60329,"Grad"
"5527",25701,"HS"
"5528",31481,"AD"
"5529",42524,"BD"
"5530",59108,"Grad"
"5531",35239,"HS"
"5532",44210,"AD"
"5533",60560,"BD"
"5534",77654,"Grad"
"5535",36765,"HS"
"5536",40490,"AD"
"5537",47472,"BD"
"5538",63526,"Grad"
"5539",30833,"HS"
"5540",32858,"AD"
"5541",42846,"BD"
"5542",49219,"Grad"
"5543",30479,"HS"
"5544",33682,"AD"
"5545",41853,"BD"
"5546",58516,"Grad"
"5547",30261,"HS"
"5548",36379,"AD"
"5549",48207,"BD"
"5550",61875,"Grad"
"5551",23750,"HS"
"5552",30527,"AD"
"5553",40521,"BD"
"5554",61250,"Grad"
"5555",26008,"HS"
"5556",30099,"AD"
"5557",40882,"BD"
"5558",54485,"Grad"
"5559",26213,"HS"
"5560",30621,"AD"
"5561",36896,"BD"
"5562",47143,"Grad"
"5563",28558,"HS"
"5564",25849,"AD"
"5565",43534,"BD"
"5566",46442,"Grad"
"5567",30589,"HS"
"5568",35681,"AD"
"5569",48333,"BD"
"5570",56944,"Grad"
"5571",22326,"HS"
"5572",27356,"AD"
"5573",37917,"BD"
"5574",46544,"Grad"
"5575",28076,"HS"
"5576",31565,"AD"
"5577",43047,"BD"
"5578",59107,"Grad"
"5579",33856,"HS"
"5580",41534,"AD"
"5581",58045,"BD"
"5582",76609,"Grad"
"5583",25708,"HS"
"5584",30997,"AD"
"5585",39375,"BD"
"5586",37188,"Grad"
"5587",27661,"HS"
"5588",33375,"AD"
"5589",45163,"BD"
"5590",39213,"Grad"
"5591",26103,"HS"
"5592",32116,"AD"
"5593",40919,"BD"
"5594",58156,"Grad"
"5595",33669,"HS"
"5596",42215,"AD"
"5597",52404,"BD"
"5598",61017,"Grad"
"5599",26865,"HS"
"5600",31957,"AD"
"5601",39300,"BD"
"5602",52727,"Grad"
"5603",20619,"HS"
"5604",26097,"AD"
"5605",34274,"BD"
"5606",42414,"Grad"
"5607",24121,"HS"
"5608",29339,"AD"
"5609",36494,"BD"
"5610",48462,"Grad"
"5611",21674,"HS"
"5612",26517,"AD"
"5613",39401,"BD"
"5614",31484,"Grad"
"5615",26115,"HS"
"5616",28222,"AD"
"5617",39086,"BD"
"5618",55556,"Grad"
"5619",22021,"HS"
"5620",21436,"AD"
"5621",53750,"BD"
"5622",69400,"Grad"
"5623",23192,"HS"
"5624",26404,"AD"
"5625",35125,"BD"
"5626",50442,"Grad"
"5627",23750,"HS"
"5628",27075,"AD"
"5629",40402,"BD"
"5630",50192,"Grad"
"5631",22125,"HS"
"5632",30683,"AD"
"5633",33847,"BD"
"5634",53125,"Grad"
"5635",23289,"HS"
"5636",23890,"AD"
"5637",40429,"BD"
"5638",53869,"Grad"
"5639",24240,"HS"
"5640",24551,"AD"
"5641",36607,"BD"
"5642",44541,"Grad"
"5643",17602,"HS"
"5644",19281,"AD"
"5645",27000,"BD"
"5646",31471,"Grad"
"5647",26199,"HS"
"5648",25837,"AD"
"5649",35776,"BD"
"5650",37059,"Grad"
"5651",21744,"HS"
"5652",25066,"AD"
"5653",39539,"BD"
"5654",62699,"Grad"
"5655",19679,"HS"
"5656",21820,"AD"
"5657",33202,"BD"
"5658",48102,"Grad"
"5659",24367,"HS"
"5660",30059,"AD"
"5661",35127,"BD"
"5662",41299,"Grad"
"5663",24594,"HS"
"5664",26581,"AD"
"5665",32863,"BD"
"5666",49792,"Grad"
"5667",31212,"HS"
"5668",37686,"AD"
"5669",46705,"BD"
"5670",61801,"Grad"
"5671",23624,"HS"
"5672",24588,"AD"
"5673",36481,"BD"
"5674",49661,"Grad"
"5675",25234,"HS"
"5676",32997,"AD"
"5677",39919,"BD"
"5678",52120,"Grad"
"5679",40448,"HS"
"5680",39799,"AD"
"5681",42402,"BD"
"5682",45720,"Grad"
"5683",24951,"HS"
"5684",28306,"AD"
"5685",37802,"BD"
"5686",37260,"Grad"
"5687",24867,"HS"
"5688",29147,"AD"
"5689",41379,"BD"
"5690",50447,"Grad"
"5691",25411,"HS"
"5692",30567,"AD"
"5693",43766,"BD"
"5694",53106,"Grad"
"5695",24547,"HS"
"5696",30671,"AD"
"5697",39852,"BD"
"5698",54470,"Grad"
"5699",22534,"HS"
"5700",27149,"AD"
"5701",36067,"BD"
"5702",50736,"Grad"
"5703",20592,"HS"
"5704",23197,"AD"
"5705",31609,"BD"
"5706",43889,"Grad"
"5707",22685,"HS"
"5708",22888,"AD"
"5709",39583,"BD"
"5710",37788,"Grad"
"5711",21645,"HS"
"5712",17361,"AD"
"5713",26786,"BD"
"5714",27857,"HS"
"5715",31171,"AD"
"5716",38462,"BD"
"5717",54054,"Grad"
"5718",26871,"HS"
"5719",32366,"AD"
"5720",46313,"BD"
"5721",59977,"Grad"
"5722",22706,"HS"
"5723",27417,"AD"
"5724",40060,"BD"
"5725",41205,"Grad"
"5726",30007,"HS"
"5727",25013,"AD"
"5728",37321,"BD"
"5729",38125,"Grad"
"5730",20294,"HS"
"5731",27428,"AD"
"5732",32941,"BD"
"5733",40694,"Grad"
"5734",28649,"HS"
"5735",27828,"AD"
"5736",38196,"BD"
"5737",49855,"Grad"
"5738",24212,"HS"
"5739",21437,"AD"
"5740",22134,"BD"
"5741",42614,"Grad"
"5742",23750,"HS"
"5743",25296,"AD"
"5744",36333,"BD"
"5745",51611,"Grad"
"5746",25617,"HS"
"5747",31428,"AD"
"5748",42467,"BD"
"5749",51371,"Grad"
"5750",21064,"HS"
"5751",29148,"AD"
"5752",42832,"BD"
"5753",52233,"Grad"
"5754",28920,"HS"
"5755",33274,"AD"
"5756",35989,"BD"
"5757",65096,"Grad"
"5758",20448,"HS"
"5759",28641,"AD"
"5760",37454,"BD"
"5761",46824,"Grad"
"5762",24989,"HS"
"5763",29005,"AD"
"5764",42051,"BD"
"5765",55072,"Grad"
"5766",19521,"HS"
"5767",22329,"AD"
"5768",32813,"BD"
"5769",42348,"Grad"
"5770",25942,"HS"
"5771",27064,"AD"
"5772",41480,"BD"
"5773",51430,"Grad"
"5774",22437,"HS"
"5775",27410,"AD"
"5776",42290,"BD"
"5777",49091,"Grad"
"5778",30277,"HS"
"5779",32901,"AD"
"5780",46751,"BD"
"5781",63168,"Grad"
"5782",26870,"HS"
"5783",23949,"AD"
"5784",42353,"BD"
"5785",41645,"Grad"
"5786",26603,"HS"
"5787",30232,"AD"
"5788",41689,"BD"
"5789",36429,"Grad"
"5790",24685,"HS"
"5791",29803,"AD"
"5792",43302,"BD"
"5793",45202,"Grad"
"5794",21829,"HS"
"5795",28914,"AD"
"5796",34541,"BD"
"5797",37262,"Grad"
"5798",23050,"HS"
"5799",30286,"AD"
"5800",43125,"BD"
"5801",51516,"Grad"
"5802",22816,"HS"
"5803",27882,"AD"
"5804",41063,"BD"
"5805",50774,"Grad"
"5806",15690,"HS"
"5807",16250,"AD"
"5808",26023,"BD"
"5809",32969,"Grad"
"5810",22214,"HS"
"5811",23246,"AD"
"5812",30438,"BD"
"5813",51567,"Grad"
"5814",23313,"HS"
"5815",30382,"AD"
"5816",36842,"BD"
"5817",48462,"Grad"
"5818",27369,"HS"
"5819",31889,"AD"
"5820",45057,"BD"
"5821",46645,"Grad"
"5822",22870,"HS"
"5823",31819,"AD"
"5824",41500,"BD"
"5825",46083,"Grad"
"5826",22068,"HS"
"5827",26178,"AD"
"5828",42031,"BD"
"5829",53250,"Grad"
"5830",26665,"HS"
"5831",31112,"AD"
"5832",40057,"BD"
"5833",42702,"Grad"
"5834",23862,"HS"
"5835",28855,"AD"
"5836",46875,"BD"
"5837",50568,"Grad"
"5838",19072,"HS"
"5839",21250,"AD"
"5840",25391,"BD"
"5841",41250,"Grad"
"5842",29631,"HS"
"5843",35205,"AD"
"5844",48649,"BD"
"5845",58883,"Grad"
"5846",21949,"HS"
"5847",28210,"AD"
"5848",36866,"BD"
"5849",48214,"Grad"
"5850",20394,"HS"
"5851",25152,"AD"
"5852",33030,"BD"
"5853",48750,"Grad"
"5854",26567,"HS"
"5855",30143,"AD"
"5856",41392,"BD"
"5857",42120,"Grad"
"5858",29668,"HS"
"5859",28500,"AD"
"5860",38547,"BD"
"5861",56907,"Grad"
"5862",26656,"HS"
"5863",31274,"AD"
"5864",40134,"BD"
"5865",39570,"Grad"
"5866",21693,"HS"
"5867",20118,"AD"
"5868",32546,"BD"
"5869",37101,"Grad"
"5870",21374,"HS"
"5871",25089,"AD"
"5872",30367,"BD"
"5873",42333,"Grad"
"5874",26831,"HS"
"5875",32706,"AD"
"5876",42640,"BD"
"5877",58321,"Grad"
"5878",24149,"HS"
"5879",24621,"AD"
"5880",32347,"BD"
"5881",44481,"Grad"
"5882",25000,"HS"
"5883",27402,"AD"
"5884",38339,"BD"
"5885",54732,"Grad"
"5886",21101,"HS"
"5887",22921,"AD"
"5888",36715,"BD"
"5889",35889,"Grad"
"5890",25472,"HS"
"5891",27333,"AD"
"5892",38902,"BD"
"5893",48882,"Grad"
"5894",22815,"HS"
"5895",26741,"AD"
"5896",43718,"BD"
"5897",38818,"Grad"
"5898",25180,"HS"
"5899",29960,"AD"
"5900",44472,"BD"
"5901",58657,"Grad"
"5902",19130,"HS"
"5903",22287,"AD"
"5904",36904,"BD"
"5905",48360,"Grad"
"5906",25651,"HS"
"5907",27124,"AD"
"5908",33984,"BD"
"5909",42000,"Grad"
"5910",22865,"HS"
"5911",31143,"AD"
"5912",36569,"BD"
"5913",58438,"Grad"
"5914",27134,"HS"
"5915",35278,"AD"
"5916",41000,"BD"
"5917",34833,"Grad"
"5918",21862,"HS"
"5919",27611,"AD"
"5920",37468,"BD"
"5921",48438,"Grad"
"5922",24948,"HS"
"5923",26157,"AD"
"5924",31719,"BD"
"5925",64531,"Grad"
"5926",20205,"HS"
"5927",24411,"AD"
"5928",40146,"BD"
"5929",52478,"Grad"
"5930",24692,"HS"
"5931",26011,"AD"
"5932",32942,"BD"
"5933",48750,"Grad"
"5934",32093,"HS"
"5935",31290,"AD"
"5936",37156,"BD"
"5937",53144,"Grad"
"5938",26875,"HS"
"5939",34103,"AD"
"5940",37750,"BD"
"5941",42500,"Grad"
"5942",27755,"HS"
"5943",29496,"AD"
"5944",34781,"BD"
"5945",44018,"Grad"
"5946",24193,"HS"
"5947",28840,"AD"
"5948",35276,"BD"
"5949",41367,"Grad"
"5950",21847,"HS"
"5951",30422,"AD"
"5952",35071,"BD"
"5953",50486,"Grad"
"5954",25554,"HS"
"5955",26707,"AD"
"5956",37284,"BD"
"5957",39300,"Grad"
"5958",22912,"HS"
"5959",21624,"AD"
"5960",38300,"BD"
"5961",45776,"Grad"
"5962",29621,"HS"
"5963",28258,"AD"
"5964",37992,"BD"
"5965",58208,"Grad"
"5966",26264,"HS"
"5967",31874,"AD"
"5968",41239,"BD"
"5969",49151,"Grad"
"5970",25793,"HS"
"5971",30996,"AD"
"5972",38862,"BD"
"5973",50050,"Grad"
"5974",23057,"HS"
"5975",27130,"AD"
"5976",37305,"BD"
"5977",48285,"Grad"
"5978",30255,"HS"
"5979",29051,"AD"
"5980",40597,"BD"
"5981",50938,"Grad"
"5982",26322,"HS"
"5983",31465,"AD"
"5984",41575,"BD"
"5985",49799,"Grad"
"5986",22106,"HS"
"5987",24920,"AD"
"5988",32500,"BD"
"5989",44076,"Grad"
"5990",25598,"HS"
"5991",27629,"AD"
"5992",38366,"BD"
"5993",49962,"Grad"
"5994",27736,"HS"
"5995",32238,"AD"
"5996",34063,"BD"
"5997",41174,"Grad"
"5998",20290,"HS"
"5999",25145,"AD"
"6000",45488,"BD"
"6001",48447,"Grad"
"6002",30957,"HS"
"6003",37760,"AD"
"6004",50385,"BD"
"6005",55000,"Grad"
"6006",22604,"HS"
"6007",22103,"AD"
"6008",33407,"BD"
"6009",41625,"Grad"
"6010",30015,"HS"
"6011",24481,"AD"
"6012",30363,"BD"
"6013",37434,"Grad"
"6014",27254,"HS"
"6015",30516,"AD"
"6016",43612,"BD"
"6017",54648,"Grad"
"6018",27708,"HS"
"6019",27457,"AD"
"6020",37984,"BD"
"6021",35441,"Grad"
"6022",32478,"HS"
"6023",37249,"AD"
"6024",49220,"BD"
"6025",57713,"Grad"
"6026",31780,"HS"
"6027",32520,"AD"
"6028",43939,"BD"
"6029",50642,"Grad"
"6030",30054,"HS"
"6031",33626,"AD"
"6032",44294,"BD"
"6033",54406,"Grad"
"6034",26823,"HS"
"6035",29663,"AD"
"6036",37279,"BD"
"6037",44421,"Grad"
"6038",23094,"HS"
"6039",26502,"AD"
"6040",41493,"BD"
"6041",41000,"Grad"
"6042",21223,"HS"
"6043",25769,"AD"
"6044",33873,"BD"
"6045",41250,"Grad"
"6046",25725,"HS"
"6047",30213,"AD"
"6048",33426,"BD"
"6049",39315,"Grad"
"6050",22593,"HS"
"6051",31447,"AD"
"6052",36314,"BD"
"6053",46932,"Grad"
"6054",28780,"HS"
"6055",27948,"AD"
"6056",35708,"BD"
"6057",47321,"Grad"
"6058",28435,"HS"
"6059",28795,"AD"
"6060",31250,"BD"
"6061",38929,"Grad"
"6062",21618,"HS"
"6063",21748,"AD"
"6064",27292,"BD"
"6065",40417,"Grad"
"6066",23403,"HS"
"6067",27335,"AD"
"6068",42254,"BD"
"6069",43516,"Grad"
"6070",29615,"HS"
"6071",31712,"AD"
"6072",41303,"BD"
"6073",48249,"Grad"
"6074",25947,"HS"
"6075",28196,"AD"
"6076",36298,"BD"
"6077",44231,"Grad"
"6078",24406,"HS"
"6079",29872,"AD"
"6080",38289,"BD"
"6081",37778,"Grad"
"6082",24357,"HS"
"6083",27541,"AD"
"6084",38377,"BD"
"6085",48934,"Grad"
"6086",21753,"HS"
"6087",28114,"AD"
"6088",29637,"BD"
"6089",35938,"Grad"
"6090",25534,"HS"
"6091",25655,"AD"
"6092",31290,"BD"
"6093",35938,"Grad"
"6094",24386,"HS"
"6095",27305,"AD"
"6096",35250,"BD"
"6097",48417,"Grad"
"6098",20430,"HS"
"6099",18503,"AD"
"6100",23295,"BD"
"6101",45263,"Grad"
"6102",25020,"HS"
"6103",30516,"AD"
"6104",37000,"BD"
"6105",40000,"Grad"
"6106",27405,"HS"
"6107",32057,"AD"
"6108",32188,"BD"
"6109",45962,"Grad"
"6110",22455,"HS"
"6111",25629,"AD"
"6112",30924,"BD"
"6113",46118,"Grad"
"6114",22853,"HS"
"6115",26704,"AD"
"6116",34726,"BD"
"6117",47813,"Grad"
"6118",27580,"HS"
"6119",33090,"AD"
"6120",45565,"BD"
"6121",55505,"Grad"
"6122",25089,"HS"
"6123",28490,"AD"
"6124",38849,"BD"
"6125",52851,"Grad"
"6126",30587,"HS"
"6127",36268,"AD"
"6128",45510,"BD"
"6129",56373,"Grad"
"6130",27396,"HS"
"6131",30005,"AD"
"6132",36614,"BD"
"6133",49752,"Grad"
"6134",20742,"HS"
"6135",25284,"AD"
"6136",25721,"BD"
"6137",43214,"Grad"
"6138",24250,"HS"
"6139",28171,"AD"
"6140",37464,"BD"
"6141",43804,"Grad"
"6142",30775,"HS"
"6143",33190,"AD"
"6144",42143,"BD"
"6145",45906,"Grad"
"6146",24549,"HS"
"6147",26268,"AD"
"6148",39023,"BD"
"6149",50978,"Grad"
"6150",22813,"HS"
"6151",27685,"AD"
"6152",39205,"BD"
"6153",34306,"Grad"
"6154",29737,"HS"
"6155",34003,"AD"
"6156",43945,"BD"
"6157",58110,"Grad"
"6158",26867,"HS"
"6159",24023,"AD"
"6160",33700,"BD"
"6161",47708,"Grad"
"6162",25146,"HS"
"6163",25247,"AD"
"6164",38939,"BD"
"6165",44911,"Grad"
"6166",26553,"HS"
"6167",30338,"AD"
"6168",36296,"BD"
"6169",48194,"Grad"
"6170",25879,"HS"
"6171",27091,"AD"
"6172",31850,"BD"
"6173",40900,"Grad"
"6174",20304,"HS"
"6175",22068,"AD"
"6176",29038,"BD"
"6177",29667,"Grad"
"6178",28830,"HS"
"6179",30488,"AD"
"6180",37478,"BD"
"6181",42273,"Grad"
"6182",25342,"HS"
"6183",30385,"AD"
"6184",34799,"BD"
"6185",47171,"Grad"
"6186",26553,"HS"
"6187",26567,"AD"
"6188",40833,"BD"
"6189",42750,"Grad"
"6190",23662,"HS"
"6191",26220,"AD"
"6192",45383,"BD"
"6193",47898,"Grad"
"6194",20946,"HS"
"6195",19583,"AD"
"6196",31577,"BD"
"6197",48521,"Grad"
"6198",26416,"HS"
"6199",31058,"AD"
"6200",38750,"BD"
"6201",40379,"Grad"
"6202",26155,"HS"
"6203",24979,"AD"
"6204",35962,"BD"
"6205",42969,"Grad"
"6206",23831,"HS"
"6207",30596,"AD"
"6208",29676,"BD"
"6209",50147,"Grad"
"6210",21671,"HS"
"6211",25041,"AD"
"6212",31313,"BD"
"6213",47500,"Grad"
"6214",23810,"HS"
"6215",26096,"AD"
"6216",36394,"BD"
"6217",41637,"Grad"
"6218",25321,"HS"
"6219",29635,"AD"
"6220",38546,"BD"
"6221",45425,"Grad"
"6222",27182,"HS"
"6223",29536,"AD"
"6224",35183,"BD"
"6225",44545,"Grad"
"6226",22089,"HS"
"6227",19701,"AD"
"6228",30618,"BD"
"6229",31635,"Grad"
"6230",31615,"HS"
"6231",31490,"AD"
"6232",40733,"BD"
"6233",47656,"Grad"
"6234",22500,"HS"
"6235",22103,"AD"
"6236",20956,"BD"
"6237",36125,"Grad"
"6238",25360,"HS"
"6239",24454,"AD"
"6240",39105,"BD"
"6241",45855,"Grad"
"6242",29974,"HS"
"6243",28952,"AD"
"6244",42399,"BD"
"6245",37188,"Grad"
"6246",23997,"HS"
"6247",24955,"AD"
"6248",35822,"BD"
"6249",43785,"Grad"
"6250",25101,"HS"
"6251",28351,"AD"
"6252",33342,"BD"
"6253",44453,"Grad"
"6254",27270,"HS"
"6255",30156,"AD"
"6256",34531,"BD"
"6257",40000,"Grad"
"6258",31844,"HS"
"6259",41362,"AD"
"6260",50607,"BD"
"6261",68505,"Grad"
"6262",24616,"HS"
"6263",26239,"AD"
"6264",34516,"BD"
"6265",42500,"Grad"
"6266",26951,"HS"
"6267",36364,"AD"
"6268",39236,"BD"
"6269",52175,"Grad"
"6270",22344,"HS"
"6271",27292,"AD"
"6272",33984,"BD"
"6273",29205,"Grad"
"6274",26733,"HS"
"6275",30388,"AD"
"6276",38088,"BD"
"6277",51650,"Grad"
"6278",25833,"HS"
"6279",26372,"AD"
"6280",34351,"BD"
"6281",48224,"Grad"
"6282",31528,"HS"
"6283",36329,"AD"
"6284",36313,"BD"
"6285",54157,"Grad"
"6286",21586,"HS"
"6287",26289,"AD"
"6288",39167,"BD"
"6289",46071,"Grad"
"6290",20301,"HS"
"6291",22865,"AD"
"6292",32662,"BD"
"6293",45260,"Grad"
"6294",32496,"HS"
"6295",40565,"AD"
"6296",54713,"BD"
"6297",66452,"Grad"
"6298",23827,"HS"
"6299",24524,"AD"
"6300",31823,"BD"
"6301",31995,"Grad"
"6302",27118,"HS"
"6303",38004,"AD"
"6304",50100,"BD"
"6305",49063,"Grad"
"6306",24446,"HS"
"6307",27324,"AD"
"6308",40454,"BD"
"6309",53320,"Grad"
"6310",27877,"HS"
"6311",33384,"AD"
"6312",50323,"BD"
"6313",68973,"Grad"
"6314",25596,"HS"
"6315",25168,"AD"
"6316",36490,"BD"
"6317",42415,"Grad"
"6318",22684,"HS"
"6319",21123,"AD"
"6320",35956,"BD"
"6321",46250,"Grad"
"6322",22443,"HS"
"6323",21884,"AD"
"6324",35455,"BD"
"6325",37188,"Grad"
"6326",24493,"HS"
"6327",28448,"AD"
"6328",36784,"BD"
"6329",43352,"Grad"
"6330",21880,"HS"
"6331",18582,"AD"
"6332",26667,"BD"
"6333",43000,"Grad"
"6334",23571,"HS"
"6335",22129,"AD"
"6336",33889,"BD"
"6337",32083,"Grad"
"6338",25113,"HS"
"6339",30118,"AD"
"6340",37692,"BD"
"6341",43254,"Grad"
"6342",20467,"HS"
"6343",21769,"AD"
"6344",33474,"BD"
"6345",40888,"Grad"
"6346",24970,"HS"
"6347",23900,"AD"
"6348",28681,"BD"
"6349",24128,"Grad"
"6350",22023,"HS"
"6351",22145,"AD"
"6352",34563,"BD"
"6353",52304,"Grad"
"6354",21929,"HS"
"6355",25338,"AD"
"6356",35804,"BD"
"6357",38182,"Grad"
"6358",23041,"HS"
"6359",23143,"AD"
"6360",32471,"BD"
"6361",44688,"Grad"
"6362",28563,"HS"
"6363",33371,"AD"
"6364",39855,"BD"
"6365",47169,"Grad"
"6366",23851,"HS"
"6367",25608,"AD"
"6368",34517,"BD"
"6369",51375,"Grad"
"6370",23484,"HS"
"6371",25641,"AD"
"6372",31157,"BD"
"6373",40750,"Grad"
"6374",25525,"HS"
"6375",29194,"AD"
"6376",39023,"BD"
"6377",46250,"Grad"
"6378",23869,"HS"
"6379",25000,"AD"
"6380",25500,"BD"
"6381",76607,"Grad"
"6382",19205,"HS"
"6383",22383,"AD"
"6384",30472,"BD"
"6385",39571,"Grad"
"6386",22641,"HS"
"6387",28714,"AD"
"6388",42297,"BD"
"6389",52662,"Grad"
"6390",21600,"HS"
"6391",29433,"AD"
"6392",31482,"BD"
"6393",51221,"Grad"
"6394",22327,"HS"
"6395",28941,"AD"
"6396",36791,"BD"
"6397",40568,"Grad"
"6398",23302,"HS"
"6399",27563,"AD"
"6400",34958,"BD"
"6401",36667,"Grad"
"6402",26574,"HS"
"6403",26857,"AD"
"6404",43304,"BD"
"6405",53973,"Grad"
"6406",23910,"HS"
"6407",30742,"AD"
"6408",31577,"BD"
"6409",47548,"Grad"
"6410",16750,"HS"
"6411",25787,"AD"
"6412",27750,"BD"
"6413",3000,"Grad"
"6414",24449,"HS"
"6415",29215,"AD"
"6416",38170,"BD"
"6417",52238,"Grad"
"6418",22338,"HS"
"6419",26726,"AD"
"6420",31600,"BD"
"6421",40625,"Grad"
"6422",23526,"HS"
"6423",25885,"AD"
"6424",40000,"BD"
"6425",51447,"Grad"
"6426",16648,"HS"
"6427",27639,"AD"
"6428",36250,"BD"
"6429",60833,"Grad"
"6430",26188,"HS"
"6431",26840,"AD"
"6432",33954,"BD"
"6433",50777,"Grad"
"6434",17485,"HS"
"6435",31141,"AD"
"6436",29375,"BD"
"6437",56250,"Grad"
"6438",31410,"HS"
"6439",30972,"AD"
"6440",40625,"BD"
"6441",52708,"Grad"
"6442",18740,"HS"
"6443",29694,"AD"
"6444",26702,"BD"
"6445",48925,"Grad"
"6446",23973,"HS"
"6447",26039,"AD"
"6448",33703,"BD"
"6449",49719,"Grad"
"6450",27881,"HS"
"6451",27263,"AD"
"6452",33674,"BD"
"6453",50040,"Grad"
"6454",29375,"HS"
"6455",36917,"AD"
"6456",37788,"BD"
"6457",33750,"Grad"
"6458",28009,"HS"
"6459",22778,"AD"
"6460",37440,"BD"
"6461",59107,"Grad"
"6462",22500,"HS"
"6463",22375,"AD"
"6464",25781,"BD"
"6465",36875,"Grad"
"6466",21115,"HS"
"6467",25949,"AD"
"6468",38036,"BD"
"6469",47188,"Grad"
"6470",23802,"HS"
"6471",31067,"AD"
"6472",41000,"BD"
"6473",51574,"Grad"
"6474",28250,"HS"
"6475",29879,"AD"
"6476",48320,"BD"
"6477",59401,"Grad"
"6478",19412,"HS"
"6479",27054,"AD"
"6480",31413,"BD"
"6481",57644,"Grad"
"6482",20367,"HS"
"6483",21497,"AD"
"6484",33750,"BD"
"6485",41328,"Grad"
"6486",25472,"HS"
"6487",31682,"AD"
"6488",44291,"BD"
"6489",52353,"Grad"
"6490",25125,"HS"
"6491",30767,"AD"
"6492",21708,"BD"
"6493",60417,"Grad"
"6494",20568,"HS"
"6495",21129,"AD"
"6496",36563,"BD"
"6497",33125,"Grad"
"6498",30434,"HS"
"6499",27292,"AD"
"6500",34286,"BD"
"6501",27083,"Grad"
"6502",22917,"HS"
"6503",26097,"AD"
"6504",32500,"BD"
"6505",48289,"Grad"
"6506",16759,"HS"
"6507",18871,"AD"
"6508",27500,"BD"
"6509",17361,"Grad"
"6510",16832,"HS"
"6511",21472,"AD"
"6512",28625,"BD"
"6513",9500,"Grad"
"6514",25731,"HS"
"6515",26977,"AD"
"6516",32393,"BD"
"6517",50244,"Grad"
"6518",26505,"HS"
"6519",24750,"AD"
"6520",32500,"BD"
"6521",36522,"Grad"
"6522",25484,"HS"
"6523",23728,"AD"
"6524",31541,"BD"
"6525",34222,"Grad"
"6526",17083,"HS"
"6527",16375,"AD"
"6528",29625,"BD"
"6529",26250,"Grad"
"6530",31136,"HS"
"6531",27269,"AD"
"6532",31250,"BD"
"6533",55066,"Grad"
"6534",24080,"HS"
"6535",26094,"AD"
"6536",33125,"BD"
"6537",50938,"Grad"
"6538",22500,"HS"
"6539",24271,"AD"
"6540",30625,"BD"
"6541",41607,"Grad"
"6542",15714,"HS"
"6543",21994,"AD"
"6544",38828,"BD"
"6545",33804,"Grad"
"6546",15417,"HS"
"6547",17250,"AD"
"6548",22500,"BD"
"6549",39444,"Grad"
"6550",20909,"HS"
"6551",24388,"AD"
"6552",34109,"BD"
"6553",48629,"Grad"
"6554",30804,"HS"
"6555",29718,"AD"
"6556",33462,"BD"
"6557",59583,"Grad"
"6558",31217,"HS"
"6559",34949,"AD"
"6560",42515,"BD"
"6561",44239,"Grad"
"6562",25694,"HS"
"6563",29141,"AD"
"6564",40817,"BD"
"6565",52652,"Grad"
"6566",20500,"HS"
"6567",20105,"AD"
"6568",22174,"BD"
"6569",46250,"Grad"
"6570",23182,"HS"
"6571",26028,"AD"
"6572",42727,"BD"
"6573",36563,"Grad"
"6574",24383,"HS"
"6575",26291,"AD"
"6576",39940,"BD"
"6577",49554,"Grad"
"6578",32426,"HS"
"6579",30254,"AD"
"6580",39444,"BD"
"6581",43000,"Grad"
"6582",22500,"HS"
"6583",25446,"AD"
"6584",30395,"BD"
"6585",39375,"Grad"
"6586",24158,"HS"
"6587",26799,"AD"
"6588",31216,"BD"
"6589",47000,"Grad"
"6590",20977,"HS"
"6591",29340,"AD"
"6592",32461,"BD"
"6593",49271,"Grad"
"6594",24688,"HS"
"6595",22500,"AD"
"6596",25893,"BD"
"6597",45500,"Grad"
"6598",25938,"HS"
"6599",31332,"AD"
"6600",40933,"BD"
"6601",47083,"Grad"
"6602",23750,"HS"
"6603",30833,"AD"
"6604",25192,"BD"
"6605",33000,"Grad"
"6606",22321,"HS"
"6607",29444,"AD"
"6608",30625,"BD"
"6609",105750,"Grad"
"6610",25704,"HS"
"6611",31158,"AD"
"6612",42281,"BD"
"6613",54508,"Grad"
"6614",25668,"HS"
"6615",30679,"AD"
"6616",40573,"BD"
"6617",55455,"Grad"
"6618",23283,"HS"
"6619",28967,"AD"
"6620",33889,"BD"
"6621",53304,"Grad"
"6622",26406,"HS"
"6623",26167,"AD"
"6624",20893,"BD"
"6625",46250,"Grad"
"6626",12404,"HS"
"6627",21544,"AD"
"6628",29000,"BD"
"6629",55250,"Grad"
"6630",21484,"HS"
"6631",25795,"AD"
"6632",34318,"BD"
"6633",25967,"HS"
"6634",25879,"AD"
"6635",32031,"BD"
"6636",43672,"Grad"
"6637",31863,"HS"
"6638",31070,"AD"
"6639",39878,"BD"
"6640",53167,"Grad"
"6641",20341,"HS"
"6642",22813,"AD"
"6643",31875,"BD"
"6644",42083,"Grad"
"6645",22054,"HS"
"6646",25051,"AD"
"6647",30083,"BD"
"6648",46000,"Grad"
"6649",25756,"HS"
"6650",29439,"AD"
"6651",40000,"BD"
"6652",56005,"Grad"
"6653",25685,"HS"
"6654",31798,"AD"
"6655",35893,"BD"
"6656",46932,"Grad"
"6657",28628,"HS"
"6658",32439,"AD"
"6659",42404,"BD"
"6660",62273,"Grad"
"6661",30502,"HS"
"6662",35761,"AD"
"6663",42394,"BD"
"6664",64688,"Grad"
"6665",26040,"HS"
"6666",29676,"AD"
"6667",34712,"BD"
"6668",50833,"Grad"
"6669",22384,"HS"
"6670",23084,"AD"
"6671",40455,"BD"
"6672",46500,"Grad"
"6673",21496,"HS"
"6674",27321,"AD"
"6675",36667,"BD"
"6676",38750,"Grad"
"6677",25561,"HS"
"6678",31620,"AD"
"6679",43282,"BD"
"6680",54167,"Grad"
"6681",25698,"HS"
"6682",29234,"AD"
"6683",32679,"BD"
"6684",54107,"Grad"
"6685",28211,"HS"
"6686",27066,"AD"
"6687",39552,"BD"
"6688",51125,"Grad"
"6689",26900,"HS"
"6690",29797,"AD"
"6691",40714,"BD"
"6692",53101,"Grad"
"6693",25631,"HS"
"6694",27108,"AD"
"6695",36809,"BD"
"6696",55385,"Grad"
"6697",24070,"HS"
"6698",30688,"AD"
"6699",39773,"BD"
"6700",55056,"Grad"
"6701",21141,"HS"
"6702",18164,"AD"
"6703",30210,"BD"
"6704",51452,"Grad"
"6705",28223,"HS"
"6706",28765,"AD"
"6707",35552,"BD"
"6708",44531,"Grad"
"6709",25938,"HS"
"6710",25435,"AD"
"6711",40781,"BD"
"6712",56667,"Grad"
"6713",28304,"HS"
"6714",28382,"AD"
"6715",36283,"BD"
"6716",44808,"Grad"
"6717",26735,"HS"
"6718",31629,"AD"
"6719",41738,"BD"
"6720",51688,"Grad"
"6721",26686,"HS"
"6722",32169,"AD"
"6723",46674,"BD"
"6724",59227,"Grad"
"6725",23750,"HS"
"6726",28913,"AD"
"6727",41176,"BD"
"6728",44063,"Grad"
"6729",22500,"HS"
"6730",27773,"AD"
"6731",32177,"BD"
"6732",41250,"Grad"
"6733",23839,"HS"
"6734",29844,"AD"
"6735",41786,"BD"
"6736",37813,"Grad"
"6737",25417,"HS"
"6738",31905,"AD"
"6739",38315,"BD"
"6740",39643,"Grad"
"6741",22417,"HS"
"6742",26853,"AD"
"6743",44191,"BD"
"6744",45438,"Grad"
"6745",24871,"HS"
"6746",30124,"AD"
"6747",46763,"BD"
"6748",53465,"Grad"
"6749",24632,"HS"
"6750",21846,"AD"
"6751",21000,"BD"
"6752",28750,"Grad"
"6753",20375,"HS"
"6754",21726,"AD"
"6755",35089,"BD"
"6756",18571,"Grad"
"6757",22206,"HS"
"6758",27813,"AD"
"6759",20341,"BD"
"6760",44375,"Grad"
"6761",29375,"HS"
"6762",17266,"AD"
"6763",33875,"BD"
"6764",35833,"Grad"
"6765",25000,"HS"
"6766",24239,"AD"
"6767",35227,"BD"
"6768",41000,"Grad"
"6769",26883,"HS"
"6770",29266,"AD"
"6771",39193,"BD"
"6772",54817,"Grad"
"6773",30818,"HS"
"6774",29815,"AD"
"6775",39110,"BD"
"6776",57546,"Grad"
"6777",22094,"HS"
"6778",29191,"AD"
"6779",31167,"BD"
"6780",48333,"Grad"
"6781",28214,"HS"
"6782",26184,"AD"
"6783",38958,"BD"
"6784",21875,"Grad"
"6785",25795,"HS"
"6786",28553,"AD"
"6787",36250,"BD"
"6788",43531,"Grad"
"6789",25063,"HS"
"6790",26667,"AD"
"6791",36563,"BD"
"6792",51125,"Grad"
"6793",13750,"HS"
"6794",20000,"AD"
"6795",30625,"BD"
"6796",63393,"Grad"
"6797",30096,"HS"
"6798",26907,"AD"
"6799",40594,"BD"
"6800",47054,"Grad"
"6801",24821,"HS"
"6802",28137,"AD"
"6803",39219,"BD"
"6804",52708,"Grad"
"6805",26473,"HS"
"6806",32411,"AD"
"6807",39250,"BD"
"6808",41667,"Grad"
"6809",29148,"HS"
"6810",29922,"AD"
"6811",37460,"BD"
"6812",51219,"Grad"
"6813",27708,"HS"
"6814",25678,"AD"
"6815",41898,"BD"
"6816",44716,"Grad"
"6817",24917,"HS"
"6818",23095,"AD"
"6819",27250,"BD"
"6820",36250,"Grad"
"6821",26656,"HS"
"6822",25893,"AD"
"6823",40000,"BD"
"6824",48846,"Grad"
"6825",25250,"HS"
"6826",27229,"AD"
"6827",31929,"BD"
"6828",47750,"Grad"
"6829",26736,"HS"
"6830",31614,"AD"
"6831",42490,"BD"
"6832",54904,"Grad"
"6833",26374,"HS"
"6834",32182,"AD"
"6835",40148,"BD"
"6836",59828,"Grad"
"6837",23000,"HS"
"6838",28021,"AD"
"6839",33750,"BD"
"6840",21250,"Grad"
"6841",17969,"HS"
"6842",17500,"AD"
"6843",34375,"BD"
"6844",51250,"Grad"
"6845",25625,"HS"
"6846",41042,"AD"
"6847",33000,"BD"
"6848",25928,"HS"
"6849",31220,"AD"
"6850",40725,"BD"
"6851",50128,"Grad"
"6852",27250,"HS"
"6853",30420,"AD"
"6854",30236,"BD"
"6855",42042,"Grad"
"6856",25019,"HS"
"6857",27136,"AD"
"6858",41607,"BD"
"6859",38929,"Grad"
"6860",25139,"HS"
"6861",28250,"AD"
"6862",42625,"BD"
"6863",40417,"Grad"
"6864",25694,"HS"
"6865",31728,"AD"
"6866",41422,"BD"
"6867",46429,"Grad"
"6868",21196,"HS"
"6869",24436,"AD"
"6870",29375,"BD"
"6871",52500,"Grad"
"6872",27380,"HS"
"6873",32116,"AD"
"6874",38631,"BD"
"6875",55071,"Grad"
"6876",29963,"HS"
"6877",27102,"AD"
"6878",36607,"BD"
"6879",46875,"Grad"
"6880",26889,"HS"
"6881",27299,"AD"
"6882",43571,"BD"
"6883",47083,"Grad"
"6884",23681,"HS"
"6885",31818,"AD"
"6886",39810,"BD"
"6887",43077,"Grad"
"6888",28994,"HS"
"6889",28798,"AD"
"6890",41076,"BD"
"6891",47411,"Grad"
"6892",27793,"HS"
"6893",32800,"AD"
"6894",44193,"BD"
"6895",53333,"Grad"
"6896",29539,"HS"
"6897",31635,"AD"
"6898",36500,"BD"
"6899",50655,"Grad"
"6900",22321,"HS"
"6901",27715,"AD"
"6902",39304,"BD"
"6903",44841,"Grad"
"6904",27520,"HS"
"6905",31335,"AD"
"6906",30313,"BD"
"6907",35000,"Grad"
"6908",20313,"HS"
"6909",25795,"AD"
"6910",39250,"BD"
"6911",51250,"Grad"
"6912",28399,"HS"
"6913",31582,"AD"
"6914",34180,"BD"
"6915",49063,"Grad"
"6916",29931,"HS"
"6917",36630,"AD"
"6918",49886,"BD"
"6919",66569,"Grad"
"6920",31599,"HS"
"6921",36263,"AD"
"6922",46815,"BD"
"6923",56250,"Grad"
"6924",24083,"HS"
"6925",27799,"AD"
"6926",37693,"BD"
"6927",56150,"Grad"
"6928",29715,"HS"
"6929",37418,"AD"
"6930",44292,"BD"
"6931",55373,"Grad"
"6932",25051,"HS"
"6933",23073,"AD"
"6934",30000,"BD"
"6935",63897,"Grad"
"6936",27000,"HS"
"6937",30417,"AD"
"6938",37375,"BD"
"6939",47250,"Grad"
"6940",24931,"HS"
"6941",27130,"AD"
"6942",40179,"BD"
"6943",45750,"Grad"
"6944",25717,"HS"
"6945",31508,"AD"
"6946",40676,"BD"
"6947",56250,"Grad"
"6948",24932,"HS"
"6949",30273,"AD"
"6950",27875,"BD"
"6951",48125,"Grad"
"6952",30750,"HS"
"6953",31607,"AD"
"6954",34063,"BD"
"6955",49375,"Grad"
"6956",26056,"HS"
"6957",29549,"AD"
"6958",39500,"BD"
"6959",54000,"Grad"
"6960",25603,"HS"
"6961",29766,"AD"
"6962",43264,"BD"
"6963",42500,"Grad"
"6964",31291,"HS"
"6965",39222,"AD"
"6966",45389,"BD"
"6967",62132,"Grad"
"6968",27354,"HS"
"6969",32253,"AD"
"6970",35152,"BD"
"6971",42127,"Grad"
"6972",22452,"HS"
"6973",25776,"AD"
"6974",37708,"BD"
"6975",49583,"Grad"
"6976",32143,"HS"
"6977",23750,"AD"
"6978",41136,"BD"
"6979",55313,"Grad"
"6980",25741,"HS"
"6981",28805,"AD"
"6982",36978,"BD"
"6983",51500,"Grad"
"6984",28603,"HS"
"6985",35171,"AD"
"6986",50825,"BD"
"6987",72083,"Grad"
"6988",30270,"HS"
"6989",36140,"AD"
"6990",46109,"BD"
"6991",63280,"Grad"
"6992",30515,"HS"
"6993",33994,"AD"
"6994",51136,"BD"
"6995",68162,"Grad"
"6996",40752,"HS"
"6997",40179,"AD"
"6998",60027,"BD"
"6999",67212,"Grad"
"7000",24583,"HS"
"7001",26406,"AD"
"7002",39107,"BD"
"7003",51477,"HS"
"7004",39038,"AD"
"7005",41806,"BD"
"7006",60417,"Grad"
"7007",31533,"HS"
"7008",44457,"AD"
"7009",51159,"BD"
"7010",70417,"Grad"
"7011",60125,"HS"
"7012",47987,"AD"
"7013",86895,"BD"
"7014",66176,"Grad"
"7015",24611,"HS"
"7016",35192,"AD"
"7017",43438,"BD"
"7018",60313,"Grad"
"7019",28440,"HS"
"7020",32610,"AD"
"7021",41056,"BD"
"7022",71976,"Grad"
"7023",36667,"HS"
"7024",33542,"AD"
"7025",50679,"BD"
"7026",61806,"Grad"
"7027",22235,"HS"
"7028",25809,"AD"
"7029",41443,"BD"
"7030",64777,"Grad"
"7031",31717,"HS"
"7032",29773,"AD"
"7033",59205,"BD"
"7034",64821,"Grad"
"7035",31793,"HS"
"7036",37205,"AD"
"7037",41744,"BD"
"7038",105673,"Grad"
"7039",27917,"HS"
"7040",34036,"AD"
"7041",45329,"BD"
"7042",64929,"Grad"
"7043",39153,"HS"
"7044",36369,"AD"
"7045",45755,"BD"
"7046",47014,"Grad"
"7047",28900,"HS"
"7048",33686,"AD"
"7049",51046,"BD"
"7050",71071,"Grad"
"7051",31106,"HS"
"7052",36466,"AD"
"7053",42753,"BD"
"7054",62023,"Grad"
"7055",26860,"HS"
"7056",29504,"AD"
"7057",39655,"BD"
"7058",44283,"Grad"
"7059",31798,"HS"
"7060",32323,"AD"
"7061",40726,"BD"
"7062",54545,"Grad"
"7063",25774,"HS"
"7064",30415,"AD"
"7065",38988,"BD"
"7066",52127,"Grad"
"7067",28050,"HS"
"7068",32735,"AD"
"7069",44045,"BD"
"7070",63479,"Grad"
"7071",34064,"HS"
"7072",39549,"AD"
"7073",53547,"BD"
"7074",74408,"Grad"
"7075",32173,"HS"
"7076",37390,"AD"
"7077",48519,"BD"
"7078",61318,"Grad"
"7079",35209,"HS"
"7080",40523,"AD"
"7081",58282,"BD"
"7082",69351,"Grad"
"7083",29888,"HS"
"7084",36207,"AD"
"7085",51321,"BD"
"7086",56182,"Grad"
"7087",31966,"HS"
"7088",36145,"AD"
"7089",44892,"BD"
"7090",53031,"Grad"
"7091",29907,"HS"
"7092",35075,"AD"
"7093",47329,"BD"
"7094",72924,"Grad"
"7095",35039,"HS"
"7096",43710,"AD"
"7097",61575,"BD"
"7098",85598,"Grad"
"7099",35991,"HS"
"7100",43995,"AD"
"7101",63165,"BD"
"7102",83733,"Grad"
"7103",32560,"HS"
"7104",40172,"AD"
"7105",55143,"BD"
"7106",75734,"Grad"
"7107",31194,"HS"
"7108",36921,"AD"
"7109",50386,"BD"
"7110",69329,"Grad"
"7111",31374,"HS"
"7112",36230,"AD"
"7113",51519,"BD"
"7114",66486,"Grad"
"7115",30633,"HS"
"7116",36918,"AD"
"7117",58006,"BD"
"7118",83266,"Grad"
"7119",36610,"HS"
"7120",45629,"AD"
"7121",61783,"BD"
"7122",73840,"Grad"
"7123",30173,"HS"
"7124",35909,"AD"
"7125",58657,"BD"
"7126",77012,"Grad"
"7127",38914,"HS"
"7128",49448,"AD"
"7129",69236,"BD"
"7130",100579,"Grad"
"7131",31685,"HS"
"7132",41883,"AD"
"7133",63645,"BD"
"7134",86056,"Grad"
"7135",35964,"HS"
"7136",44745,"AD"
"7137",62988,"BD"
"7138",83616,"Grad"
"7139",33889,"HS"
"7140",44704,"AD"
"7141",65906,"BD"
"7142",87701,"Grad"
"7143",37546,"HS"
"7144",47301,"AD"
"7145",66111,"BD"
"7146",94788,"Grad"
"7147",34001,"HS"
"7148",41596,"AD"
"7149",54748,"BD"
"7150",68611,"Grad"
"7151",30551,"HS"
"7152",39663,"AD"
"7153",54504,"BD"
"7154",73812,"Grad"
"7155",34656,"HS"
"7156",39391,"AD"
"7157",55694,"BD"
"7158",73879,"Grad"
"7159",35272,"HS"
"7160",46139,"AD"
"7161",70253,"BD"
"7162",97201,"Grad"
"7163",37469,"HS"
"7164",45964,"AD"
"7165",62255,"BD"
"7166",83340,"Grad"
"7167",30393,"HS"
"7168",40112,"AD"
"7169",60738,"BD"
"7170",84854,"Grad"
"7171",38895,"HS"
"7172",43139,"AD"
"7173",59412,"BD"
"7174",85357,"Grad"
"7175",26407,"HS"
"7176",31219,"AD"
"7177",44161,"BD"
"7178",59605,"Grad"
"7179",23310,"HS"
"7180",25318,"AD"
"7181",31957,"BD"
"7182",31900,"Grad"
"7183",23612,"HS"
"7184",25040,"AD"
"7185",43116,"BD"
"7186",47411,"Grad"
"7187",21879,"HS"
"7188",26744,"AD"
"7189",41480,"BD"
"7190",49728,"Grad"
"7191",21688,"HS"
"7192",25466,"AD"
"7193",35523,"BD"
"7194",42567,"Grad"
"7195",26292,"HS"
"7196",28262,"AD"
"7197",43966,"BD"
"7198",49336,"Grad"
"7199",24750,"HS"
"7200",29583,"AD"
"7201",41458,"BD"
"7202",74630,"Grad"
"7203",21066,"HS"
"7204",25482,"AD"
"7205",41442,"BD"
"7206",52662,"Grad"
"7207",27946,"HS"
"7208",36576,"AD"
"7209",58000,"BD"
"7210",60706,"Grad"
"7211",21516,"HS"
"7212",25465,"AD"
"7213",34851,"BD"
"7214",53089,"Grad"
"7215",17422,"HS"
"7216",18243,"AD"
"7217",37361,"BD"
"7218",88750,"Grad"
"7219",25313,"HS"
"7220",16635,"AD"
"7221",37500,"BD"
"7222",19861,"Grad"
"7223",27461,"HS"
"7224",26985,"AD"
"7225",32303,"BD"
"7226",52500,"Grad"
"7227",27687,"HS"
"7228",35306,"AD"
"7229",45305,"BD"
"7230",54172,"Grad"
"7231",25108,"HS"
"7232",25686,"AD"
"7233",45488,"BD"
"7234",54107,"Grad"
"7235",41433,"HS"
"7236",44683,"AD"
"7237",55911,"BD"
"7238",107238,"Grad"
"7239",18262,"HS"
"7240",21557,"AD"
"7241",34929,"BD"
"7242",43463,"Grad"
"7243",19954,"HS"
"7244",25842,"AD"
"7245",43207,"BD"
"7246",58791,"Grad"
"7247",33086,"HS"
"7248",18398,"AD"
"7249",12356,"BD"
"7250",53049,"Grad"
"7251",21917,"HS"
"7252",26400,"AD"
"7253",39704,"BD"
"7254",57888,"Grad"
"7255",21857,"HS"
"7256",26847,"AD"
"7257",41516,"BD"
"7258",68077,"Grad"
"7259",27114,"HS"
"7260",30631,"AD"
"7261",45528,"BD"
"7262",52851,"Grad"
"7263",26637,"HS"
"7264",28962,"AD"
"7265",34216,"BD"
"7266",47500,"Grad"
"7267",30337,"HS"
"7268",36526,"AD"
"7269",46649,"BD"
"7270",57115,"Grad"
"7271",29552,"HS"
"7272",33098,"AD"
"7273",45418,"BD"
"7274",57428,"Grad"
"7275",21929,"HS"
"7276",25269,"AD"
"7277",37766,"BD"
"7278",53603,"Grad"
"7279",24972,"HS"
"7280",31315,"AD"
"7281",41744,"BD"
"7282",55151,"Grad"
"7283",21525,"HS"
"7284",25704,"AD"
"7285",36475,"BD"
"7286",12045,"Grad"
"7287",23849,"HS"
"7288",21842,"AD"
"7289",33173,"BD"
"7290",53923,"Grad"
"7291",20612,"HS"
"7292",23724,"AD"
"7293",30885,"BD"
"7294",41789,"Grad"
"7295",26446,"HS"
"7296",25981,"AD"
"7297",44708,"BD"
"7298",49440,"Grad"
"7299",21522,"HS"
"7300",24097,"AD"
"7301",45694,"BD"
"7302",42222,"Grad"
"7303",28127,"HS"
"7304",31616,"AD"
"7305",41726,"BD"
"7306",54977,"Grad"
"7307",30297,"HS"
"7308",38291,"AD"
"7309",52522,"BD"
"7310",64622,"Grad"
"7311",25204,"HS"
"7312",30913,"AD"
"7313",38573,"BD"
"7314",50578,"Grad"
"7315",25625,"HS"
"7316",33768,"AD"
"7317",42574,"BD"
"7318",60780,"Grad"
"7319",25732,"HS"
"7320",31174,"AD"
"7321",43654,"BD"
"7322",54998,"Grad"
"7323",24443,"HS"
"7324",30175,"AD"
"7325",39934,"BD"
"7326",51550,"Grad"
"7327",30459,"HS"
"7328",35323,"AD"
"7329",42778,"BD"
"7330",54090,"Grad"
"7331",25781,"HS"
"7332",29910,"AD"
"7333",39033,"BD"
"7334",52369,"Grad"
"7335",27185,"HS"
"7336",33622,"AD"
"7337",48488,"BD"
"7338",56921,"Grad"
"7339",27519,"HS"
"7340",29951,"AD"
"7341",42009,"BD"
"7342",49395,"Grad"
"7343",29741,"HS"
"7344",34918,"AD"
"7345",41921,"BD"
"7346",59521,"Grad"
"7347",27350,"HS"
"7348",34586,"AD"
"7349",49112,"BD"
"7350",60532,"Grad"
"7351",28415,"HS"
"7352",31892,"AD"
"7353",44665,"BD"
"7354",54810,"Grad"
"7355",26174,"HS"
"7356",29823,"AD"
"7357",39649,"BD"
"7358",44594,"Grad"
"7359",33130,"HS"
"7360",39520,"AD"
"7361",56385,"BD"
"7362",74447,"Grad"
"7363",28476,"HS"
"7364",34086,"AD"
"7365",46786,"BD"
"7366",56866,"Grad"
"7367",25447,"HS"
"7368",31079,"AD"
"7369",39639,"BD"
"7370",53989,"Grad"
"7371",26201,"HS"
"7372",32490,"AD"
"7373",45148,"BD"
"7374",51784,"Grad"
"7375",28432,"HS"
"7376",31653,"AD"
"7377",43793,"BD"
"7378",51577,"Grad"
"7379",30396,"HS"
"7380",32265,"AD"
"7381",40811,"BD"
"7382",50986,"Grad"
"7383",29571,"HS"
"7384",33791,"AD"
"7385",44470,"BD"
"7386",58310,"Grad"
"7387",27250,"HS"
"7388",30785,"AD"
"7389",48750,"BD"
"7390",55096,"Grad"
"7391",26837,"HS"
"7392",31015,"AD"
"7393",41339,"BD"
"7394",50213,"Grad"
"7395",26878,"HS"
"7396",34530,"AD"
"7397",42833,"BD"
"7398",54634,"Grad"
"7399",28082,"HS"
"7400",35785,"AD"
"7401",50946,"BD"
"7402",64406,"Grad"
"7403",28525,"HS"
"7404",31549,"AD"
"7405",42708,"BD"
"7406",51326,"Grad"
"7407",30146,"HS"
"7408",32819,"AD"
"7409",45847,"BD"
"7410",53650,"Grad"
"7411",28133,"HS"
"7412",34455,"AD"
"7413",42822,"BD"
"7414",58659,"Grad"
"7415",27997,"HS"
"7416",33757,"AD"
"7417",47390,"BD"
"7418",58405,"Grad"
"7419",29204,"HS"
"7420",32235,"AD"
"7421",45862,"BD"
"7422",56931,"Grad"
"7423",36267,"HS"
"7424",46010,"AD"
"7425",64499,"BD"
"7426",81979,"Grad"
"7427",25436,"HS"
"7428",36187,"AD"
"7429",67646,"BD"
"7430",86080,"Grad"
"7431",28599,"HS"
"7432",33151,"AD"
"7433",46871,"BD"
"7434",56306,"Grad"
"7435",26912,"HS"
"7436",34353,"AD"
"7437",45668,"BD"
"7438",59231,"Grad"
"7439",29895,"HS"
"7440",35293,"AD"
"7441",49970,"BD"
"7442",60075,"Grad"
"7443",27514,"HS"
"7444",33223,"AD"
"7445",46932,"BD"
"7446",56105,"Grad"
"7447",32831,"HS"
"7448",42630,"AD"
"7449",60031,"BD"
"7450",73033,"Grad"
"7451",28522,"HS"
"7452",31417,"AD"
"7453",38405,"BD"
"7454",55434,"Grad"
"7455",28948,"HS"
"7456",32662,"AD"
"7457",45072,"BD"
"7458",57624,"Grad"
"7459",22893,"HS"
"7460",31163,"AD"
"7461",34962,"BD"
"7462",56825,"Grad"
"7463",39977,"HS"
"7464",44143,"AD"
"7465",64532,"BD"
"7466",82994,"Grad"
"7467",28904,"HS"
"7468",37966,"AD"
"7469",49478,"BD"
"7470",63798,"Grad"
"7471",31397,"HS"
"7472",39378,"AD"
"7473",51292,"BD"
"7474",60476,"Grad"
"7475",36908,"HS"
"7476",47353,"AD"
"7477",60285,"BD"
"7478",70977,"Grad"
"7479",31717,"HS"
"7480",43424,"AD"
"7481",63275,"BD"
"7482",78985,"Grad"
"7483",25169,"HS"
"7484",32105,"AD"
"7485",41833,"BD"
"7486",54846,"Grad"
"7487",31910,"HS"
"7488",38781,"AD"
"7489",56225,"BD"
"7490",64972,"Grad"
"7491",28645,"HS"
"7492",36050,"AD"
"7493",48144,"BD"
"7494",65207,"Grad"
"7495",29287,"HS"
"7496",33542,"AD"
"7497",43250,"BD"
"7498",56010,"Grad"
"7499",28534,"HS"
"7500",34184,"AD"
"7501",35313,"BD"
"7502",54237,"Grad"
"7503",27773,"HS"
"7504",32473,"AD"
"7505",42188,"BD"
"7506",48914,"Grad"
"7507",28892,"HS"
"7508",31774,"AD"
"7509",46399,"BD"
"7510",59022,"Grad"
"7511",36214,"HS"
"7512",46024,"AD"
"7513",62970,"BD"
"7514",80687,"Grad"
"7515",28539,"HS"
"7516",32697,"AD"
"7517",43770,"BD"
"7518",61564,"Grad"
"7519",26741,"HS"
"7520",31191,"AD"
"7521",51471,"BD"
"7522",54227,"Grad"
"7523",30912,"HS"
"7524",33378,"AD"
"7525",38411,"BD"
"7526",53056,"Grad"
"7527",30479,"HS"
"7528",36067,"AD"
"7529",45526,"BD"
"7530",61686,"Grad"
"7531",28451,"HS"
"7532",34681,"AD"
"7533",44563,"BD"
"7534",57457,"Grad"
"7535",29325,"HS"
"7536",31483,"AD"
"7537",36960,"BD"
"7538",51098,"Grad"
"7539",28056,"HS"
"7540",35256,"AD"
"7541",49650,"BD"
"7542",52102,"Grad"
"7543",31864,"HS"
"7544",41933,"AD"
"7545",64799,"BD"
"7546",93972,"Grad"
"7547",30185,"HS"
"7548",34362,"AD"
"7549",40336,"BD"
"7550",48774,"Grad"
"7551",26213,"HS"
"7552",30000,"AD"
"7553",40739,"BD"
"7554",53348,"Grad"
"7555",26368,"HS"
"7556",31884,"AD"
"7557",44819,"BD"
"7558",57346,"Grad"
"7559",25543,"HS"
"7560",30664,"AD"
"7561",33353,"BD"
"7562",55343,"Grad"
"7563",17817,"HS"
"7564",25448,"AD"
"7565",36173,"BD"
"7566",60917,"Grad"
"7567",25975,"HS"
"7568",28009,"AD"
"7569",41682,"BD"
"7570",48813,"Grad"
"7571",20688,"HS"
"7572",26137,"AD"
"7573",34229,"BD"
"7574",52667,"Grad"
"7575",18849,"HS"
"7576",27055,"AD"
"7577",35654,"BD"
"7578",39013,"Grad"
"7579",25710,"HS"
"7580",29345,"AD"
"7581",37721,"BD"
"7582",48184,"Grad"
"7583",23489,"HS"
"7584",28072,"AD"
"7585",43229,"BD"
"7586",54125,"Grad"
"7587",25093,"HS"
"7588",27494,"AD"
"7589",38134,"BD"
"7590",60500,"Grad"
"7591",21987,"HS"
"7592",28443,"AD"
"7593",38101,"BD"
"7594",46818,"Grad"
"7595",24080,"HS"
"7596",27662,"AD"
"7597",35379,"BD"
"7598",49485,"Grad"
"7599",24124,"HS"
"7600",28275,"AD"
"7601",41828,"BD"
"7602",52725,"Grad"
"7603",27822,"HS"
"7604",35104,"AD"
"7605",49661,"BD"
"7606",61204,"Grad"
"7607",26027,"HS"
"7608",27794,"AD"
"7609",41926,"BD"
"7610",53750,"Grad"
"7611",33136,"HS"
"7612",37310,"AD"
"7613",41152,"BD"
"7614",81813,"Grad"
"7615",23644,"HS"
"7616",27875,"AD"
"7617",41276,"BD"
"7618",57045,"Grad"
"7619",21962,"HS"
"7620",27134,"AD"
"7621",41210,"BD"
"7622",51207,"Grad"
"7623",25797,"HS"
"7624",30887,"AD"
"7625",42606,"BD"
"7626",56005,"Grad"
"7627",25108,"HS"
"7628",32182,"AD"
"7629",50725,"BD"
"7630",59511,"Grad"
"7631",22817,"HS"
"7632",25276,"AD"
"7633",27000,"BD"
"7634",52308,"Grad"
"7635",22247,"HS"
"7636",25571,"AD"
"7637",35640,"BD"
"7638",43964,"Grad"
"7639",24967,"HS"
"7640",19234,"AD"
"7641",46364,"BD"
"7642",42045,"Grad"
"7643",25910,"HS"
"7644",27971,"AD"
"7645",40768,"BD"
"7646",46149,"Grad"
"7647",23196,"HS"
"7648",27595,"AD"
"7649",43445,"BD"
"7650",49732,"Grad"
"7651",25808,"HS"
"7652",30123,"AD"
"7653",45244,"BD"
"7654",54146,"Grad"
"7655",26324,"HS"
"7656",32049,"AD"
"7657",43641,"BD"
"7658",60561,"Grad"
"7659",28685,"HS"
"7660",32396,"AD"
"7661",45950,"BD"
"7662",50764,"Grad"
"7663",29729,"HS"
"7664",32969,"AD"
"7665",38234,"BD"
"7666",44910,"Grad"
"7667",27747,"HS"
"7668",32442,"AD"
"7669",44328,"BD"
"7670",55348,"Grad"
"7671",27060,"HS"
"7672",35391,"AD"
"7673",49300,"BD"
"7674",51522,"Grad"
"7675",25195,"HS"
"7676",24329,"AD"
"7677",38103,"BD"
"7678",43221,"Grad"
"7679",25265,"HS"
"7680",31780,"AD"
"7681",43697,"BD"
"7682",56688,"Grad"
"7683",25526,"HS"
"7684",26744,"AD"
"7685",40706,"BD"
"7686",53672,"Grad"
"7687",25936,"HS"
"7688",31121,"AD"
"7689",45873,"BD"
"7690",58884,"Grad"
"7691",27897,"HS"
"7692",32165,"AD"
"7693",49954,"BD"
"7694",48642,"Grad"
"7695",26586,"HS"
"7696",32037,"AD"
"7697",47727,"BD"
"7698",53674,"Grad"
"7699",30784,"HS"
"7700",34013,"AD"
"7701",42089,"BD"
"7702",44767,"Grad"
"7703",24681,"HS"
"7704",26295,"AD"
"7705",42209,"BD"
"7706",42813,"Grad"
"7707",29164,"HS"
"7708",36492,"AD"
"7709",44686,"BD"
"7710",46691,"Grad"
"7711",26238,"HS"
"7712",26645,"AD"
"7713",40147,"BD"
"7714",56141,"Grad"
"7715",25649,"HS"
"7716",30308,"AD"
"7717",43559,"BD"
"7718",57674,"Grad"
"7719",25136,"HS"
"7720",27224,"AD"
"7721",38822,"BD"
"7722",48775,"Grad"
"7723",26199,"HS"
"7724",32432,"AD"
"7725",42123,"BD"
"7726",54768,"Grad"
"7727",26790,"HS"
"7728",30026,"AD"
"7729",41832,"BD"
"7730",49851,"Grad"
"7731",25444,"HS"
"7732",29402,"AD"
"7733",42140,"BD"
"7734",50083,"Grad"
"7735",25480,"HS"
"7736",26785,"AD"
"7737",38468,"BD"
"7738",46250,"Grad"
"7739",24609,"HS"
"7740",30639,"AD"
"7741",42265,"BD"
"7742",54271,"Grad"
"7743",21310,"HS"
"7744",26719,"AD"
"7745",37448,"BD"
"7746",27502,"HS"
"7747",32081,"AD"
"7748",49532,"BD"
"7749",61243,"Grad"
"7750",23817,"HS"
"7751",26199,"AD"
"7752",35195,"BD"
"7753",51802,"Grad"
"7754",29860,"HS"
"7755",35348,"AD"
"7756",44816,"BD"
"7757",58257,"Grad"
"7758",26427,"HS"
"7759",30316,"AD"
"7760",36932,"BD"
"7761",44464,"Grad"
"7762",25712,"HS"
"7763",31535,"AD"
"7764",46209,"BD"
"7765",56481,"Grad"
"7766",24307,"HS"
"7767",28025,"AD"
"7768",44973,"BD"
"7769",57450,"Grad"
"7770",28733,"HS"
"7771",34093,"AD"
"7772",43786,"BD"
"7773",65795,"Grad"
"7774",25780,"HS"
"7775",27230,"AD"
"7776",44063,"BD"
"7777",45057,"Grad"
"7778",21798,"HS"
"7779",25042,"AD"
"7780",38359,"BD"
"7781",43750,"Grad"
"7782",26023,"HS"
"7783",30476,"AD"
"7784",45694,"BD"
"7785",44527,"Grad"
"7786",24569,"HS"
"7787",26682,"AD"
"7788",40360,"BD"
"7789",52625,"Grad"
"7790",25473,"HS"
"7791",32539,"AD"
"7792",51175,"BD"
"7793",65831,"Grad"
"7794",26702,"HS"
"7795",28265,"AD"
"7796",38465,"BD"
"7797",34250,"Grad"
"7798",23461,"HS"
"7799",23333,"AD"
"7800",45838,"BD"
"7801",50743,"Grad"
"7802",25882,"HS"
"7803",30337,"AD"
"7804",41926,"BD"
"7805",54133,"Grad"
"7806",26998,"HS"
"7807",31492,"AD"
"7808",42287,"BD"
"7809",53592,"Grad"
"7810",26311,"HS"
"7811",30130,"AD"
"7812",41038,"BD"
"7813",57997,"Grad"
"7814",29872,"HS"
"7815",28661,"AD"
"7816",33977,"BD"
"7817",55000,"Grad"
"7818",28466,"HS"
"7819",31260,"AD"
"7820",42659,"BD"
"7821",60150,"Grad"
"7822",25252,"HS"
"7823",31504,"AD"
"7824",42600,"BD"
"7825",67106,"Grad"
"7826",23630,"HS"
"7827",24519,"AD"
"7828",41422,"BD"
"7829",49063,"Grad"
"7830",23037,"HS"
"7831",28714,"AD"
"7832",36333,"BD"
"7833",55481,"Grad"
"7834",26875,"HS"
"7835",28039,"AD"
"7836",40103,"BD"
"7837",56364,"Grad"
"7838",27416,"HS"
"7839",29545,"AD"
"7840",42138,"BD"
"7841",48793,"Grad"
"7842",29455,"HS"
"7843",32170,"AD"
"7844",41726,"BD"
"7845",53409,"Grad"
"7846",23196,"HS"
"7847",31389,"AD"
"7848",42148,"BD"
"7849",59978,"Grad"
"7850",29107,"HS"
"7851",27434,"AD"
"7852",34423,"BD"
"7853",43347,"Grad"
"7854",27774,"HS"
"7855",31749,"AD"
"7856",41090,"BD"
"7857",51621,"Grad"
"7858",22878,"HS"
"7859",28093,"AD"
"7860",40848,"BD"
"7861",48438,"Grad"
"7862",23084,"HS"
"7863",25137,"AD"
"7864",40923,"BD"
"7865",54265,"Grad"
"7866",27404,"HS"
"7867",30794,"AD"
"7868",39700,"BD"
"7869",60074,"Grad"
"7870",27555,"HS"
"7871",30361,"AD"
"7872",41679,"BD"
"7873",52854,"Grad"
"7874",23837,"HS"
"7875",27620,"AD"
"7876",38729,"BD"
"7877",45625,"Grad"
"7878",27323,"HS"
"7879",28810,"AD"
"7880",39022,"BD"
"7881",55538,"Grad"
"7882",22858,"HS"
"7883",26289,"AD"
"7884",39428,"BD"
"7885",51553,"Grad"
"7886",29349,"HS"
"7887",30825,"AD"
"7888",41538,"BD"
"7889",48372,"Grad"
"7890",28443,"HS"
"7891",32216,"AD"
"7892",40724,"BD"
"7893",51114,"Grad"
"7894",25775,"HS"
"7895",28742,"AD"
"7896",36747,"BD"
"7897",52009,"Grad"
"7898",25679,"HS"
"7899",32450,"AD"
"7900",48616,"BD"
"7901",57500,"Grad"
"7902",20939,"HS"
"7903",26971,"AD"
"7904",33906,"BD"
"7905",45467,"Grad"
"7906",26500,"HS"
"7907",30763,"AD"
"7908",36042,"BD"
"7909",45662,"Grad"
"7910",30891,"HS"
"7911",37582,"AD"
"7912",52830,"BD"
"7913",64402,"Grad"
"7914",26529,"HS"
"7915",28875,"AD"
"7916",41466,"BD"
"7917",53598,"Grad"
"7918",27771,"HS"
"7919",35047,"AD"
"7920",51901,"BD"
"7921",70557,"Grad"
"7922",25497,"HS"
"7923",29962,"AD"
"7924",37336,"BD"
"7925",51192,"Grad"
"7926",23057,"HS"
"7927",27214,"AD"
"7928",34015,"BD"
"7929",48649,"Grad"
"7930",23099,"HS"
"7931",25077,"AD"
"7932",32024,"BD"
"7933",50796,"Grad"
"7934",25044,"HS"
"7935",30210,"AD"
"7936",39996,"BD"
"7937",52105,"Grad"
"7938",23579,"HS"
"7939",27356,"AD"
"7940",38571,"BD"
"7941",51591,"Grad"
"7942",24076,"HS"
"7943",30712,"AD"
"7944",45144,"BD"
"7945",50086,"Grad"
"7946",26745,"HS"
"7947",31072,"AD"
"7948",43130,"BD"
"7949",46473,"Grad"
"7950",24671,"HS"
"7951",25124,"AD"
"7952",29432,"BD"
"7953",39813,"Grad"
"7954",23158,"HS"
"7955",31642,"AD"
"7956",36750,"BD"
"7957",41875,"Grad"
"7958",30603,"HS"
"7959",36341,"AD"
"7960",30941,"BD"
"7961",50150,"Grad"
"7962",19919,"HS"
"7963",27299,"AD"
"7964",37188,"BD"
"7965",37431,"Grad"
"7966",27019,"HS"
"7967",35208,"AD"
"7968",36750,"BD"
"7969",32917,"Grad"
"7970",29716,"HS"
"7971",31795,"AD"
"7972",40272,"BD"
"7973",61544,"Grad"
"7974",31875,"HS"
"7975",34375,"AD"
"7976",39479,"BD"
"7977",28750,"Grad"
"7978",32841,"HS"
"7979",46250,"AD"
"7980",42639,"BD"
"7981",51250,"Grad"
"7982",27711,"HS"
"7983",33800,"AD"
"7984",45568,"BD"
"7985",55291,"Grad"
"7986",29935,"HS"
"7987",33215,"AD"
"7988",40428,"BD"
"7989",62241,"Grad"
"7990",24250,"HS"
"7991",34010,"AD"
"7992",37292,"BD"
"7993",56250,"Grad"
"7994",24048,"HS"
"7995",25776,"AD"
"7996",35313,"BD"
"7997",35417,"Grad"
"7998",27679,"HS"
"7999",30188,"AD"
"8000",39773,"BD"
"8001",43750,"Grad"
"8002",26382,"HS"
"8003",29148,"AD"
"8004",31083,"BD"
"8005",50000,"Grad"
"8006",25163,"HS"
"8007",29091,"AD"
"8008",36349,"BD"
"8009",38281,"Grad"
"8010",20827,"HS"
"8011",29191,"AD"
"8012",40364,"BD"
"8013",53750,"Grad"
"8014",25917,"HS"
"8015",35028,"AD"
"8016",47813,"BD"
"8017",48750,"Grad"
"8018",31250,"HS"
"8019",26793,"AD"
"8020",31314,"BD"
"8021",53750,"Grad"
"8022",26047,"HS"
"8023",32570,"AD"
"8024",40127,"BD"
"8025",58016,"Grad"
"8026",25952,"HS"
"8027",28857,"AD"
"8028",36964,"BD"
"8029",40341,"Grad"
"8030",25282,"HS"
"8031",33865,"AD"
"8032",36912,"BD"
"8033",31667,"Grad"
"8034",25917,"HS"
"8035",24500,"AD"
"8036",37589,"BD"
"8037",40673,"Grad"
"8038",26100,"HS"
"8039",30250,"AD"
"8040",31597,"BD"
"8041",38500,"Grad"
"8042",27961,"HS"
"8043",30291,"AD"
"8044",39750,"BD"
"8045",45250,"Grad"
"8046",30000,"HS"
"8047",28819,"AD"
"8048",42159,"BD"
"8049",42500,"Grad"
"8050",29048,"HS"
"8051",30347,"AD"
"8052",38092,"BD"
"8053",59583,"Grad"
"8054",19643,"HS"
"8055",30093,"AD"
"8056",29750,"BD"
"8057",49250,"Grad"
"8058",31571,"HS"
"8059",34668,"AD"
"8060",47263,"BD"
"8061",42344,"Grad"
"8062",29318,"HS"
"8063",31330,"AD"
"8064",41576,"BD"
"8065",50000,"Grad"
"8066",28036,"HS"
"8067",36920,"AD"
"8068",44444,"BD"
"8069",83625,"Grad"
"8070",29633,"HS"
"8071",34177,"AD"
"8072",41772,"BD"
"8073",51759,"Grad"
"8074",30192,"HS"
"8075",35369,"AD"
"8076",40719,"BD"
"8077",42917,"Grad"
"8078",27596,"HS"
"8079",25610,"AD"
"8080",33618,"BD"
"8081",33625,"Grad"
"8082",41964,"HS"
"8083",39464,"AD"
"8084",42396,"BD"
"8085",36750,"Grad"
"8086",28845,"HS"
"8087",33997,"AD"
"8088",42337,"BD"
"8089",41375,"Grad"
"8090",24766,"HS"
"8091",26897,"AD"
"8092",43846,"BD"
"8093",54286,"Grad"
"8094",25942,"HS"
"8095",27599,"AD"
"8096",39183,"BD"
"8097",44545,"Grad"
"8098",30580,"HS"
"8099",30134,"AD"
"8100",40536,"BD"
"8101",58750,"Grad"
"8102",30114,"HS"
"8103",32240,"AD"
"8104",43676,"BD"
"8105",48750,"Grad"
"8106",30244,"HS"
"8107",31792,"AD"
"8108",44324,"BD"
"8109",57137,"Grad"
"8110",23012,"HS"
"8111",28897,"AD"
"8112",42034,"BD"
"8113",54643,"Grad"
"8114",30213,"HS"
"8115",32138,"AD"
"8116",36394,"BD"
"8117",40781,"Grad"
"8118",19135,"HS"
"8119",24643,"AD"
"8120",40833,"BD"
"8121",24583,"Grad"
"8122",14141,"HS"
"8123",22895,"AD"
"8124",36507,"BD"
"8125",56250,"Grad"
"8126",31607,"HS"
"8127",26875,"AD"
"8128",40625,"BD"
"8129",31786,"Grad"
"8130",29177,"HS"
"8131",36791,"AD"
"8132",37948,"BD"
"8133",53281,"Grad"
"8134",26056,"HS"
"8135",35000,"AD"
"8136",27981,"BD"
"8137",21786,"Grad"
"8138",29975,"HS"
"8139",30682,"AD"
"8140",38104,"BD"
"8141",51219,"Grad"
"8142",26292,"HS"
"8143",31302,"AD"
"8144",34688,"BD"
"8145",53269,"Grad"
"8146",32127,"HS"
"8147",30849,"AD"
"8148",40236,"BD"
"8149",41742,"Grad"
"8150",26596,"HS"
"8151",33784,"AD"
"8152",41086,"BD"
"8153",44620,"Grad"
"8154",27418,"HS"
"8155",31889,"AD"
"8156",38649,"BD"
"8157",56074,"Grad"
"8158",26205,"HS"
"8159",28155,"AD"
"8160",40385,"BD"
"8161",29861,"Grad"
"8162",34980,"HS"
"8163",36543,"AD"
"8164",44867,"BD"
"8165",64444,"Grad"
"8166",23790,"HS"
"8167",29907,"AD"
"8168",42238,"BD"
"8169",57344,"Grad"
"8170",25928,"HS"
"8171",30372,"AD"
"8172",46449,"BD"
"8173",54353,"Grad"
"8174",26356,"HS"
"8175",27355,"AD"
"8176",38448,"BD"
"8177",54917,"Grad"
"8178",24939,"HS"
"8179",31280,"AD"
"8180",37784,"BD"
"8181",50825,"Grad"
"8182",24761,"HS"
"8183",28750,"AD"
"8184",32279,"BD"
"8185",46843,"Grad"
"8186",30743,"HS"
"8187",33834,"AD"
"8188",39794,"BD"
"8189",58606,"Grad"
"8190",23859,"HS"
"8191",29261,"AD"
"8192",42097,"BD"
"8193",49758,"Grad"
"8194",26919,"HS"
"8195",32130,"AD"
"8196",35428,"BD"
"8197",54868,"Grad"
"8198",30125,"HS"
"8199",36466,"AD"
"8200",53386,"BD"
"8201",66057,"Grad"
"8202",27606,"HS"
"8203",33846,"AD"
"8204",35789,"BD"
"8205",50583,"Grad"
"8206",31103,"HS"
"8207",33076,"AD"
"8208",48029,"BD"
"8209",54702,"Grad"
"8210",27047,"HS"
"8211",30753,"AD"
"8212",42901,"BD"
"8213",59742,"Grad"
"8214",29935,"HS"
"8215",36586,"AD"
"8216",56869,"BD"
"8217",68261,"Grad"
"8218",28223,"HS"
"8219",31545,"AD"
"8220",46524,"BD"
"8221",57005,"Grad"
"8222",25700,"HS"
"8223",29099,"AD"
"8224",40013,"BD"
"8225",55147,"Grad"
"8226",25820,"HS"
"8227",30553,"AD"
"8228",38914,"BD"
"8229",53762,"Grad"
"8230",24365,"HS"
"8231",31303,"AD"
"8232",41595,"BD"
"8233",51673,"Grad"
"8234",26707,"HS"
"8235",31564,"AD"
"8236",47109,"BD"
"8237",64734,"Grad"
"8238",28265,"HS"
"8239",30369,"AD"
"8240",44846,"BD"
"8241",52500,"Grad"
"8242",27416,"HS"
"8243",31780,"AD"
"8244",39714,"BD"
"8245",55466,"Grad"
"8246",32013,"HS"
"8247",43634,"AD"
"8248",66596,"BD"
"8249",78056,"Grad"
"8250",26957,"HS"
"8251",32903,"AD"
"8252",42123,"BD"
"8253",60359,"Grad"
"8254",28176,"HS"
"8255",35598,"AD"
"8256",52170,"BD"
"8257",66831,"Grad"
"8258",25242,"HS"
"8259",32917,"AD"
"8260",35000,"BD"
"8261",62868,"Grad"
"8262",28192,"HS"
"8263",33116,"AD"
"8264",48414,"BD"
"8265",63443,"Grad"
"8266",30268,"HS"
"8267",31787,"AD"
"8268",43559,"BD"
"8269",55739,"Grad"
"8270",26688,"HS"
"8271",32790,"AD"
"8272",41193,"BD"
"8273",55755,"Grad"
"8274",30958,"HS"
"8275",36229,"AD"
"8276",54960,"BD"
"8277",72975,"Grad"
"8278",28171,"HS"
"8279",34116,"AD"
"8280",50158,"BD"
"8281",72960,"Grad"
"8282",27035,"HS"
"8283",30477,"AD"
"8284",39306,"BD"
"8285",56629,"Grad"
"8286",28296,"HS"
"8287",32470,"AD"
"8288",48722,"BD"
"8289",66443,"Grad"
"8290",30236,"HS"
"8291",31506,"AD"
"8292",45116,"BD"
"8293",59885,"Grad"
"8294",27599,"HS"
"8295",34681,"AD"
"8296",42041,"BD"
"8297",49280,"Grad"
"8298",26658,"HS"
"8299",26657,"AD"
"8300",36217,"BD"
"8301",47500,"Grad"
"8302",28393,"HS"
"8303",30743,"AD"
"8304",48422,"BD"
"8305",59821,"Grad"
"8306",27359,"HS"
"8307",30725,"AD"
"8308",42926,"BD"
"8309",52276,"Grad"
"8310",26113,"HS"
"8311",32425,"AD"
"8312",43379,"BD"
"8313",47875,"Grad"
"8314",26820,"HS"
"8315",25499,"AD"
"8316",30900,"BD"
"8317",58800,"Grad"
"8318",30119,"HS"
"8319",32206,"AD"
"8320",41106,"BD"
"8321",64124,"Grad"
"8322",24931,"HS"
"8323",31210,"AD"
"8324",40881,"BD"
"8325",52679,"Grad"
"8326",26087,"HS"
"8327",29692,"AD"
"8328",42787,"BD"
"8329",46250,"Grad"
"8330",27914,"HS"
"8331",35258,"AD"
"8332",41625,"BD"
"8333",58618,"Grad"
"8334",30561,"HS"
"8335",36156,"AD"
"8336",50596,"BD"
"8337",69108,"Grad"
"8338",26383,"HS"
"8339",31437,"AD"
"8340",41277,"BD"
"8341",53958,"Grad"
"8342",28071,"HS"
"8343",35508,"AD"
"8344",52870,"BD"
"8345",62880,"Grad"
"8346",28817,"HS"
"8347",32747,"AD"
"8348",44943,"BD"
"8349",50463,"Grad"
"8350",27509,"HS"
"8351",35319,"AD"
"8352",50849,"BD"
"8353",65877,"Grad"
"8354",25895,"HS"
"8355",30430,"AD"
"8356",45275,"BD"
"8357",58832,"Grad"
"8358",29509,"HS"
"8359",34032,"AD"
"8360",50606,"BD"
"8361",62269,"Grad"
"8362",23995,"HS"
"8363",29301,"AD"
"8364",42147,"BD"
"8365",54710,"Grad"
"8366",27496,"HS"
"8367",30533,"AD"
"8368",41183,"BD"
"8369",53250,"Grad"
"8370",30217,"HS"
"8371",37700,"AD"
"8372",53549,"BD"
"8373",69547,"Grad"
"8374",23621,"HS"
"8375",31763,"AD"
"8376",37030,"BD"
"8377",42905,"Grad"
"8378",30644,"HS"
"8379",33982,"AD"
"8380",44063,"BD"
"8381",53362,"Grad"
"8382",28434,"HS"
"8383",32175,"AD"
"8384",49479,"BD"
"8385",65285,"Grad"
"8386",27683,"HS"
"8387",30250,"AD"
"8388",32159,"BD"
"8389",46000,"Grad"
"8390",25802,"HS"
"8391",30753,"AD"
"8392",46590,"BD"
"8393",64373,"Grad"
"8394",25637,"HS"
"8395",34919,"AD"
"8396",31071,"BD"
"8397",50167,"Grad"
"8398",31202,"HS"
"8399",33924,"AD"
"8400",42935,"BD"
"8401",51168,"Grad"
"8402",25904,"HS"
"8403",29350,"AD"
"8404",45034,"BD"
"8405",52844,"Grad"
"8406",23350,"HS"
"8407",23816,"AD"
"8408",45060,"BD"
"8409",47000,"Grad"
"8410",27493,"HS"
"8411",34878,"AD"
"8412",48203,"BD"
"8413",63665,"Grad"
"8414",26976,"HS"
"8415",30808,"AD"
"8416",41968,"BD"
"8417",59279,"Grad"
"8418",26935,"HS"
"8419",32612,"AD"
"8420",43271,"BD"
"8421",52175,"Grad"
"8422",31324,"HS"
"8423",35633,"AD"
"8424",52758,"BD"
"8425",58235,"Grad"
"8426",24569,"HS"
"8427",31395,"AD"
"8428",44410,"BD"
"8429",55156,"Grad"
"8430",29904,"HS"
"8431",33235,"AD"
"8432",45550,"BD"
"8433",58944,"Grad"
"8434",27813,"HS"
"8435",32578,"AD"
"8436",44018,"BD"
"8437",56889,"Grad"
"8438",31248,"HS"
"8439",35415,"AD"
"8440",51590,"BD"
"8441",52860,"Grad"
"8442",25567,"HS"
"8443",31924,"AD"
"8444",43306,"BD"
"8445",56357,"Grad"
"8446",29033,"HS"
"8447",32400,"AD"
"8448",42224,"BD"
"8449",57827,"Grad"
"8450",30762,"HS"
"8451",32588,"AD"
"8452",44184,"BD"
"8453",56658,"Grad"
"8454",24381,"HS"
"8455",30390,"AD"
"8456",37274,"BD"
"8457",57711,"Grad"
"8458",27234,"HS"
"8459",29845,"AD"
"8460",41318,"BD"
"8461",53963,"Grad"
"8462",30889,"HS"
"8463",35183,"AD"
"8464",43241,"BD"
"8465",62388,"Grad"
"8466",25518,"HS"
"8467",30122,"AD"
"8468",45417,"BD"
"8469",62480,"Grad"
"8470",27640,"HS"
"8471",32243,"AD"
"8472",50065,"BD"
"8473",64498,"Grad"
"8474",25596,"HS"
"8475",30705,"AD"
"8476",43498,"BD"
"8477",58048,"Grad"
"8478",26140,"HS"
"8479",31011,"AD"
"8480",42558,"BD"
"8481",53112,"Grad"
"8482",31197,"HS"
"8483",40109,"AD"
"8484",61488,"BD"
"8485",72555,"Grad"
"8486",26530,"HS"
"8487",28462,"AD"
"8488",42429,"BD"
"8489",57090,"Grad"
"8490",27283,"HS"
"8491",27393,"AD"
"8492",32250,"BD"
"8493",54688,"Grad"
"8494",31001,"HS"
"8495",38197,"AD"
"8496",62226,"BD"
"8497",78580,"Grad"
"8498",26417,"HS"
"8499",29609,"AD"
"8500",44895,"BD"
"8501",55443,"Grad"
"8502",27949,"HS"
"8503",31097,"AD"
"8504",41014,"BD"
"8505",56773,"Grad"
"8506",25348,"HS"
"8507",30154,"AD"
"8508",45303,"BD"
"8509",53683,"Grad"
"8510",29464,"HS"
"8511",33802,"AD"
"8512",45501,"BD"
"8513",58285,"Grad"
"8514",29317,"HS"
"8515",28996,"AD"
"8516",41125,"BD"
"8517",53203,"Grad"
"8518",23570,"HS"
"8519",24779,"AD"
"8520",38703,"BD"
"8521",49205,"Grad"
"8522",18672,"HS"
"8523",22243,"AD"
"8524",39531,"BD"
"8525",38333,"Grad"
"8526",21940,"HS"
"8527",25507,"AD"
"8528",35392,"BD"
"8529",42614,"Grad"
"8530",24519,"HS"
"8531",35563,"AD"
"8532",39199,"BD"
"8533",48281,"Grad"
"8534",26970,"HS"
"8535",32500,"AD"
"8536",40169,"BD"
"8537",44509,"Grad"
"8538",24391,"HS"
"8539",26509,"AD"
"8540",36188,"BD"
"8541",48458,"Grad"
"8542",23691,"HS"
"8543",28279,"AD"
"8544",40149,"BD"
"8545",46125,"Grad"
"8546",22663,"HS"
"8547",30383,"AD"
"8548",36758,"BD"
"8549",45759,"Grad"
"8550",31095,"HS"
"8551",37056,"AD"
"8552",47600,"BD"
"8553",52946,"Grad"
"8554",26072,"HS"
"8555",27799,"AD"
"8556",41498,"BD"
"8557",47227,"Grad"
"8558",21702,"HS"
"8559",26680,"AD"
"8560",35370,"BD"
"8561",44369,"Grad"
"8562",25779,"HS"
"8563",22279,"AD"
"8564",38814,"BD"
"8565",44750,"Grad"
"8566",22951,"HS"
"8567",25385,"AD"
"8568",47212,"BD"
"8569",43750,"Grad"
"8570",28406,"HS"
"8571",34408,"AD"
"8572",43317,"BD"
"8573",56811,"Grad"
"8574",25066,"HS"
"8575",25473,"AD"
"8576",33929,"BD"
"8577",40595,"Grad"
"8578",24954,"HS"
"8579",31167,"AD"
"8580",42831,"BD"
"8581",53377,"Grad"
"8582",25034,"HS"
"8583",31493,"AD"
"8584",40036,"BD"
"8585",58250,"Grad"
"8586",25429,"HS"
"8587",26138,"AD"
"8588",41467,"BD"
"8589",58250,"Grad"
"8590",29200,"HS"
"8591",32456,"AD"
"8592",40216,"BD"
"8593",46582,"Grad"
"8594",25850,"HS"
"8595",30193,"AD"
"8596",42489,"BD"
"8597",45905,"Grad"
"8598",22500,"HS"
"8599",25499,"AD"
"8600",38276,"BD"
"8601",53406,"Grad"
"8602",29777,"HS"
"8603",32329,"AD"
"8604",37738,"BD"
"8605",43889,"Grad"
"8606",35322,"HS"
"8607",31466,"AD"
"8608",39438,"BD"
"8609",49271,"Grad"
"8610",26028,"HS"
"8611",30376,"AD"
"8612",42559,"BD"
"8613",47238,"Grad"
"8614",27393,"HS"
"8615",29002,"AD"
"8616",37784,"BD"
"8617",42188,"Grad"
"8618",27922,"HS"
"8619",33004,"AD"
"8620",43463,"BD"
"8621",45864,"Grad"
"8622",26286,"HS"
"8623",27400,"AD"
"8624",37381,"BD"
"8625",42708,"Grad"
"8626",27027,"HS"
"8627",24875,"AD"
"8628",39609,"BD"
"8629",26346,"Grad"
"8630",17330,"HS"
"8631",24028,"AD"
"8632",32125,"BD"
"8633",37045,"Grad"
"8634",29050,"HS"
"8635",25483,"AD"
"8636",51250,"BD"
"8637",38125,"Grad"
"8638",27243,"HS"
"8639",26034,"AD"
"8640",43608,"BD"
"8641",51212,"Grad"
"8642",24773,"HS"
"8643",23929,"AD"
"8644",38254,"BD"
"8645",49267,"Grad"
"8646",25175,"HS"
"8647",31851,"AD"
"8648",40805,"BD"
"8649",59977,"Grad"
"8650",23613,"HS"
"8651",27951,"AD"
"8652",38438,"BD"
"8653",62841,"Grad"
"8654",26824,"HS"
"8655",22763,"AD"
"8656",36875,"BD"
"8657",46184,"Grad"
"8658",25286,"HS"
"8659",26901,"AD"
"8660",40394,"BD"
"8661",45898,"Grad"
"8662",32709,"HS"
"8663",30877,"AD"
"8664",37143,"BD"
"8665",45547,"Grad"
"8666",25974,"HS"
"8667",24722,"AD"
"8668",34674,"BD"
"8669",47500,"Grad"
"8670",30677,"HS"
"8671",27901,"AD"
"8672",32500,"BD"
"8673",49750,"Grad"
"8674",23626,"HS"
"8675",27074,"AD"
"8676",37345,"BD"
"8677",47622,"Grad"
"8678",26475,"HS"
"8679",30867,"AD"
"8680",44279,"BD"
"8681",50524,"Grad"
"8682",26879,"HS"
"8683",34727,"AD"
"8684",43076,"BD"
"8685",63705,"Grad"
"8686",21969,"HS"
"8687",31471,"AD"
"8688",33295,"BD"
"8689",46635,"Grad"
"8690",28155,"HS"
"8691",34661,"AD"
"8692",45098,"BD"
"8693",51250,"Grad"
"8694",22176,"HS"
"8695",25644,"AD"
"8696",36414,"BD"
"8697",41500,"Grad"
"8698",23304,"HS"
"8699",25024,"AD"
"8700",38571,"BD"
"8701",44239,"Grad"
"8702",28691,"HS"
"8703",30069,"AD"
"8704",40389,"BD"
"8705",49000,"Grad"
"8706",22112,"HS"
"8707",26372,"AD"
"8708",33028,"BD"
"8709",45444,"Grad"
"8710",27256,"HS"
"8711",32064,"AD"
"8712",36782,"BD"
"8713",53424,"Grad"
"8714",28848,"HS"
"8715",30235,"AD"
"8716",41270,"BD"
"8717",47179,"Grad"
"8718",25113,"HS"
"8719",27361,"AD"
"8720",41210,"BD"
"8721",47419,"Grad"
"8722",27745,"HS"
"8723",29227,"AD"
"8724",38165,"BD"
"8725",52095,"Grad"
"8726",25236,"HS"
"8727",30795,"AD"
"8728",34142,"BD"
"8729",39438,"Grad"
"8730",21563,"HS"
"8731",22161,"AD"
"8732",40142,"BD"
"8733",49148,"Grad"
"8734",24354,"HS"
"8735",30374,"AD"
"8736",43856,"BD"
"8737",57426,"Grad"
"8738",26243,"HS"
"8739",26941,"AD"
"8740",37146,"BD"
"8741",56563,"Grad"
"8742",31103,"HS"
"8743",32434,"AD"
"8744",39778,"BD"
"8745",56514,"Grad"
"8746",22483,"HS"
"8747",26013,"AD"
"8748",36612,"BD"
"8749",50063,"Grad"
"8750",25732,"HS"
"8751",28260,"AD"
"8752",40692,"BD"
"8753",46215,"Grad"
"8754",24068,"HS"
"8755",26392,"AD"
"8756",36128,"BD"
"8757",40530,"Grad"
"8758",24288,"HS"
"8759",31449,"AD"
"8760",40778,"BD"
"8761",43604,"Grad"
"8762",26390,"HS"
"8763",25432,"AD"
"8764",38283,"BD"
"8765",46755,"Grad"
"8766",26989,"HS"
"8767",28024,"AD"
"8768",39320,"BD"
"8769",53003,"Grad"
"8770",18248,"HS"
"8771",25366,"AD"
"8772",38558,"BD"
"8773",43446,"Grad"
"8774",29236,"HS"
"8775",31964,"AD"
"8776",34716,"BD"
"8777",38563,"Grad"
"8778",32210,"HS"
"8779",37895,"AD"
"8780",46558,"BD"
"8781",58003,"Grad"
"8782",23171,"HS"
"8783",24938,"AD"
"8784",34322,"BD"
"8785",40625,"Grad"
"8786",23765,"HS"
"8787",30607,"AD"
"8788",39060,"BD"
"8789",46429,"Grad"
"8790",26167,"HS"
"8791",30287,"AD"
"8792",41143,"BD"
"8793",51842,"Grad"
"8794",27794,"HS"
"8795",24956,"AD"
"8796",38384,"BD"
"8797",65486,"Grad"
"8798",25399,"HS"
"8799",23402,"AD"
"8800",41836,"BD"
"8801",16985,"Grad"
"8802",26107,"HS"
"8803",31809,"AD"
"8804",46028,"BD"
"8805",58607,"Grad"
"8806",30128,"HS"
"8807",35717,"AD"
"8808",45950,"BD"
"8809",53918,"Grad"
"8810",26342,"HS"
"8811",31933,"AD"
"8812",46799,"BD"
"8813",55981,"Grad"
"8814",31089,"HS"
"8815",30272,"AD"
"8816",35637,"BD"
"8817",50625,"Grad"
"8818",22917,"HS"
"8819",27500,"AD"
"8820",32750,"BD"
"8821",53661,"Grad"
"8822",31100,"HS"
"8823",31825,"AD"
"8824",41875,"BD"
"8825",45885,"Grad"
"8826",23774,"HS"
"8827",25733,"AD"
"8828",33984,"BD"
"8829",37500,"Grad"
"8830",27022,"HS"
"8831",29227,"AD"
"8832",38460,"BD"
"8833",54857,"Grad"
"8834",31168,"HS"
"8835",37006,"AD"
"8836",53057,"BD"
"8837",64692,"Grad"
"8838",23442,"HS"
"8839",26195,"AD"
"8840",33413,"BD"
"8841",43795,"Grad"
"8842",32158,"HS"
"8843",37807,"AD"
"8844",47034,"BD"
"8845",59321,"Grad"
"8846",21241,"HS"
"8847",25322,"AD"
"8848",36786,"BD"
"8849",57784,"Grad"
"8850",25041,"HS"
"8851",28054,"AD"
"8852",35720,"BD"
"8853",53351,"Grad"
"8854",22855,"HS"
"8855",22955,"AD"
"8856",32266,"BD"
"8857",38750,"Grad"
"8858",25800,"HS"
"8859",29414,"AD"
"8860",38232,"BD"
"8861",51455,"Grad"
"8862",22234,"HS"
"8863",26735,"AD"
"8864",39407,"BD"
"8865",52592,"Grad"
"8866",26518,"HS"
"8867",34000,"AD"
"8868",43438,"BD"
"8869",62917,"Grad"
"8870",20027,"HS"
"8871",25996,"AD"
"8872",28393,"BD"
"8873",46016,"Grad"
"8874",24821,"HS"
"8875",30295,"AD"
"8876",43333,"BD"
"8877",40938,"Grad"
"8878",26052,"HS"
"8879",30578,"AD"
"8880",35902,"BD"
"8881",49308,"Grad"
"8882",24824,"HS"
"8883",26825,"AD"
"8884",36610,"BD"
"8885",50357,"Grad"
"8886",25223,"HS"
"8887",28706,"AD"
"8888",38987,"BD"
"8889",37067,"Grad"
"8890",20721,"HS"
"8891",23710,"AD"
"8892",28791,"BD"
"8893",56979,"Grad"
"8894",23415,"HS"
"8895",25825,"AD"
"8896",46995,"BD"
"8897",57471,"Grad"
"8898",21307,"HS"
"8899",24063,"AD"
"8900",37917,"BD"
"8901",50417,"Grad"
"8902",25833,"HS"
"8903",28758,"AD"
"8904",35446,"BD"
"8905",46308,"Grad"
"8906",23523,"HS"
"8907",28148,"AD"
"8908",37577,"BD"
"8909",39650,"Grad"
"8910",28018,"HS"
"8911",30366,"AD"
"8912",40976,"BD"
"8913",51051,"Grad"
"8914",19854,"HS"
"8915",28161,"AD"
"8916",31435,"BD"
"8917",45417,"Grad"
"8918",25315,"HS"
"8919",30034,"AD"
"8920",45574,"BD"
"8921",54121,"Grad"
"8922",25933,"HS"
"8923",34518,"AD"
"8924",44097,"BD"
"8925",39265,"Grad"
"8926",26112,"HS"
"8927",30742,"AD"
"8928",41517,"BD"
"8929",57742,"Grad"
"8930",27313,"HS"
"8931",34215,"AD"
"8932",44864,"BD"
"8933",52163,"Grad"
"8934",26063,"HS"
"8935",34125,"AD"
"8936",49375,"BD"
"8937",43333,"Grad"
"8938",28436,"HS"
"8939",29042,"AD"
"8940",34605,"BD"
"8941",47852,"Grad"
"8942",27186,"HS"
"8943",30543,"AD"
"8944",36415,"BD"
"8945",59444,"Grad"
"8946",25420,"HS"
"8947",27229,"AD"
"8948",36815,"BD"
"8949",55547,"Grad"
"8950",23705,"HS"
"8951",21140,"AD"
"8952",32857,"BD"
"8953",36250,"Grad"
"8954",25515,"HS"
"8955",30107,"AD"
"8956",44634,"BD"
"8957",53988,"Grad"
"8958",27267,"HS"
"8959",35351,"AD"
"8960",53952,"BD"
"8961",70620,"Grad"
"8962",22639,"HS"
"8963",24844,"AD"
"8964",26500,"BD"
"8965",40694,"Grad"
"8966",29319,"HS"
"8967",33386,"AD"
"8968",44670,"BD"
"8969",54264,"Grad"
"8970",30353,"HS"
"8971",36175,"AD"
"8972",46216,"BD"
"8973",58713,"Grad"
"8974",26892,"HS"
"8975",32201,"AD"
"8976",48014,"BD"
"8977",63475,"Grad"
"8978",26928,"HS"
"8979",30961,"AD"
"8980",43792,"BD"
"8981",55655,"Grad"
"8982",27278,"HS"
"8983",33315,"AD"
"8984",45316,"BD"
"8985",58177,"Grad"
"8986",25336,"HS"
"8987",30308,"AD"
"8988",37477,"BD"
"8989",52213,"Grad"
"8990",30898,"HS"
"8991",35406,"AD"
"8992",50501,"BD"
"8993",63399,"Grad"
"8994",25291,"HS"
"8995",30398,"AD"
"8996",42038,"BD"
"8997",57097,"Grad"
"8998",26561,"HS"
"8999",30780,"AD"
"9000",41151,"BD"
"9001",60824,"Grad"
"9002",34120,"HS"
"9003",41825,"AD"
"9004",58806,"BD"
"9005",81559,"Grad"
"9006",27706,"HS"
"9007",35361,"AD"
"9008",53768,"BD"
"9009",68407,"Grad"
"9010",24602,"HS"
"9011",30376,"AD"
"9012",40988,"BD"
"9013",57081,"Grad"
"9014",29385,"HS"
"9015",25125,"AD"
"9016",44432,"BD"
"9017",57222,"Grad"
"9018",28637,"HS"
"9019",32165,"AD"
"9020",42462,"BD"
"9021",56650,"Grad"
"9022",26607,"HS"
"9023",31198,"AD"
"9024",41236,"BD"
"9025",54849,"Grad"
"9026",33832,"HS"
"9027",41968,"AD"
"9028",62603,"BD"
"9029",88019,"Grad"
"9030",27213,"HS"
"9031",31308,"AD"
"9032",34489,"BD"
"9033",54576,"Grad"
"9034",25646,"HS"
"9035",30673,"AD"
"9036",37264,"BD"
"9037",50745,"Grad"
"9038",26621,"HS"
"9039",31316,"AD"
"9040",37160,"BD"
"9041",57837,"Grad"
"9042",28386,"HS"
"9043",30868,"AD"
"9044",43860,"BD"
"9045",54208,"Grad"
"9046",26250,"HS"
"9047",27800,"AD"
"9048",38421,"BD"
"9049",51824,"Grad"
"9050",30553,"HS"
"9051",36069,"AD"
"9052",51084,"BD"
"9053",69785,"Grad"
"9054",30243,"HS"
"9055",36472,"AD"
"9056",48970,"BD"
"9057",64099,"Grad"
"9058",31465,"HS"
"9059",37901,"AD"
"9060",55226,"BD"
"9061",74169,"Grad"
"9062",27928,"HS"
"9063",31553,"AD"
"9064",43516,"BD"
"9065",52019,"Grad"
"9066",26515,"HS"
"9067",31207,"AD"
"9068",41902,"BD"
"9069",54739,"Grad"
"9070",24779,"HS"
"9071",28384,"AD"
"9072",40032,"BD"
"9073",53176,"Grad"
"9074",21880,"HS"
"9075",23669,"AD"
"9076",32321,"BD"
"9077",52232,"Grad"
"9078",30632,"HS"
"9079",35684,"AD"
"9080",45666,"BD"
"9081",58309,"Grad"
"9082",27911,"HS"
"9083",34813,"AD"
"9084",44479,"BD"
"9085",53542,"Grad"
"9086",25542,"HS"
"9087",29228,"AD"
"9088",45528,"BD"
"9089",45500,"Grad"
"9090",26126,"HS"
"9091",29861,"AD"
"9092",41010,"BD"
"9093",55445,"Grad"
"9094",25932,"HS"
"9095",29871,"AD"
"9096",37668,"BD"
"9097",58359,"Grad"
"9098",26497,"HS"
"9099",27893,"AD"
"9100",41267,"BD"
"9101",51750,"Grad"
"9102",28248,"HS"
"9103",32368,"AD"
"9104",41410,"BD"
"9105",44505,"Grad"
"9106",26353,"HS"
"9107",32000,"AD"
"9108",43874,"BD"
"9109",60397,"Grad"
"9110",30201,"HS"
"9111",34649,"AD"
"9112",46710,"BD"
"9113",62555,"Grad"
"9114",25851,"HS"
"9115",32022,"AD"
"9116",44262,"BD"
"9117",53724,"Grad"
"9118",32016,"HS"
"9119",35385,"AD"
"9120",47124,"BD"
"9121",61174,"Grad"
"9122",29073,"HS"
"9123",35063,"AD"
"9124",48503,"BD"
"9125",71226,"Grad"
"9126",27099,"HS"
"9127",32276,"AD"
"9128",42783,"BD"
"9129",59181,"Grad"
"9130",25897,"HS"
"9131",30050,"AD"
"9132",40923,"BD"
"9133",59052,"Grad"
"9134",26579,"HS"
"9135",30080,"AD"
"9136",39889,"BD"
"9137",52068,"Grad"
"9138",25118,"HS"
"9139",29438,"AD"
"9140",41768,"BD"
"9141",54458,"Grad"
"9142",25646,"HS"
"9143",32801,"AD"
"9144",37857,"BD"
"9145",50846,"Grad"
"9146",28948,"HS"
"9147",34952,"AD"
"9148",46708,"BD"
"9149",67834,"Grad"
"9150",34038,"HS"
"9151",41646,"AD"
"9152",57895,"BD"
"9153",80435,"Grad"
"9154",27323,"HS"
"9155",32463,"AD"
"9156",44519,"BD"
"9157",66902,"Grad"
"9158",31008,"HS"
"9159",37212,"AD"
"9160",51248,"BD"
"9161",65170,"Grad"
"9162",25760,"HS"
"9163",31299,"AD"
"9164",42316,"BD"
"9165",55292,"Grad"
"9166",31469,"HS"
"9167",38545,"AD"
"9168",44667,"BD"
"9169",54573,"Grad"
"9170",27813,"HS"
"9171",33643,"AD"
"9172",45140,"BD"
"9173",58050,"Grad"
"9174",27097,"HS"
"9175",37596,"AD"
"9176",44500,"BD"
"9177",66005,"Grad"
"9178",26406,"HS"
"9179",29107,"AD"
"9180",40227,"BD"
"9181",51087,"Grad"
"9182",27444,"HS"
"9183",32707,"AD"
"9184",43547,"BD"
"9185",56023,"Grad"
"9186",26559,"HS"
"9187",34416,"AD"
"9188",41030,"BD"
"9189",57071,"Grad"
"9190",24945,"HS"
"9191",27707,"AD"
"9192",45863,"BD"
"9193",54025,"Grad"
"9194",24847,"HS"
"9195",28598,"AD"
"9196",45250,"BD"
"9197",64688,"Grad"
"9198",25315,"HS"
"9199",31789,"AD"
"9200",35970,"BD"
"9201",50682,"Grad"
"9202",26557,"HS"
"9203",27819,"AD"
"9204",37243,"BD"
"9205",57157,"Grad"
"9206",26102,"HS"
"9207",26771,"AD"
"9208",41269,"BD"
"9209",62500,"Grad"
"9210",25690,"HS"
"9211",29792,"AD"
"9212",39304,"BD"
"9213",55161,"Grad"
"9214",25552,"HS"
"9215",29696,"AD"
"9216",41812,"BD"
"9217",49116,"Grad"
"9218",27821,"HS"
"9219",33150,"AD"
"9220",50625,"BD"
"9221",60800,"Grad"
"9222",25854,"HS"
"9223",31181,"AD"
"9224",38554,"BD"
"9225",54375,"Grad"
"9226",26796,"HS"
"9227",32620,"AD"
"9228",48366,"BD"
"9229",63350,"Grad"
"9230",26835,"HS"
"9231",31570,"AD"
"9232",36731,"BD"
"9233",53208,"Grad"
"9234",31399,"HS"
"9235",38916,"AD"
"9236",52834,"BD"
"9237",65468,"Grad"
"9238",32003,"HS"
"9239",39723,"AD"
"9240",56940,"BD"
"9241",71917,"Grad"
"9242",32074,"HS"
"9243",39194,"AD"
"9244",56375,"BD"
"9245",70732,"Grad"
"9246",30160,"HS"
"9247",37992,"AD"
"9248",54370,"BD"
"9249",74573,"Grad"
"9250",29681,"HS"
"9251",35242,"AD"
"9252",49649,"BD"
"9253",64365,"Grad"
"9254",33069,"HS"
"9255",38885,"AD"
"9256",56211,"BD"
"9257",76263,"Grad"
"9258",27521,"HS"
"9259",32135,"AD"
"9260",33824,"BD"
"9261",44531,"Grad"
"9262",27496,"HS"
"9263",30961,"AD"
"9264",48282,"BD"
"9265",58408,"Grad"
"9266",20470,"HS"
"9267",22604,"AD"
"9268",39750,"BD"
"9269",44750,"Grad"
"9270",26847,"HS"
"9271",31687,"AD"
"9272",44563,"BD"
"9273",55741,"Grad"
"9274",22912,"HS"
"9275",31360,"AD"
"9276",33250,"BD"
"9277",42757,"Grad"
"9278",29101,"HS"
"9279",27725,"AD"
"9280",49467,"BD"
"9281",49629,"Grad"
"9282",25891,"HS"
"9283",30779,"AD"
"9284",42188,"BD"
"9285",53865,"Grad"
"9286",27448,"HS"
"9287",34169,"AD"
"9288",41642,"BD"
"9289",51679,"Grad"
"9290",25850,"HS"
"9291",33763,"AD"
"9292",41322,"BD"
"9293",56042,"Grad"
"9294",24741,"HS"
"9295",30756,"AD"
"9296",42643,"BD"
"9297",57157,"Grad"
"9298",26420,"HS"
"9299",29734,"AD"
"9300",40339,"BD"
"9301",49714,"Grad"
"9302",26008,"HS"
"9303",31849,"AD"
"9304",40000,"BD"
"9305",50625,"Grad"
"9306",26492,"HS"
"9307",29842,"AD"
"9308",35533,"BD"
"9309",46969,"Grad"
"9310",23204,"HS"
"9311",25614,"AD"
"9312",34216,"BD"
"9313",47409,"Grad"
"9314",22195,"HS"
"9315",26507,"AD"
"9316",37741,"BD"
"9317",50559,"Grad"
"9318",25397,"HS"
"9319",30793,"AD"
"9320",40126,"BD"
"9321",47158,"Grad"
"9322",19732,"HS"
"9323",25194,"AD"
"9324",36542,"BD"
"9325",48137,"Grad"
"9326",30512,"HS"
"9327",33715,"AD"
"9328",47456,"BD"
"9329",52783,"Grad"
"9330",22774,"HS"
"9331",31211,"AD"
"9332",43264,"BD"
"9333",54092,"Grad"
"9334",26046,"HS"
"9335",31034,"AD"
"9336",43111,"BD"
"9337",49415,"Grad"
"9338",25103,"HS"
"9339",31045,"AD"
"9340",42608,"BD"
"9341",51833,"Grad"
"9342",22853,"HS"
"9343",25665,"AD"
"9344",40852,"BD"
"9345",53290,"Grad"
"9346",26373,"HS"
"9347",31600,"AD"
"9348",48566,"BD"
"9349",60047,"Grad"
"9350",24493,"HS"
"9351",31202,"AD"
"9352",37477,"BD"
"9353",52308,"Grad"
"9354",25516,"HS"
"9355",29713,"AD"
"9356",39167,"BD"
"9357",47050,"Grad"
"9358",22041,"HS"
"9359",27226,"AD"
"9360",37081,"BD"
"9361",49880,"Grad"
"9362",23129,"HS"
"9363",27760,"AD"
"9364",31479,"BD"
"9365",45417,"Grad"
"9366",26718,"HS"
"9367",32359,"AD"
"9368",40902,"BD"
"9369",53234,"Grad"
"9370",24735,"HS"
"9371",31116,"AD"
"9372",46408,"BD"
"9373",50355,"Grad"
"9374",25692,"HS"
"9375",30968,"AD"
"9376",36198,"BD"
"9377",50041,"Grad"
"9378",20561,"HS"
"9379",28155,"AD"
"9380",26833,"BD"
"9381",50930,"Grad"
"9382",29235,"HS"
"9383",34432,"AD"
"9384",48354,"BD"
"9385",54713,"Grad"
"9386",26334,"HS"
"9387",25682,"AD"
"9388",34719,"BD"
"9389",16691,"Grad"
"9390",21514,"HS"
"9391",25354,"AD"
"9392",34741,"BD"
"9393",51173,"Grad"
"9394",21386,"HS"
"9395",25571,"AD"
"9396",32778,"BD"
"9397",56753,"Grad"
"9398",29366,"HS"
"9399",28938,"AD"
"9400",41769,"BD"
"9401",51518,"Grad"
"9402",24384,"HS"
"9403",30139,"AD"
"9404",48202,"BD"
"9405",53171,"Grad"
"9406",24345,"HS"
"9407",27653,"AD"
"9408",38641,"BD"
"9409",49307,"Grad"
"9410",26809,"HS"
"9411",32904,"AD"
"9412",37615,"BD"
"9413",50135,"Grad"
"9414",24549,"HS"
"9415",31026,"AD"
"9416",43534,"BD"
"9417",53581,"Grad"
"9418",25800,"HS"
"9419",27279,"AD"
"9420",44298,"BD"
"9421",47305,"Grad"
"9422",26780,"HS"
"9423",32939,"AD"
"9424",43686,"BD"
"9425",53829,"Grad"
"9426",23248,"HS"
"9427",29592,"AD"
"9428",42200,"BD"
"9429",51300,"Grad"
"9430",24583,"HS"
"9431",30109,"AD"
"9432",39095,"BD"
"9433",47763,"Grad"
"9434",21301,"HS"
"9435",24101,"AD"
"9436",31504,"BD"
"9437",37716,"Grad"
"9438",27422,"HS"
"9439",34282,"AD"
"9440",50923,"BD"
"9441",61027,"Grad"
"9442",26023,"HS"
"9443",25179,"AD"
"9444",33625,"BD"
"9445",39875,"Grad"
"9446",25781,"HS"
"9447",29025,"AD"
"9448",40997,"BD"
"9449",54274,"Grad"
"9450",31563,"HS"
"9451",25586,"AD"
"9452",35769,"BD"
"9453",48750,"Grad"
"9454",21667,"HS"
"9455",27532,"AD"
"9456",36053,"BD"
"9457",43750,"Grad"
"9458",27911,"HS"
"9459",29233,"AD"
"9460",39795,"BD"
"9461",46324,"Grad"
"9462",27254,"HS"
"9463",33484,"AD"
"9464",40307,"BD"
"9465",50554,"Grad"
"9466",21430,"HS"
"9467",27832,"AD"
"9468",31453,"BD"
"9469",42750,"Grad"
"9470",15444,"HS"
"9471",27750,"AD"
"9472",31875,"BD"
"9473",90250,"Grad"
"9474",22011,"HS"
"9475",26578,"AD"
"9476",36250,"BD"
"9477",41389,"Grad"
"9478",24000,"HS"
"9479",28438,"AD"
"9480",32250,"BD"
"9481",111250,"Grad"
"9482",22035,"HS"
"9483",21725,"AD"
"9484",35446,"BD"
"9485",48250,"Grad"
"9486",26854,"HS"
"9487",31776,"AD"
"9488",29282,"BD"
"9489",50417,"Grad"
"9490",22071,"HS"
"9491",24229,"AD"
"9492",25887,"BD"
"9493",42273,"Grad"
"9494",26795,"HS"
"9495",31015,"AD"
"9496",37379,"BD"
"9497",41289,"Grad"
"9498",21513,"HS"
"9499",22500,"AD"
"9500",32750,"BD"
"9501",47396,"Grad"
"9502",23718,"HS"
"9503",30383,"AD"
"9504",42500,"BD"
"9505",38563,"Grad"
"9506",23985,"HS"
"9507",29978,"AD"
"9508",42821,"BD"
"9509",41528,"Grad"
"9510",21977,"HS"
"9511",30787,"AD"
"9512",39063,"BD"
"9513",39550,"Grad"
"9514",26476,"HS"
"9515",26436,"AD"
"9516",36992,"BD"
"9517",57250,"Grad"
"9518",20357,"HS"
"9519",27083,"AD"
"9520",40724,"BD"
"9521",50208,"Grad"
"9522",23056,"HS"
"9523",24318,"AD"
"9524",35761,"BD"
"9525",43500,"Grad"
"9526",25662,"HS"
"9527",30625,"AD"
"9528",37045,"BD"
"9529",40893,"Grad"
"9530",21563,"HS"
"9531",25516,"AD"
"9532",37917,"BD"
"9533",35393,"Grad"
"9534",23170,"HS"
"9535",24554,"AD"
"9536",36125,"BD"
"9537",35000,"Grad"
"9538",26664,"HS"
"9539",34453,"AD"
"9540",36067,"BD"
"9541",33750,"Grad"
"9542",20241,"HS"
"9543",25446,"AD"
"9544",33682,"BD"
"9545",50833,"Grad"
"9546",26466,"HS"
"9547",27850,"AD"
"9548",37857,"BD"
"9549",76000,"Grad"
"9550",27288,"HS"
"9551",32065,"AD"
"9552",31389,"BD"
"9553",56250,"Grad"
"9554",26761,"HS"
"9555",31523,"AD"
"9556",35294,"BD"
"9557",33889,"Grad"
"9558",30034,"HS"
"9559",31705,"AD"
"9560",33563,"BD"
"9561",39583,"Grad"
"9562",25089,"HS"
"9563",24861,"AD"
"9564",24375,"BD"
"9565",52917,"Grad"
"9566",25651,"HS"
"9567",32413,"AD"
"9568",44458,"BD"
"9569",50236,"Grad"
"9570",25783,"HS"
"9571",28077,"AD"
"9572",31351,"BD"
"9573",48333,"Grad"
"9574",28750,"HS"
"9575",26625,"AD"
"9576",38966,"BD"
"9577",2857,"Grad"
"9578",21541,"HS"
"9579",31161,"AD"
"9580",30463,"BD"
"9581",27361,"Grad"
"9582",26042,"HS"
"9583",24596,"AD"
"9584",38250,"BD"
"9585",51042,"Grad"
"9586",17813,"HS"
"9587",27024,"AD"
"9588",25000,"BD"
"9589",55313,"Grad"
"9590",27639,"HS"
"9591",31089,"AD"
"9592",33936,"BD"
"9593",51250,"Grad"
"9594",28941,"HS"
"9595",27073,"AD"
"9596",36084,"BD"
"9597",51351,"Grad"
"9598",25115,"HS"
"9599",29119,"AD"
"9600",36517,"BD"
"9601",54057,"Grad"
"9602",30684,"HS"
"9603",36535,"AD"
"9604",44602,"BD"
"9605",66057,"Grad"
"9606",25469,"HS"
"9607",28542,"AD"
"9608",38194,"BD"
"9609",35341,"Grad"
"9610",26533,"HS"
"9611",31105,"AD"
"9612",38051,"BD"
"9613",52614,"Grad"
"9614",25648,"HS"
"9615",27283,"AD"
"9616",42760,"BD"
"9617",44583,"Grad"
"9618",19274,"HS"
"9619",29087,"AD"
"9620",37375,"BD"
"9621",53214,"Grad"
"9622",28329,"HS"
"9623",31048,"AD"
"9624",38521,"BD"
"9625",59539,"Grad"
"9626",21893,"HS"
"9627",23264,"AD"
"9628",34063,"BD"
"9629",33036,"Grad"
"9630",28864,"HS"
"9631",29348,"AD"
"9632",26842,"BD"
"9633",65380,"Grad"
"9634",27793,"HS"
"9635",32119,"AD"
"9636",40438,"BD"
"9637",52100,"Grad"
"9638",31541,"HS"
"9639",30153,"AD"
"9640",39524,"BD"
"9641",36071,"Grad"
"9642",25444,"HS"
"9643",29061,"AD"
"9644",40883,"BD"
"9645",54809,"Grad"
"9646",21250,"HS"
"9647",30028,"AD"
"9648",29737,"BD"
"9649",31786,"Grad"
"9650",21932,"HS"
"9651",29375,"AD"
"9652",34537,"BD"
"9653",33229,"Grad"
"9654",24425,"HS"
"9655",27102,"AD"
"9656",41944,"BD"
"9657",50278,"Grad"
"9658",26383,"HS"
"9659",30956,"AD"
"9660",31761,"BD"
"9661",40417,"Grad"
"9662",18038,"HS"
"9663",23506,"AD"
"9664",37734,"BD"
"9665",40417,"Grad"
"9666",26266,"HS"
"9667",25056,"AD"
"9668",32965,"BD"
"9669",46719,"Grad"
"9670",26352,"HS"
"9671",29421,"AD"
"9672",38558,"BD"
"9673",51375,"Grad"
"9674",28661,"HS"
"9675",31552,"AD"
"9676",40486,"BD"
"9677",46875,"Grad"
"9678",23198,"HS"
"9679",21964,"AD"
"9680",40909,"BD"
"9681",42396,"Grad"
"9682",21740,"HS"
"9683",24286,"AD"
"9684",33396,"BD"
"9685",61379,"Grad"
"9686",30500,"HS"
"9687",30491,"AD"
"9688",37083,"BD"
"9689",31154,"Grad"
"9690",30320,"HS"
"9691",34338,"AD"
"9692",43103,"BD"
"9693",56366,"Grad"
"9694",24107,"HS"
"9695",26539,"AD"
"9696",36977,"BD"
"9697",57679,"Grad"
"9698",27105,"HS"
"9699",30092,"AD"
"9700",40488,"BD"
"9701",49556,"Grad"
"9702",19896,"HS"
"9703",21031,"AD"
"9704",37180,"BD"
"9705",50250,"Grad"
"9706",27354,"HS"
"9707",33922,"AD"
"9708",46643,"BD"
"9709",60104,"Grad"
"9710",25542,"HS"
"9711",32447,"AD"
"9712",42576,"BD"
"9713",53606,"Grad"
"9714",25124,"HS"
"9715",26888,"AD"
"9716",41296,"BD"
"9717",42837,"Grad"
"9718",22012,"HS"
"9719",26511,"AD"
"9720",33500,"BD"
"9721",38438,"Grad"
"9722",25915,"HS"
"9723",31393,"AD"
"9724",43888,"BD"
"9725",52102,"Grad"
"9726",25602,"HS"
"9727",29014,"AD"
"9728",40102,"BD"
"9729",51225,"Grad"
"9730",25155,"HS"
"9731",28171,"AD"
"9732",39128,"BD"
"9733",43970,"Grad"
"9734",26769,"HS"
"9735",26988,"AD"
"9736",42803,"BD"
"9737",42411,"Grad"
"9738",22821,"HS"
"9739",28224,"AD"
"9740",33926,"BD"
"9741",49333,"Grad"
"9742",24254,"HS"
"9743",25760,"AD"
"9744",32034,"BD"
"9745",43029,"Grad"
"9746",31115,"HS"
"9747",38101,"AD"
"9748",41703,"BD"
"9749",58906,"Grad"
"9750",25110,"HS"
"9751",30704,"AD"
"9752",41381,"BD"
"9753",52558,"Grad"
"9754",25346,"HS"
"9755",27864,"AD"
"9756",38472,"BD"
"9757",51400,"Grad"
"9758",22352,"HS"
"9759",26141,"AD"
"9760",39750,"BD"
"9761",43696,"Grad"
"9762",22795,"HS"
"9763",27227,"AD"
"9764",35270,"BD"
"9765",45268,"Grad"
"9766",23278,"HS"
"9767",30187,"AD"
"9768",43842,"BD"
"9769",49775,"Grad"
"9770",24965,"HS"
"9771",32149,"AD"
"9772",39900,"BD"
"9773",53750,"Grad"
"9774",22694,"HS"
"9775",26501,"AD"
"9776",33686,"BD"
"9777",40234,"Grad"
"9778",24929,"HS"
"9779",31228,"AD"
"9780",42369,"BD"
"9781",57526,"Grad"
"9782",26456,"HS"
"9783",31320,"AD"
"9784",32356,"BD"
"9785",52670,"Grad"
"9786",23251,"HS"
"9787",36063,"AD"
"9788",42231,"BD"
"9789",44323,"Grad"
"9790",26586,"HS"
"9791",32277,"AD"
"9792",37198,"BD"
"9793",60395,"Grad"
"9794",25567,"HS"
"9795",29412,"AD"
"9796",37764,"BD"
"9797",54067,"Grad"
"9798",30630,"HS"
"9799",39059,"AD"
"9800",53222,"BD"
"9801",55313,"Grad"
"9802",21381,"HS"
"9803",26497,"AD"
"9804",35120,"BD"
"9805",43194,"Grad"
"9806",26051,"HS"
"9807",30522,"AD"
"9808",41242,"BD"
"9809",56705,"Grad"
"9810",23309,"HS"
"9811",27227,"AD"
"9812",40607,"BD"
"9813",49672,"Grad"
"9814",26781,"HS"
"9815",29624,"AD"
"9816",34364,"BD"
"9817",46707,"Grad"
"9818",21918,"HS"
"9819",29551,"AD"
"9820",48571,"BD"
"9821",44500,"Grad"
"9822",23462,"HS"
"9823",28365,"AD"
"9824",36390,"BD"
"9825",44642,"Grad"
"9826",19365,"HS"
"9827",26645,"AD"
"9828",39946,"BD"
"9829",36688,"Grad"
"9830",25010,"HS"
"9831",30277,"AD"
"9832",38308,"BD"
"9833",48518,"Grad"
"9834",24973,"HS"
"9835",31522,"AD"
"9836",44541,"BD"
"9837",59947,"Grad"
"9838",20058,"HS"
"9839",22026,"AD"
"9840",32898,"BD"
"9841",44808,"Grad"
"9842",25709,"HS"
"9843",27380,"AD"
"9844",36432,"BD"
"9845",50411,"Grad"
"9846",23439,"HS"
"9847",25095,"AD"
"9848",38730,"BD"
"9849",48810,"Grad"
"9850",24832,"HS"
"9851",29853,"AD"
"9852",43214,"BD"
"9853",52500,"Grad"
"9854",22919,"HS"
"9855",30419,"AD"
"9856",40640,"BD"
"9857",48125,"Grad"
"9858",26862,"HS"
"9859",31368,"AD"
"9860",45026,"BD"
"9861",48661,"Grad"
"9862",22445,"HS"
"9863",25531,"AD"
"9864",35462,"BD"
"9865",49250,"Grad"
"9866",23847,"HS"
"9867",33242,"AD"
"9868",42831,"BD"
"9869",55302,"Grad"
"9870",26003,"HS"
"9871",27866,"AD"
"9872",36176,"BD"
"9873",53977,"Grad"
"9874",24407,"HS"
"9875",30274,"AD"
"9876",47522,"BD"
"9877",42861,"Grad"
"9878",23498,"HS"
"9879",26691,"AD"
"9880",43600,"BD"
"9881",46932,"Grad"
"9882",23306,"HS"
"9883",29537,"AD"
"9884",41142,"BD"
"9885",45066,"Grad"
"9886",23371,"HS"
"9887",22456,"AD"
"9888",39118,"BD"
"9889",53233,"Grad"
"9890",25533,"HS"
"9891",31634,"AD"
"9892",45436,"BD"
"9893",58384,"Grad"
"9894",24650,"HS"
"9895",23125,"AD"
"9896",30500,"BD"
"9897",90000,"Grad"
"9898",23857,"HS"
"9899",26695,"AD"
"9900",38053,"BD"
"9901",45303,"Grad"
"9902",24823,"HS"
"9903",30174,"AD"
"9904",37316,"BD"
"9905",44770,"Grad"
"9906",23065,"HS"
"9907",29011,"AD"
"9908",33404,"BD"
"9909",36083,"Grad"
"9910",28367,"HS"
"9911",29199,"AD"
"9912",43008,"BD"
"9913",56463,"Grad"
"9914",25515,"HS"
"9915",30450,"AD"
"9916",43735,"BD"
"9917",54927,"Grad"
"9918",25767,"HS"
"9919",29792,"AD"
"9920",42766,"BD"
"9921",45096,"Grad"
"9922",21889,"HS"
"9923",26271,"AD"
"9924",37596,"BD"
"9925",51307,"Grad"
"9926",24517,"HS"
"9927",29872,"AD"
"9928",43780,"BD"
"9929",43403,"Grad"
"9930",25970,"HS"
"9931",30362,"AD"
"9932",41125,"BD"
"9933",53981,"Grad"
"9934",26017,"HS"
"9935",30896,"AD"
"9936",40316,"BD"
"9937",49765,"Grad"
"9938",24859,"HS"
"9939",31035,"AD"
"9940",41641,"BD"
"9941",45156,"Grad"
"9942",26399,"HS"
"9943",31884,"AD"
"9944",43031,"BD"
"9945",50375,"Grad"
"9946",22993,"HS"
"9947",32289,"AD"
"9948",35703,"BD"
"9949",50288,"Grad"
"9950",23285,"HS"
"9951",28240,"AD"
"9952",38032,"BD"
"9953",48942,"Grad"
"9954",27370,"HS"
"9955",32329,"AD"
"9956",41599,"BD"
"9957",55511,"Grad"
"9958",23415,"HS"
"9959",28672,"AD"
"9960",31406,"BD"
"9961",45956,"Grad"
"9962",26111,"HS"
"9963",29492,"AD"
"9964",35854,"BD"
"9965",52150,"Grad"
"9966",24567,"HS"
"9967",28826,"AD"
"9968",39076,"BD"
"9969",47972,"Grad"
"9970",23073,"HS"
"9971",26674,"AD"
"9972",39688,"BD"
"9973",50417,"Grad"
"9974",17354,"HS"
"9975",29622,"AD"
"9976",29075,"BD"
"9977",46513,"Grad"
"9978",23610,"HS"
"9979",27440,"AD"
"9980",34688,"BD"
"9981",58750,"Grad"
"9982",24608,"HS"
"9983",29945,"AD"
"9984",32296,"BD"
"9985",48583,"Grad"
"9986",24379,"HS"
"9987",26046,"AD"
"9988",41629,"BD"
"9989",50651,"Grad"
"9990",27465,"HS"
"9991",26371,"AD"
"9992",36067,"BD"
"9993",50519,"Grad"
"9994",24691,"HS"
"9995",31474,"AD"
"9996",44170,"BD"
"9997",56380,"Grad"
"9998",30101,"HS"
"9999",35550,"AD"
"10000",44853,"BD"
"10001",52946,"Grad"
"10002",30963,"HS"
"10003",35249,"AD"
"10004",43536,"BD"
"10005",54874,"Grad"
"10006",23244,"HS"
"10007",23316,"AD"
"10008",30840,"BD"
"10009",44639,"Grad"
"10010",25120,"HS"
"10011",32473,"AD"
"10012",31372,"BD"
"10013",47931,"Grad"
"10014",23602,"HS"
"10015",27818,"AD"
"10016",37233,"BD"
"10017",47448,"Grad"
"10018",25588,"HS"
"10019",31626,"AD"
"10020",48169,"BD"
"10021",61641,"Grad"
"10022",30398,"HS"
"10023",33306,"AD"
"10024",39595,"BD"
"10025",54840,"Grad"
"10026",24688,"HS"
"10027",30797,"AD"
"10028",45357,"BD"
"10029",50078,"Grad"
"10030",23685,"HS"
"10031",28706,"AD"
"10032",43450,"BD"
"10033",57522,"Grad"
"10034",29932,"HS"
"10035",35241,"AD"
"10036",46775,"BD"
"10037",54564,"Grad"
"10038",26841,"HS"
"10039",35232,"AD"
"10040",46802,"BD"
"10041",55367,"Grad"
"10042",30041,"HS"
"10043",24931,"AD"
"10044",26750,"BD"
"10045",39250,"Grad"
"10046",27493,"HS"
"10047",32233,"AD"
"10048",44549,"BD"
"10049",64135,"Grad"
"10050",25543,"HS"
"10051",32429,"AD"
"10052",41328,"BD"
"10053",44301,"Grad"
"10054",23308,"HS"
"10055",37083,"AD"
"10056",33203,"BD"
"10057",43450,"Grad"
"10058",25320,"HS"
"10059",27109,"AD"
"10060",39720,"BD"
"10061",47833,"Grad"
"10062",24063,"HS"
"10063",29603,"AD"
"10064",43106,"BD"
"10065",53311,"Grad"
"10066",22335,"HS"
"10067",30245,"AD"
"10068",40268,"BD"
"10069",42724,"Grad"
"10070",24952,"HS"
"10071",26372,"AD"
"10072",31921,"BD"
"10073",51092,"Grad"
"10074",22235,"HS"
"10075",29614,"AD"
"10076",40702,"BD"
"10077",60625,"Grad"
"10078",31961,"HS"
"10079",41218,"AD"
"10080",58393,"BD"
"10081",81697,"Grad"
"10082",30749,"HS"
"10083",40044,"AD"
"10084",51395,"BD"
"10085",61949,"Grad"
"10086",27862,"HS"
"10087",31401,"AD"
"10088",41109,"BD"
"10089",50417,"Grad"
"10090",36344,"HS"
"10091",40026,"AD"
"10092",47708,"BD"
"10093",75000,"Grad"
"10094",24212,"HS"
"10095",26796,"AD"
"10096",44264,"BD"
"10097",54291,"Grad"
"10098",21189,"HS"
"10099",25733,"AD"
"10100",45500,"BD"
"10101",54160,"Grad"
"10102",34607,"HS"
"10103",40701,"AD"
"10104",45602,"BD"
"10105",54531,"Grad"
"10106",30761,"HS"
"10107",35227,"AD"
"10108",49750,"BD"
"10109",50625,"Grad"
"10110",25459,"HS"
"10111",33626,"AD"
"10112",50060,"BD"
"10113",59018,"Grad"
"10114",33096,"HS"
"10115",33217,"AD"
"10116",49211,"BD"
"10117",61725,"Grad"
"10118",34365,"HS"
"10119",30278,"AD"
"10120",41429,"BD"
"10121",53864,"Grad"
"10122",22919,"HS"
"10123",30020,"AD"
"10124",38603,"BD"
"10125",57974,"Grad"
"10126",28185,"HS"
"10127",35629,"AD"
"10128",47536,"BD"
"10129",53734,"Grad"
"10130",28828,"HS"
"10131",33707,"AD"
"10132",44181,"BD"
"10133",35357,"Grad"
"10134",25000,"HS"
"10135",29226,"AD"
"10136",51349,"BD"
"10137",53142,"Grad"
"10138",28156,"HS"
"10139",33692,"AD"
"10140",46357,"BD"
"10141",61533,"Grad"
"10142",25363,"HS"
"10143",31904,"AD"
"10144",48547,"BD"
"10145",64160,"Grad"
"10146",25743,"HS"
"10147",23472,"AD"
"10148",40991,"BD"
"10149",44643,"Grad"
"10150",38750,"HS"
"10151",46667,"AD"
"10152",55486,"BD"
"10153",39444,"Grad"
"10154",28381,"HS"
"10155",30405,"AD"
"10156",43618,"BD"
"10157",54459,"Grad"
"10158",25780,"HS"
"10159",31655,"AD"
"10160",42257,"BD"
"10161",52777,"Grad"
"10162",32580,"HS"
"10163",42362,"AD"
"10164",60780,"BD"
"10165",73608,"Grad"
"10166",25230,"HS"
"10167",31229,"AD"
"10168",41429,"BD"
"10169",56618,"Grad"
"10170",25474,"HS"
"10171",30599,"AD"
"10172",40885,"BD"
"10173",34846,"Grad"
"10174",26522,"HS"
"10175",27017,"AD"
"10176",34659,"BD"
"10177",52500,"Grad"
"10178",20266,"HS"
"10179",22222,"AD"
"10180",35214,"BD"
"10181",39313,"Grad"
"10182",27100,"HS"
"10183",30716,"AD"
"10184",42515,"BD"
"10185",48080,"Grad"
"10186",31150,"HS"
"10187",34347,"AD"
"10188",40278,"BD"
"10189",40000,"Grad"
"10190",27061,"HS"
"10191",35822,"AD"
"10192",46009,"BD"
"10193",54375,"Grad"
"10194",27567,"HS"
"10195",32594,"AD"
"10196",47823,"BD"
"10197",64476,"Grad"
"10198",25901,"HS"
"10199",34320,"AD"
"10200",42981,"BD"
"10201",56500,"Grad"
"10202",28636,"HS"
"10203",33808,"AD"
"10204",48229,"BD"
"10205",57854,"Grad"
"10206",21263,"HS"
"10207",24879,"AD"
"10208",43231,"BD"
"10209",59755,"Grad"
"10210",28618,"HS"
"10211",29494,"AD"
"10212",45053,"BD"
"10213",59260,"Grad"
"10214",35000,"HS"
"10215",35163,"AD"
"10216",48614,"BD"
"10217",42650,"Grad"
"10218",22432,"HS"
"10219",27908,"AD"
"10220",33782,"BD"
"10221",50625,"Grad"
"10222",25230,"HS"
"10223",29099,"AD"
"10224",43333,"BD"
"10225",42031,"Grad"
"10226",33974,"HS"
"10227",56502,"AD"
"10228",56484,"BD"
"10229",71028,"Grad"
"10230",25114,"HS"
"10231",26832,"AD"
"10232",46030,"BD"
"10233",48973,"Grad"
"10234",26111,"HS"
"10235",28782,"AD"
"10236",42500,"BD"
"10237",53398,"Grad"
"10238",30375,"HS"
"10239",34906,"AD"
"10240",44631,"BD"
"10241",51458,"Grad"
"10242",24263,"HS"
"10243",26484,"AD"
"10244",40625,"BD"
"10245",42857,"Grad"
"10246",25875,"HS"
"10247",24926,"AD"
"10248",38235,"BD"
"10249",52125,"Grad"
"10250",21660,"HS"
"10251",22500,"AD"
"10252",41681,"BD"
"10253",74688,"Grad"
"10254",30440,"HS"
"10255",40652,"AD"
"10256",62500,"BD"
"10257",83541,"Grad"
"10258",22012,"HS"
"10259",26172,"AD"
"10260",39750,"BD"
"10261",58472,"Grad"
"10262",27500,"HS"
"10263",34588,"AD"
"10264",42205,"BD"
"10265",61484,"Grad"
"10266",26625,"HS"
"10267",36002,"AD"
"10268",52473,"BD"
"10269",67064,"Grad"
"10270",28561,"HS"
"10271",26557,"AD"
"10272",41250,"BD"
"10273",45458,"Grad"
"10274",17038,"HS"
"10275",26159,"AD"
"10276",40288,"BD"
"10277",51250,"Grad"
"10278",28726,"HS"
"10279",34150,"AD"
"10280",44551,"BD"
"10281",61667,"Grad"
"10282",28702,"HS"
"10283",34284,"AD"
"10284",44400,"BD"
"10285",56495,"Grad"
"10286",21771,"HS"
"10287",29250,"AD"
"10288",45156,"BD"
"10289",52500,"Grad"
"10290",22154,"HS"
"10291",45000,"AD"
"10292",48750,"BD"
"10293",63661,"Grad"
"10294",40607,"HS"
"10295",28389,"AD"
"10296",34327,"BD"
"10297",40781,"Grad"
"10298",21378,"HS"
"10299",26417,"AD"
"10300",42169,"BD"
"10301",39519,"Grad"
"10302",13519,"HS"
"10303",28355,"AD"
"10304",46759,"BD"
"10305",47250,"Grad"
"10306",25313,"HS"
"10307",27311,"AD"
"10308",47188,"BD"
"10309",40139,"Grad"
"10310",26653,"HS"
"10311",34696,"AD"
"10312",52460,"BD"
"10313",66764,"Grad"
"10314",28786,"HS"
"10315",31651,"AD"
"10316",46555,"BD"
"10317",44825,"Grad"
"10318",27800,"HS"
"10319",31241,"AD"
"10320",44290,"BD"
"10321",47931,"Grad"
"10322",35074,"HS"
"10323",31935,"AD"
"10324",44079,"BD"
"10325",32917,"Grad"
"10326",31877,"HS"
"10327",40610,"AD"
"10328",56509,"BD"
"10329",68965,"Grad"
"10330",23044,"HS"
"10331",30907,"AD"
"10332",40906,"BD"
"10333",55817,"Grad"
"10334",18017,"HS"
"10335",26947,"AD"
"10336",38750,"BD"
"10337",51250,"Grad"
"10338",20309,"HS"
"10339",26045,"AD"
"10340",47218,"BD"
"10341",61196,"Grad"
"10342",26991,"HS"
"10343",30920,"AD"
"10344",46696,"BD"
"10345",55125,"Grad"
"10346",20041,"HS"
"10347",30327,"AD"
"10348",30521,"BD"
"10349",50917,"Grad"
"10350",25887,"HS"
"10351",27093,"AD"
"10352",37315,"BD"
"10353",43776,"Grad"
"10354",30693,"HS"
"10355",32387,"AD"
"10356",45666,"BD"
"10357",51316,"Grad"
"10358",32054,"HS"
"10359",36786,"AD"
"10360",31417,"BD"
"10361",13654,"Grad"
"10362",32305,"HS"
"10363",38943,"AD"
"10364",52614,"BD"
"10365",58969,"Grad"
"10366",21455,"HS"
"10367",27765,"AD"
"10368",45392,"BD"
"10369",57456,"Grad"
"10370",26985,"HS"
"10371",30474,"AD"
"10372",39087,"BD"
"10373",46118,"Grad"
"10374",24587,"HS"
"10375",30717,"AD"
"10376",40813,"BD"
"10377",51500,"Grad"
"10378",26030,"HS"
"10379",30628,"AD"
"10380",44294,"BD"
"10381",50457,"Grad"
"10382",30946,"HS"
"10383",28713,"AD"
"10384",42283,"BD"
"10385",67120,"Grad"
"10386",25320,"HS"
"10387",27992,"AD"
"10388",43640,"BD"
"10389",50714,"Grad"
"10390",27618,"HS"
"10391",27488,"AD"
"10392",47500,"BD"
"10393",46667,"Grad"
"10394",22054,"HS"
"10395",15682,"AD"
"10396",39400,"BD"
"10397",40750,"Grad"
"10398",30201,"HS"
"10399",41022,"AD"
"10400",62968,"BD"
"10401",79197,"Grad"
"10402",26066,"HS"
"10403",37969,"AD"
"10404",36985,"BD"
"10405",52620,"Grad"
"10406",25929,"HS"
"10407",30653,"AD"
"10408",37359,"BD"
"10409",45543,"Grad"
"10410",25094,"HS"
"10411",27768,"AD"
"10412",62917,"BD"
"10413",49919,"Grad"
"10414",29236,"HS"
"10415",37788,"AD"
"10416",51000,"BD"
"10417",49145,"Grad"
"10418",30020,"HS"
"10419",40522,"AD"
"10420",58541,"BD"
"10421",65124,"Grad"
"10422",32424,"HS"
"10423",30855,"AD"
"10424",37262,"BD"
"10425",37292,"Grad"
"10426",25080,"HS"
"10427",30547,"AD"
"10428",39900,"BD"
"10429",52192,"Grad"
"10430",34464,"HS"
"10431",47125,"AD"
"10432",52596,"BD"
"10433",56964,"Grad"
"10434",29797,"HS"
"10435",37230,"AD"
"10436",48641,"BD"
"10437",58750,"Grad"
"10438",21932,"HS"
"10439",33297,"AD"
"10440",42796,"BD"
"10441",53365,"Grad"
"10442",31366,"HS"
"10443",30839,"AD"
"10444",41322,"BD"
"10445",57361,"Grad"
"10446",26480,"HS"
"10447",31711,"AD"
"10448",48674,"BD"
"10449",59558,"Grad"
"10450",26615,"HS"
"10451",31083,"AD"
"10452",48593,"BD"
"10453",59745,"Grad"
"10454",30347,"HS"
"10455",32128,"AD"
"10456",47308,"BD"
"10457",49659,"Grad"
"10458",27307,"HS"
"10459",37352,"AD"
"10460",51371,"BD"
"10461",61906,"Grad"
"10462",25770,"HS"
"10463",28283,"AD"
"10464",41596,"BD"
"10465",57645,"Grad"
"10466",17401,"HS"
"10467",22159,"AD"
"10468",45750,"BD"
"10469",56250,"Grad"
"10470",21159,"HS"
"10471",31784,"AD"
"10472",40000,"BD"
"10473",49250,"Grad"
"10474",26852,"HS"
"10475",30089,"AD"
"10476",51979,"BD"
"10477",41250,"Grad"
"10478",21701,"HS"
"10479",26379,"AD"
"10480",22303,"BD"
"10481",51603,"Grad"
"10482",32424,"HS"
"10483",40662,"AD"
"10484",45694,"BD"
"10485",54468,"Grad"
"10486",27431,"HS"
"10487",35661,"AD"
"10488",54475,"BD"
"10489",72256,"Grad"
"10490",30813,"HS"
"10491",28350,"AD"
"10492",44383,"BD"
"10493",49839,"Grad"
"10494",29464,"HS"
"10495",32989,"AD"
"10496",48667,"BD"
"10497",43958,"Grad"
"10498",21214,"HS"
"10499",38321,"AD"
"10500",42368,"BD"
"10501",72757,"Grad"
"10502",31255,"HS"
"10503",33450,"AD"
"10504",51173,"BD"
"10505",59240,"Grad"
"10506",25717,"HS"
"10507",39932,"AD"
"10508",41827,"BD"
"10509",64750,"Grad"
"10510",24955,"HS"
"10511",30766,"AD"
"10512",43840,"BD"
"10513",51671,"Grad"
"10514",20007,"HS"
"10515",25244,"AD"
"10516",44766,"BD"
"10517",56486,"Grad"
"10518",25509,"HS"
"10519",31040,"AD"
"10520",43644,"BD"
"10521",51250,"Grad"
"10522",31198,"HS"
"10523",33255,"AD"
"10524",42238,"BD"
"10525",52992,"Grad"
"10526",28919,"HS"
"10527",34826,"AD"
"10528",52788,"BD"
"10529",60586,"Grad"
"10530",27626,"HS"
"10531",30612,"AD"
"10532",42108,"BD"
"10533",47279,"Grad"
"10534",25153,"HS"
"10535",24167,"AD"
"10536",37083,"BD"
"10537",56875,"Grad"
"10538",27391,"HS"
"10539",31011,"AD"
"10540",43750,"BD"
"10541",55417,"Grad"
"10542",16594,"HS"
"10543",20833,"AD"
"10544",35833,"BD"
"10545",55500,"Grad"
"10546",26612,"HS"
"10547",31740,"AD"
"10548",43250,"BD"
"10549",60208,"Grad"
"10550",31937,"HS"
"10551",31950,"AD"
"10552",46399,"BD"
"10553",59665,"Grad"
"10554",28722,"HS"
"10555",30048,"AD"
"10556",39167,"BD"
"10557",215500,"Grad"
"10558",29863,"HS"
"10559",32155,"AD"
"10560",38950,"BD"
"10561",55714,"Grad"
"10562",26717,"HS"
"10563",34275,"AD"
"10564",42285,"BD"
"10565",59167,"Grad"
"10566",28834,"HS"
"10567",31544,"AD"
"10568",41831,"BD"
"10569",55461,"Grad"
"10570",21250,"HS"
"10571",26694,"AD"
"10572",24967,"BD"
"10573",65750,"Grad"
"10574",25638,"HS"
"10575",32702,"AD"
"10576",47787,"BD"
"10577",61599,"Grad"
"10578",18805,"HS"
"10579",25278,"AD"
"10580",48320,"BD"
"10581",16818,"Grad"
"10582",28859,"HS"
"10583",31280,"AD"
"10584",39846,"BD"
"10585",43603,"Grad"
"10586",31567,"HS"
"10587",37625,"AD"
"10588",50242,"BD"
"10589",58815,"Grad"
"10590",23056,"HS"
"10591",18184,"AD"
"10592",39266,"BD"
"10593",52969,"Grad"
"10594",24299,"HS"
"10595",30045,"AD"
"10596",45966,"BD"
"10597",52589,"Grad"
"10598",32340,"HS"
"10599",38930,"AD"
"10600",51828,"BD"
"10601",62431,"Grad"
"10602",27375,"HS"
"10603",35597,"AD"
"10604",53950,"BD"
"10605",69447,"Grad"
"10606",30938,"HS"
"10607",30833,"AD"
"10608",37125,"BD"
"10609",54375,"Grad"
"10610",17143,"HS"
"10611",25909,"AD"
"10612",33750,"BD"
"10613",42917,"Grad"
"10614",23152,"HS"
"10615",28138,"AD"
"10616",41283,"BD"
"10617",49872,"Grad"
"10618",20625,"HS"
"10619",27244,"AD"
"10620",21667,"BD"
"10621",51154,"Grad"
"10622",39432,"HS"
"10623",37000,"AD"
"10624",43917,"BD"
"10625",19583,"HS"
"10626",38512,"AD"
"10627",22679,"BD"
"10628",34861,"Grad"
"10629",25350,"HS"
"10630",29408,"AD"
"10631",36074,"BD"
"10632",53060,"Grad"
"10633",21533,"HS"
"10634",30000,"AD"
"10635",33333,"BD"
"10636",53542,"Grad"
"10637",26639,"HS"
"10638",30191,"AD"
"10639",40164,"BD"
"10640",53639,"Grad"
"10641",23281,"HS"
"10642",28158,"AD"
"10643",45466,"BD"
"10644",52841,"Grad"
"10645",22513,"HS"
"10646",30971,"AD"
"10647",43862,"BD"
"10648",75541,"Grad"
"10649",21324,"HS"
"10650",31065,"AD"
"10651",46563,"BD"
"10652",57614,"Grad"
"10653",26220,"HS"
"10654",31411,"AD"
"10655",42091,"BD"
"10656",56429,"Grad"
"10657",30867,"HS"
"10658",37298,"AD"
"10659",44720,"BD"
"10660",55132,"Grad"
"10661",26637,"HS"
"10662",32045,"AD"
"10663",49180,"BD"
"10664",60564,"Grad"
"10665",31748,"HS"
"10666",36380,"AD"
"10667",47790,"BD"
"10668",55755,"Grad"
"10669",24415,"HS"
"10670",27839,"AD"
"10671",40995,"BD"
"10672",54338,"Grad"
"10673",28958,"HS"
"10674",31667,"AD"
"10675",50714,"BD"
"10676",48750,"Grad"
"10677",21655,"HS"
"10678",32432,"AD"
"10679",44519,"BD"
"10680",53409,"Grad"
"10681",22193,"HS"
"10682",25962,"AD"
"10683",47717,"BD"
"10684",44167,"Grad"
"10685",43239,"HS"
"10686",40179,"AD"
"10687",25234,"HS"
"10688",30095,"AD"
"10689",43073,"BD"
"10690",54283,"Grad"
"10691",21884,"HS"
"10692",31888,"AD"
"10693",42050,"BD"
"10694",50938,"Grad"
"10695",16978,"HS"
"10696",21623,"AD"
"10697",41051,"BD"
"10698",22228,"Grad"
"10699",24278,"HS"
"10700",30211,"AD"
"10701",44648,"BD"
"10702",56055,"Grad"
"10703",8533,"HS"
"10704",24250,"AD"
"10705",80625,"BD"
"10706",25461,"HS"
"10707",28051,"AD"
"10708",40972,"BD"
"10709",61250,"Grad"
"10710",23950,"HS"
"10711",25860,"AD"
"10712",32419,"BD"
"10713",49516,"Grad"
"10714",26351,"HS"
"10715",30885,"AD"
"10716",44323,"BD"
"10717",64250,"Grad"
"10718",17132,"HS"
"10719",36480,"AD"
"10720",43558,"BD"
"10721",39833,"Grad"
"10722",26204,"HS"
"10723",33985,"AD"
"10724",43420,"BD"
"10725",54167,"Grad"
"10726",21108,"HS"
"10727",24269,"AD"
"10728",43193,"BD"
"10729",51500,"Grad"
"10730",26139,"HS"
"10731",32236,"AD"
"10732",51078,"BD"
"10733",56197,"Grad"
"10734",22344,"HS"
"10735",17546,"AD"
"10736",44271,"BD"
"10737",25625,"Grad"
"10738",30155,"HS"
"10739",38123,"AD"
"10740",53544,"BD"
"10741",57249,"Grad"
"10742",25009,"HS"
"10743",28329,"AD"
"10744",43563,"BD"
"10745",53864,"Grad"
"10746",21574,"HS"
"10747",28938,"AD"
"10748",37900,"BD"
"10749",49583,"Grad"
"10750",29875,"HS"
"10751",26832,"AD"
"10752",40500,"BD"
"10753",63854,"Grad"
"10754",27207,"HS"
"10755",31960,"AD"
"10756",50625,"BD"
"10757",48250,"Grad"
"10758",31459,"HS"
"10759",39222,"AD"
"10760",59919,"BD"
"10761",74722,"Grad"
"10762",27711,"HS"
"10763",32134,"AD"
"10764",40204,"BD"
"10765",72212,"Grad"
"10766",25565,"HS"
"10767",32298,"AD"
"10768",46458,"BD"
"10769",50404,"Grad"
"10770",14602,"HS"
"10771",38167,"AD"
"10772",38438,"BD"
"10773",39000,"Grad"
"10774",24991,"HS"
"10775",26318,"AD"
"10776",43323,"BD"
"10777",48355,"Grad"
"10778",25593,"HS"
"10779",26714,"AD"
"10780",44125,"BD"
"10781",44865,"Grad"
"10782",27156,"HS"
"10783",30734,"AD"
"10784",44432,"BD"
"10785",48313,"Grad"
"10786",21589,"HS"
"10787",27471,"AD"
"10788",42875,"BD"
"10789",56094,"Grad"
"10790",26064,"HS"
"10791",31221,"AD"
"10792",45996,"BD"
"10793",55226,"Grad"
"10794",37292,"HS"
"10795",28373,"AD"
"10796",41976,"BD"
"10797",50865,"Grad"
"10798",25764,"HS"
"10799",30556,"AD"
"10800",40625,"BD"
"10801",53281,"Grad"
"10802",30081,"HS"
"10803",37091,"AD"
"10804",50902,"BD"
"10805",60653,"Grad"
"10806",26610,"HS"
"10807",31477,"AD"
"10808",40772,"BD"
"10809",49712,"Grad"
"10810",30931,"HS"
"10811",40137,"AD"
"10812",48750,"BD"
"10813",53292,"Grad"
"10814",30887,"HS"
"10815",38050,"AD"
"10816",54886,"BD"
"10817",72909,"Grad"
"10818",24732,"HS"
"10819",31899,"AD"
"10820",50521,"BD"
"10821",54135,"Grad"
"10822",28852,"HS"
"10823",32865,"AD"
"10824",40781,"BD"
"10825",52208,"Grad"
"10826",25486,"HS"
"10827",29415,"AD"
"10828",41906,"BD"
"10829",48843,"Grad"
"10830",24083,"HS"
"10831",29642,"AD"
"10832",44845,"BD"
"10833",52065,"Grad"
"10834",19231,"HS"
"10835",30720,"AD"
"10836",37261,"BD"
"10837",45313,"Grad"
"10838",26832,"HS"
"10839",27571,"AD"
"10840",35611,"BD"
"10841",50172,"Grad"
"10842",28579,"HS"
"10843",35700,"AD"
"10844",48036,"BD"
"10845",62201,"Grad"
"10846",34338,"HS"
"10847",32219,"AD"
"10848",48750,"BD"
"10849",64271,"Grad"
"10850",19896,"HS"
"10851",26106,"AD"
"10852",25583,"BD"
"10853",31429,"Grad"
"10854",20651,"HS"
"10855",30247,"AD"
"10856",42644,"BD"
"10857",53438,"Grad"
"10858",19826,"HS"
"10859",21013,"AD"
"10860",48707,"BD"
"10861",43750,"Grad"
"10862",21889,"HS"
"10863",29974,"AD"
"10864",43468,"BD"
"10865",50556,"Grad"
"10866",26065,"HS"
"10867",29219,"AD"
"10868",43875,"BD"
"10869",46894,"Grad"
"10870",25061,"HS"
"10871",29400,"AD"
"10872",42031,"BD"
"10873",42036,"Grad"
"10874",32198,"HS"
"10875",43351,"AD"
"10876",59004,"BD"
"10877",69904,"Grad"
"10878",22990,"HS"
"10879",34067,"AD"
"10880",42127,"BD"
"10881",49653,"Grad"
"10882",26481,"HS"
"10883",31314,"AD"
"10884",45165,"BD"
"10885",49518,"Grad"
"10886",21392,"HS"
"10887",26162,"AD"
"10888",37917,"BD"
"10889",38250,"Grad"
"10890",20442,"HS"
"10891",26250,"AD"
"10892",86319,"BD"
"10893",50313,"Grad"
"10894",28621,"HS"
"10895",40457,"AD"
"10896",50774,"BD"
"10897",74375,"Grad"
"10898",26846,"HS"
"10899",32851,"AD"
"10900",46306,"BD"
"10901",55286,"Grad"
"10902",26487,"HS"
"10903",24600,"AD"
"10904",34423,"BD"
"10905",53409,"Grad"
"10906",22708,"HS"
"10907",26612,"AD"
"10908",48942,"BD"
"10909",63839,"Grad"
"10910",30618,"HS"
"10911",36627,"AD"
"10912",40513,"BD"
"10913",52292,"Grad"
"10914",32390,"HS"
"10915",26607,"AD"
"10916",45000,"BD"
"10917",44417,"Grad"
"10918",31212,"HS"
"10919",28614,"AD"
"10920",40740,"BD"
"10921",59861,"Grad"
"10922",23265,"HS"
"10923",33661,"AD"
"10924",45938,"BD"
"10925",51477,"Grad"
"10926",25496,"HS"
"10927",31610,"AD"
"10928",48758,"BD"
"10929",61644,"Grad"
"10930",35906,"HS"
"10931",32358,"AD"
"10932",55278,"BD"
"10933",53603,"Grad"
"10934",17398,"HS"
"10935",20987,"AD"
"10936",43588,"BD"
"10937",56042,"Grad"
"10938",22897,"HS"
"10939",25563,"AD"
"10940",40200,"BD"
"10941",148889,"Grad"
"10942",38125,"HS"
"10943",23750,"AD"
"10944",49219,"BD"
"10945",7969,"Grad"
"10946",29038,"HS"
"10947",35417,"AD"
"10948",46750,"BD"
"10949",44583,"Grad"
"10950",39333,"HS"
"10951",40114,"AD"
"10952",38259,"BD"
"10953",37381,"Grad"
"10954",30769,"HS"
"10955",20833,"AD"
"10956",45139,"BD"
"10957",43700,"Grad"
"10958",29673,"HS"
"10959",36841,"AD"
"10960",53326,"BD"
"10961",67303,"Grad"
"10962",25722,"HS"
"10963",29309,"AD"
"10964",42734,"BD"
"10965",54709,"Grad"
"10966",21786,"HS"
"10967",31950,"AD"
"10968",43750,"BD"
"10969",56250,"Grad"
"10970",23418,"HS"
"10971",30014,"AD"
"10972",36667,"BD"
"10973",43841,"Grad"
"10974",29318,"HS"
"10975",23523,"AD"
"10976",46765,"BD"
"10977",53333,"Grad"
"10978",22391,"HS"
"10979",27922,"AD"
"10980",39640,"BD"
"10981",56133,"Grad"
"10982",24522,"HS"
"10983",31239,"AD"
"10984",41012,"BD"
"10985",54795,"Grad"
"10986",25747,"HS"
"10987",32531,"AD"
"10988",48803,"BD"
"10989",65378,"Grad"
"10990",29954,"HS"
"10991",25686,"AD"
"10992",33587,"BD"
"10993",50250,"Grad"
"10994",22176,"HS"
"10995",28919,"AD"
"10996",45125,"BD"
"10997",47917,"Grad"
"10998",29488,"HS"
"10999",31941,"AD"
"11000",41628,"BD"
"11001",57150,"Grad"
"11002",28100,"HS"
"11003",32008,"AD"
"11004",48438,"BD"
"11005",67143,"Grad"
"11006",21196,"HS"
"11007",25541,"AD"
"11008",41259,"BD"
"11009",27269,"Grad"
"11010",24702,"HS"
"11011",31680,"AD"
"11012",40500,"BD"
"11013",54643,"Grad"
"11014",25773,"HS"
"11015",35260,"AD"
"11016",41899,"BD"
"11017",50464,"Grad"
"11018",27160,"HS"
"11019",34103,"AD"
"11020",46961,"BD"
"11021",58636,"Grad"
"11022",27968,"HS"
"11023",32052,"AD"
"11024",39937,"BD"
"11025",47773,"Grad"
"11026",27210,"HS"
"11027",41389,"AD"
"11028",49317,"BD"
"11029",47484,"Grad"
"11030",32177,"HS"
"11031",37734,"AD"
"11032",47734,"BD"
"11033",60375,"Grad"
"11034",27181,"HS"
"11035",30276,"AD"
"11036",41924,"BD"
"11037",50000,"Grad"
"11038",20816,"HS"
"11039",26799,"AD"
"11040",43788,"BD"
"11041",54193,"Grad"
"11042",23027,"HS"
"11043",28462,"AD"
"11044",47242,"BD"
"11045",54384,"Grad"
"11046",34543,"HS"
"11047",36528,"AD"
"11048",52813,"BD"
"11049",49000,"Grad"
"11050",24657,"HS"
"11051",32988,"AD"
"11052",44057,"BD"
"11053",57791,"Grad"
"11054",25000,"HS"
"11055",26314,"AD"
"11056",42083,"BD"
"11057",50380,"Grad"
"11058",26990,"HS"
"11059",23689,"AD"
"11060",51075,"BD"
"11061",40781,"Grad"
"11062",30457,"HS"
"11063",39516,"AD"
"11064",54159,"BD"
"11065",64770,"Grad"
"11066",32330,"HS"
"11067",38231,"AD"
"11068",49132,"BD"
"11069",58793,"Grad"
"11070",25911,"HS"
"11071",32951,"AD"
"11072",42610,"BD"
"11073",56364,"Grad"
"11074",32298,"HS"
"11075",34836,"AD"
"11076",48531,"BD"
"11077",55279,"Grad"
"11078",26776,"HS"
"11079",29851,"AD"
"11080",41787,"BD"
"11081",57875,"Grad"
"11082",21932,"HS"
"11083",30262,"AD"
"11084",37212,"BD"
"11085",76750,"Grad"
"11086",26517,"HS"
"11087",26111,"AD"
"11088",44870,"BD"
"11089",57794,"Grad"
"11090",17545,"HS"
"11091",28603,"AD"
"11092",57568,"BD"
"11093",68664,"Grad"
"11094",14461,"HS"
"11095",21625,"AD"
"11096",19551,"BD"
"11097",55331,"Grad"
"11098",27596,"HS"
"11099",30566,"AD"
"11100",40323,"BD"
"11101",48125,"Grad"
"11102",32817,"HS"
"11103",32482,"AD"
"11104",43659,"BD"
"11105",63518,"Grad"
"11106",26543,"HS"
"11107",26577,"AD"
"11108",33638,"BD"
"11109",58479,"Grad"
"11110",28163,"HS"
"11111",30671,"AD"
"11112",40960,"BD"
"11113",61429,"Grad"
"11114",25875,"HS"
"11115",24583,"AD"
"11116",21016,"BD"
"11117",81042,"Grad"
"11118",29993,"HS"
"11119",35160,"AD"
"11120",50652,"BD"
"11121",73466,"Grad"
"11122",41611,"HS"
"11123",36221,"AD"
"11124",41284,"BD"
"11125",59183,"Grad"
"11126",32457,"HS"
"11127",35132,"AD"
"11128",35787,"BD"
"11129",58698,"Grad"
"11130",21875,"HS"
"11131",22068,"AD"
"11132",42500,"BD"
"11133",50500,"Grad"
"11134",25192,"HS"
"11135",21427,"AD"
"11136",30807,"BD"
"11137",53472,"Grad"
"11138",25177,"HS"
"11139",26676,"AD"
"11140",33179,"BD"
"11141",49333,"Grad"
"11142",27482,"HS"
"11143",30771,"AD"
"11144",41343,"BD"
"11145",54083,"Grad"
"11146",26612,"HS"
"11147",27544,"AD"
"11148",26875,"BD"
"11149",62270,"Grad"
"11150",23068,"HS"
"11151",30058,"AD"
"11152",43243,"BD"
"11153",58400,"Grad"
"11154",36538,"HS"
"11155",31489,"AD"
"11156",56300,"BD"
"11157",63295,"Grad"
"11158",16587,"HS"
"11159",18229,"AD"
"11160",17778,"BD"
"11161",44375,"Grad"
"11162",40216,"HS"
"11163",26008,"AD"
"11164",49583,"BD"
"11165",77188,"Grad"
"11166",28519,"HS"
"11167",32748,"AD"
"11168",43836,"BD"
"11169",62184,"Grad"
"11170",26531,"HS"
"11171",25946,"AD"
"11172",35759,"BD"
"11173",44423,"Grad"
"11174",25864,"HS"
"11175",26833,"AD"
"11176",40824,"BD"
"11177",46742,"Grad"
"11178",26923,"HS"
"11179",24526,"AD"
"11180",41339,"BD"
"11181",58929,"Grad"
"11182",28960,"HS"
"11183",38120,"AD"
"11184",59574,"BD"
"11185",74369,"Grad"
"11186",34915,"HS"
"11187",39566,"AD"
"11188",48316,"BD"
"11189",74893,"Grad"
"11190",34470,"HS"
"11191",32225,"AD"
"11192",45880,"BD"
"11193",55167,"Grad"
"11194",27458,"HS"
"11195",30063,"AD"
"11196",41549,"BD"
"11197",70802,"Grad"
"11198",28918,"HS"
"11199",31853,"AD"
"11200",47123,"BD"
"11201",63941,"Grad"
"11202",22499,"HS"
"11203",25661,"AD"
"11204",40060,"BD"
"11205",61144,"Grad"
"11206",26016,"HS"
"11207",22639,"AD"
"11208",26806,"BD"
"11209",47125,"Grad"
"11210",29306,"HS"
"11211",31973,"AD"
"11212",45208,"BD"
"11213",66314,"Grad"
"11214",29011,"HS"
"11215",32684,"AD"
"11216",40563,"BD"
"11217",54332,"Grad"
"11218",25479,"HS"
"11219",30267,"AD"
"11220",36079,"BD"
"11221",47390,"Grad"
"11222",26214,"HS"
"11223",27255,"AD"
"11224",34735,"BD"
"11225",51015,"Grad"
"11226",29509,"HS"
"11227",36564,"AD"
"11228",44701,"BD"
"11229",59432,"Grad"
"11230",24576,"HS"
"11231",27500,"AD"
"11232",39267,"BD"
"11233",50547,"Grad"
"11234",30617,"HS"
"11235",37066,"AD"
"11236",44824,"BD"
"11237",56068,"Grad"
"11238",31575,"HS"
"11239",36391,"AD"
"11240",44417,"BD"
"11241",55909,"Grad"
"11242",27759,"HS"
"11243",34673,"AD"
"11244",39676,"BD"
"11245",46513,"Grad"
"11246",29134,"HS"
"11247",32388,"AD"
"11248",41849,"BD"
"11249",52656,"Grad"
"11250",25659,"HS"
"11251",26390,"AD"
"11252",34890,"BD"
"11253",50798,"Grad"
"11254",26684,"HS"
"11255",32053,"AD"
"11256",42563,"BD"
"11257",52165,"Grad"
"11258",29530,"HS"
"11259",36100,"AD"
"11260",41385,"BD"
"11261",53671,"Grad"
"11262",30222,"HS"
"11263",28177,"AD"
"11264",34607,"BD"
"11265",45783,"Grad"
"11266",30588,"HS"
"11267",33635,"AD"
"11268",36872,"BD"
"11269",50763,"Grad"
"11270",26248,"HS"
"11271",31844,"AD"
"11272",41038,"BD"
"11273",58409,"Grad"
"11274",29880,"HS"
"11275",37146,"AD"
"11276",48687,"BD"
"11277",64630,"Grad"
"11278",29930,"HS"
"11279",32169,"AD"
"11280",42982,"BD"
"11281",49808,"Grad"
"11282",27180,"HS"
"11283",43426,"AD"
"11284",45500,"BD"
"11285",38688,"Grad"
"11286",26061,"HS"
"11287",32447,"AD"
"11288",45710,"BD"
"11289",54176,"Grad"
"11290",26737,"HS"
"11291",37724,"AD"
"11292",43182,"BD"
"11293",48523,"Grad"
"11294",26903,"HS"
"11295",43847,"AD"
"11296",68112,"BD"
"11297",93176,"Grad"
"11298",28057,"HS"
"11299",31968,"AD"
"11300",42838,"BD"
"11301",48862,"Grad"
"11302",32222,"HS"
"11303",29141,"AD"
"11304",30524,"BD"
"11305",29542,"Grad"
"11306",28802,"HS"
"11307",34010,"AD"
"11308",47457,"BD"
"11309",63397,"Grad"
"11310",22813,"HS"
"11311",23041,"AD"
"11312",36875,"BD"
"11313",45547,"Grad"
"11314",32047,"HS"
"11315",40326,"AD"
"11316",51544,"BD"
"11317",61875,"Grad"
"11318",23567,"HS"
"11319",29851,"AD"
"11320",31971,"BD"
"11321",40274,"Grad"
"11322",26060,"HS"
"11323",27375,"AD"
"11324",35000,"BD"
"11325",50938,"Grad"
"11326",30572,"HS"
"11327",23594,"AD"
"11328",40217,"BD"
"11329",41042,"Grad"
"11330",27018,"HS"
"11331",36245,"AD"
"11332",41069,"BD"
"11333",47561,"Grad"
"11334",32506,"HS"
"11335",40071,"AD"
"11336",59063,"BD"
"11337",61500,"Grad"
"11338",22814,"HS"
"11339",26266,"AD"
"11340",36390,"BD"
"11341",42731,"Grad"
"11342",30510,"HS"
"11343",32500,"AD"
"11344",41576,"BD"
"11345",67596,"Grad"
"11346",26008,"HS"
"11347",26364,"AD"
"11348",36977,"BD"
"11349",41667,"Grad"
"11350",32434,"HS"
"11351",40757,"AD"
"11352",54179,"BD"
"11353",68632,"Grad"
"11354",32244,"HS"
"11355",46415,"AD"
"11356",66750,"BD"
"11357",73721,"Grad"
"11358",29830,"HS"
"11359",30247,"AD"
"11360",32153,"BD"
"11361",66424,"Grad"
"11362",30080,"HS"
"11363",39903,"AD"
"11364",53327,"BD"
"11365",61667,"Grad"
"11366",28325,"HS"
"11367",34401,"AD"
"11368",38173,"BD"
"11369",41984,"Grad"
"11370",28147,"HS"
"11371",26168,"AD"
"11372",40000,"BD"
"11373",45938,"Grad"
"11374",33847,"HS"
"11375",38438,"AD"
"11376",41820,"BD"
"11377",50673,"Grad"
"11378",25743,"HS"
"11379",28052,"AD"
"11380",42137,"BD"
"11381",55114,"Grad"
"11382",30980,"HS"
"11383",43721,"AD"
"11384",70146,"BD"
"11385",102028,"Grad"
"11386",38855,"HS"
"11387",43980,"AD"
"11388",62180,"BD"
"11389",85688,"Grad"
"11390",27432,"HS"
"11391",27353,"AD"
"11392",29250,"BD"
"11393",42768,"Grad"
"11394",29673,"HS"
"11395",38785,"AD"
"11396",47475,"BD"
"11397",64879,"Grad"
"11398",27086,"HS"
"11399",30951,"AD"
"11400",39837,"BD"
"11401",48095,"Grad"
"11402",32794,"HS"
"11403",38922,"AD"
"11404",52045,"BD"
"11405",66723,"Grad"
"11406",30575,"HS"
"11407",32617,"AD"
"11408",41750,"BD"
"11409",49286,"Grad"
"11410",32513,"HS"
"11411",36935,"AD"
"11412",42068,"BD"
"11413",54007,"Grad"
"11414",29797,"HS"
"11415",31768,"AD"
"11416",61051,"BD"
"11417",84135,"Grad"
"11418",24232,"HS"
"11419",25170,"AD"
"11420",42288,"BD"
"11421",50256,"Grad"
"11422",32090,"HS"
"11423",41038,"AD"
"11424",53895,"BD"
"11425",47344,"Grad"
"11426",26379,"HS"
"11427",35148,"AD"
"11428",32768,"BD"
"11429",44000,"Grad"
"11430",25234,"HS"
"11431",27353,"AD"
"11432",40968,"BD"
"11433",50530,"Grad"
"11434",33402,"HS"
"11435",41564,"AD"
"11436",58672,"BD"
"11437",68188,"Grad"
"11438",29957,"HS"
"11439",35804,"AD"
"11440",51526,"BD"
"11441",67136,"Grad"
"11442",23661,"HS"
"11443",26938,"AD"
"11444",40424,"BD"
"11445",57739,"Grad"
"11446",26350,"HS"
"11447",30764,"AD"
"11448",39569,"BD"
"11449",40139,"Grad"
"11450",30664,"HS"
"11451",39794,"AD"
"11452",53683,"BD"
"11453",70350,"Grad"
"11454",27605,"HS"
"11455",36411,"AD"
"11456",50891,"BD"
"11457",66111,"Grad"
"11458",33224,"HS"
"11459",30779,"AD"
"11460",40167,"BD"
"11461",53269,"Grad"
"11462",37394,"HS"
"11463",47319,"AD"
"11464",75867,"BD"
"11465",100360,"Grad"
"11466",40427,"HS"
"11467",38646,"AD"
"11468",44788,"BD"
"11469",49620,"Grad"
"11470",25042,"HS"
"11471",31361,"AD"
"11472",40278,"BD"
"11473",52813,"Grad"
"11474",21537,"HS"
"11475",25258,"AD"
"11476",37705,"BD"
"11477",56500,"Grad"
"11478",36227,"HS"
"11479",52135,"AD"
"11480",79981,"BD"
"11481",98750,"Grad"
"11482",29532,"HS"
"11483",36695,"AD"
"11484",50938,"BD"
"11485",54583,"Grad"
"11486",23333,"HS"
"11487",30555,"AD"
"11488",39554,"BD"
"11489",46927,"Grad"
"11490",28596,"HS"
"11491",31489,"AD"
"11492",46819,"BD"
"11493",54474,"Grad"
"11494",38322,"HS"
"11495",36589,"AD"
"11496",61786,"BD"
"11497",54943,"Grad"
"11498",23425,"HS"
"11499",26226,"AD"
"11500",36678,"BD"
"11501",60500,"Grad"
"11502",24848,"HS"
"11503",30164,"AD"
"11504",43478,"BD"
"11505",58611,"Grad"
"11506",27833,"HS"
"11507",30411,"AD"
"11508",39964,"BD"
"11509",52898,"Grad"
"11510",30698,"HS"
"11511",32319,"AD"
"11512",48693,"BD"
"11513",51042,"Grad"
"11514",32925,"HS"
"11515",40593,"AD"
"11516",46713,"BD"
"11517",66078,"Grad"
"11518",23100,"HS"
"11519",31750,"AD"
"11520",41821,"BD"
"11521",57386,"Grad"
"11522",20385,"HS"
"11523",26379,"AD"
"11524",26901,"BD"
"11525",60368,"Grad"
"11526",25446,"HS"
"11527",31094,"AD"
"11528",38684,"BD"
"11529",68523,"Grad"
"11530",28703,"HS"
"11531",33303,"AD"
"11532",49360,"BD"
"11533",56500,"Grad"
"11534",24415,"HS"
"11535",31193,"AD"
"11536",43860,"BD"
"11537",54844,"Grad"
"11538",25461,"HS"
"11539",26957,"AD"
"11540",39632,"BD"
"11541",36885,"Grad"
"11542",25476,"HS"
"11543",31819,"AD"
"11544",38953,"BD"
"11545",44942,"Grad"
"11546",34119,"HS"
"11547",42069,"AD"
"11548",69032,"BD"
"11549",67286,"Grad"
"11550",27361,"HS"
"11551",30262,"AD"
"11552",32893,"BD"
"11553",46343,"Grad"
"11554",33469,"HS"
"11555",42313,"AD"
"11556",50952,"BD"
"11557",57312,"Grad"
"11558",34497,"HS"
"11559",49075,"AD"
"11560",69677,"BD"
"11561",90286,"Grad"
"11562",26366,"HS"
"11563",32034,"AD"
"11564",37154,"BD"
"11565",55313,"Grad"
"11566",32107,"HS"
"11567",30614,"AD"
"11568",45125,"BD"
"11569",63879,"Grad"
"11570",30487,"HS"
"11571",34375,"AD"
"11572",40880,"BD"
"11573",67188,"Grad"
"11574",31802,"HS"
"11575",36493,"AD"
"11576",48299,"BD"
"11577",64917,"Grad"
"11578",28740,"HS"
"11579",26685,"AD"
"11580",31813,"BD"
"11581",47135,"Grad"
"11582",28649,"HS"
"11583",33590,"AD"
"11584",42443,"BD"
"11585",54476,"Grad"
"11586",23780,"HS"
"11587",27145,"AD"
"11588",39951,"BD"
"11589",49323,"Grad"
"11590",30545,"HS"
"11591",29845,"AD"
"11592",43068,"BD"
"11593",49563,"Grad"
"11594",27719,"HS"
"11595",34310,"AD"
"11596",43339,"BD"
"11597",55805,"Grad"
"11598",25706,"HS"
"11599",26639,"AD"
"11600",36725,"BD"
"11601",52153,"Grad"
"11602",25322,"HS"
"11603",30433,"AD"
"11604",46696,"BD"
"11605",51328,"Grad"
"11606",32488,"HS"
"11607",43936,"AD"
"11608",62500,"BD"
"11609",73811,"Grad"
"11610",34605,"HS"
"11611",52137,"AD"
"11612",66474,"BD"
"11613",97969,"Grad"
"11614",32464,"HS"
"11615",42860,"AD"
"11616",36250,"BD"
"11617",34762,"Grad"
"11618",27026,"HS"
"11619",28000,"AD"
"11620",44524,"BD"
"11621",44604,"Grad"
"11622",24159,"HS"
"11623",24452,"AD"
"11624",36606,"BD"
"11625",63309,"Grad"
"11626",34286,"HS"
"11627",40599,"AD"
"11628",52042,"BD"
"11629",57432,"Grad"
"11630",24542,"HS"
"11631",31797,"AD"
"11632",37170,"BD"
"11633",53221,"Grad"
"11634",27418,"HS"
"11635",29625,"AD"
"11636",44231,"BD"
"11637",63255,"Grad"
"11638",25198,"HS"
"11639",24434,"AD"
"11640",35775,"BD"
"11641",54107,"Grad"
"11642",24723,"HS"
"11643",25995,"AD"
"11644",40144,"BD"
"11645",52684,"Grad"
"11646",31547,"HS"
"11647",42427,"AD"
"11648",53036,"BD"
"11649",83830,"Grad"
"11650",30396,"HS"
"11651",40180,"AD"
"11652",66636,"BD"
"11653",90502,"Grad"
"11654",21179,"HS"
"11655",29906,"AD"
"11656",32404,"BD"
"11657",54211,"Grad"
"11658",23961,"HS"
"11659",26141,"AD"
"11660",31852,"BD"
"11661",47756,"Grad"
"11662",26406,"HS"
"11663",22430,"AD"
"11664",41528,"BD"
"11665",54455,"Grad"
"11666",27868,"HS"
"11667",30752,"AD"
"11668",36851,"BD"
"11669",52229,"Grad"
"11670",32339,"HS"
"11671",38984,"AD"
"11672",53963,"BD"
"11673",70430,"Grad"
"11674",32103,"HS"
"11675",37406,"AD"
"11676",43670,"BD"
"11677",51576,"Grad"
"11678",29474,"HS"
"11679",28846,"AD"
"11680",43942,"BD"
"11681",43750,"Grad"
"11682",21330,"HS"
"11683",26105,"AD"
"11684",36250,"BD"
"11685",49770,"Grad"
"11686",27468,"HS"
"11687",26032,"AD"
"11688",39542,"BD"
"11689",66250,"Grad"
"11690",26429,"HS"
"11691",37172,"AD"
"11692",68495,"BD"
"11693",101250,"Grad"
"11694",33750,"HS"
"11695",51042,"AD"
"11696",73237,"BD"
"11697",95769,"Grad"
"11698",19460,"HS"
"11699",24853,"AD"
"11700",40015,"BD"
"11701",44398,"Grad"
"11702",27439,"HS"
"11703",31269,"AD"
"11704",49213,"BD"
"11705",74779,"Grad"
"11706",22727,"HS"
"11707",23125,"AD"
"11708",36012,"BD"
"11709",42045,"Grad"
"11710",27871,"HS"
"11711",33329,"AD"
"11712",45644,"BD"
"11713",59974,"Grad"
"11714",23916,"HS"
"11715",29388,"AD"
"11716",35881,"BD"
"11717",45340,"Grad"
"11718",29918,"HS"
"11719",35339,"AD"
"11720",50114,"BD"
"11721",52228,"Grad"
"11722",23158,"HS"
"11723",23281,"AD"
"11724",20174,"BD"
"11725",53359,"Grad"
"11726",24437,"HS"
"11727",27760,"AD"
"11728",40439,"BD"
"11729",59259,"Grad"
"11730",31386,"HS"
"11731",44255,"AD"
"11732",52400,"BD"
"11733",73051,"Grad"
"11734",35313,"HS"
"11735",40633,"AD"
"11736",61285,"BD"
"11737",84306,"Grad"
"11738",17132,"HS"
"11739",24524,"AD"
"11740",39475,"BD"
"11741",85607,"Grad"
"11742",27392,"HS"
"11743",32192,"AD"
"11744",43106,"BD"
"11745",61167,"Grad"
"11746",24835,"HS"
"11747",31002,"AD"
"11748",42782,"BD"
"11749",58679,"Grad"
"11750",28558,"HS"
"11751",27656,"AD"
"11752",43350,"BD"
"11753",47361,"Grad"
"11754",26197,"HS"
"11755",30798,"AD"
"11756",45991,"BD"
"11757",54879,"Grad"
"11758",33229,"HS"
"11759",46184,"AD"
"11760",52159,"BD"
"11761",73304,"Grad"
"11762",26699,"HS"
"11763",32909,"AD"
"11764",43015,"BD"
"11765",56895,"Grad"
"11766",25275,"HS"
"11767",29191,"AD"
"11768",32256,"BD"
"11769",55827,"Grad"
"11770",23723,"HS"
"11771",28446,"AD"
"11772",43653,"BD"
"11773",55893,"Grad"
"11774",25406,"HS"
"11775",30907,"AD"
"11776",38369,"BD"
"11777",53362,"Grad"
"11778",30161,"HS"
"11779",29768,"AD"
"11780",47210,"BD"
"11781",48836,"Grad"
"11782",31546,"HS"
"11783",26768,"AD"
"11784",38121,"BD"
"11785",50179,"Grad"
"11786",31122,"HS"
"11787",40810,"AD"
"11788",52110,"BD"
"11789",70530,"Grad"
"11790",31306,"HS"
"11791",37340,"AD"
"11792",49850,"BD"
"11793",63407,"Grad"
"11794",25736,"HS"
"11795",30904,"AD"
"11796",44635,"BD"
"11797",50139,"Grad"
"11798",25053,"HS"
"11799",22969,"AD"
"11800",44496,"BD"
"11801",43690,"Grad"
"11802",26013,"HS"
"11803",33353,"AD"
"11804",52129,"BD"
"11805",57571,"Grad"
"11806",26266,"HS"
"11807",31050,"AD"
"11808",41548,"BD"
"11809",53403,"Grad"
"11810",23650,"HS"
"11811",30987,"AD"
"11812",40625,"BD"
"11813",58393,"Grad"
"11814",30369,"HS"
"11815",35807,"AD"
"11816",60922,"BD"
"11817",74380,"Grad"
"11818",26371,"HS"
"11819",32514,"AD"
"11820",43224,"BD"
"11821",59790,"Grad"
"11822",25908,"HS"
"11823",27224,"AD"
"11824",34960,"BD"
"11825",53783,"Grad"
"11826",30844,"HS"
"11827",36454,"AD"
"11828",50442,"BD"
"11829",64356,"Grad"
"11830",29028,"HS"
"11831",32399,"AD"
"11832",38864,"BD"
"11833",59821,"Grad"
"11834",27980,"HS"
"11835",32613,"AD"
"11836",46346,"BD"
"11837",60769,"Grad"
"11838",25522,"HS"
"11839",32220,"AD"
"11840",46474,"BD"
"11841",59117,"Grad"
"11842",22413,"HS"
"11843",22861,"AD"
"11844",36806,"BD"
"11845",50625,"Grad"
"11846",26285,"HS"
"11847",36703,"AD"
"11848",49476,"BD"
"11849",54975,"Grad"
"11850",22674,"HS"
"11851",32181,"AD"
"11852",42625,"BD"
"11853",42308,"Grad"
"11854",26404,"HS"
"11855",31913,"AD"
"11856",46443,"BD"
"11857",62736,"Grad"
"11858",25341,"HS"
"11859",30372,"AD"
"11860",42559,"BD"
"11861",53796,"Grad"
"11862",31825,"HS"
"11863",35129,"AD"
"11864",44209,"BD"
"11865",59272,"Grad"
"11866",25519,"HS"
"11867",22185,"AD"
"11868",26160,"BD"
"11869",41934,"Grad"
"11870",31513,"HS"
"11871",39684,"AD"
"11872",57952,"BD"
"11873",74113,"Grad"
"11874",29817,"HS"
"11875",38453,"AD"
"11876",52529,"BD"
"11877",65884,"Grad"
"11878",31797,"HS"
"11879",26840,"AD"
"11880",38419,"BD"
"11881",52179,"Grad"
"11882",26553,"HS"
"11883",24813,"AD"
"11884",42819,"BD"
"11885",51042,"Grad"
"11886",27865,"HS"
"11887",28500,"AD"
"11888",41409,"BD"
"11889",55303,"Grad"
"11890",24264,"HS"
"11891",30259,"AD"
"11892",44188,"BD"
"11893",58929,"Grad"
"11894",29308,"HS"
"11895",31922,"AD"
"11896",44417,"BD"
"11897",59914,"Grad"
"11898",26918,"HS"
"11899",25564,"AD"
"11900",40581,"BD"
"11901",50306,"Grad"
"11902",24824,"HS"
"11903",28738,"AD"
"11904",43246,"BD"
"11905",46875,"Grad"
"11906",23295,"HS"
"11907",22608,"AD"
"11908",56691,"BD"
"11909",63098,"Grad"
"11910",33201,"HS"
"11911",38666,"AD"
"11912",52649,"BD"
"11913",65810,"Grad"
"11914",28056,"HS"
"11915",28458,"AD"
"11916",33222,"BD"
"11917",37963,"Grad"
"11918",30910,"HS"
"11919",35330,"AD"
"11920",45954,"BD"
"11921",57643,"Grad"
"11922",31196,"HS"
"11923",38785,"AD"
"11924",45313,"BD"
"11925",61042,"Grad"
"11926",34228,"HS"
"11927",41135,"AD"
"11928",57894,"BD"
"11929",68555,"Grad"
"11930",27105,"HS"
"11931",31746,"AD"
"11932",44455,"BD"
"11933",61258,"Grad"
"11934",26709,"HS"
"11935",28643,"AD"
"11936",42067,"BD"
"11937",53905,"Grad"
"11938",33440,"HS"
"11939",39848,"AD"
"11940",52882,"BD"
"11941",65677,"Grad"
"11942",16912,"HS"
"11943",41369,"AD"
"11944",32321,"BD"
"11945",50341,"Grad"
"11946",25444,"HS"
"11947",31700,"AD"
"11948",43652,"BD"
"11949",56594,"Grad"
"11950",31164,"HS"
"11951",31690,"AD"
"11952",38807,"BD"
"11953",53387,"Grad"
"11954",23464,"HS"
"11955",27698,"AD"
"11956",34681,"BD"
"11957",49023,"Grad"
"11958",25536,"HS"
"11959",31297,"AD"
"11960",48600,"BD"
"11961",59942,"Grad"
"11962",23918,"HS"
"11963",21837,"AD"
"11964",44211,"BD"
"11965",52344,"Grad"
"11966",30453,"HS"
"11967",36376,"AD"
"11968",46517,"BD"
"11969",54876,"Grad"
"11970",34475,"HS"
"11971",36178,"AD"
"11972",44167,"BD"
"11973",55000,"Grad"
"11974",22556,"HS"
"11975",27134,"AD"
"11976",32059,"BD"
"11977",35938,"Grad"
"11978",23492,"HS"
"11979",30864,"AD"
"11980",43002,"BD"
"11981",53472,"Grad"
"11982",24707,"HS"
"11983",25400,"AD"
"11984",41126,"BD"
"11985",55207,"Grad"
"11986",24576,"HS"
"11987",21968,"AD"
"11988",34239,"BD"
"11989",31850,"Grad"
"11990",20708,"HS"
"11991",31619,"AD"
"11992",41875,"BD"
"11993",47807,"Grad"
"11994",22203,"HS"
"11995",16175,"AD"
"11996",19855,"BD"
"11997",51696,"Grad"
"11998",25939,"HS"
"11999",27843,"AD"
"12000",37770,"BD"
"12001",46991,"Grad"
"12002",22195,"HS"
"12003",17357,"AD"
"12004",38519,"BD"
"12005",42096,"Grad"
"12006",26593,"HS"
"12007",23540,"AD"
"12008",46067,"BD"
"12009",39375,"Grad"
"12010",22668,"HS"
"12011",30345,"AD"
"12012",36593,"BD"
"12013",49230,"Grad"
"12014",27009,"HS"
"12015",27899,"AD"
"12016",43011,"BD"
"12017",44219,"Grad"
"12018",22200,"HS"
"12019",29601,"AD"
"12020",40938,"BD"
"12021",52526,"Grad"
"12022",26620,"HS"
"12023",24768,"AD"
"12024",37143,"BD"
"12025",43984,"Grad"
"12026",25916,"HS"
"12027",31755,"AD"
"12028",45085,"BD"
"12029",54944,"Grad"
"12030",28082,"HS"
"12031",35050,"AD"
"12032",41022,"BD"
"12033",55129,"Grad"
"12034",30830,"HS"
"12035",43695,"AD"
"12036",58660,"BD"
"12037",66575,"Grad"
"12038",25617,"HS"
"12039",30646,"AD"
"12040",42506,"BD"
"12041",62280,"Grad"
"12042",22266,"HS"
"12043",30224,"AD"
"12044",43790,"BD"
"12045",51675,"Grad"
"12046",24289,"HS"
"12047",28750,"AD"
"12048",40000,"BD"
"12049",46023,"Grad"
"12050",25831,"HS"
"12051",30550,"AD"
"12052",39868,"BD"
"12053",49226,"Grad"
"12054",23894,"HS"
"12055",27091,"AD"
"12056",30686,"BD"
"12057",53375,"Grad"
"12058",25988,"HS"
"12059",30688,"AD"
"12060",40875,"BD"
"12061",54792,"Grad"
"12062",26568,"HS"
"12063",26899,"AD"
"12064",39200,"BD"
"12065",51838,"Grad"
"12066",25144,"HS"
"12067",28992,"AD"
"12068",43884,"BD"
"12069",57898,"Grad"
"12070",22089,"HS"
"12071",26466,"AD"
"12072",38510,"BD"
"12073",49395,"Grad"
"12074",25882,"HS"
"12075",27475,"AD"
"12076",47222,"BD"
"12077",47500,"Grad"
"12078",26630,"HS"
"12079",30245,"AD"
"12080",38299,"BD"
"12081",48438,"Grad"
"12082",26076,"HS"
"12083",28641,"AD"
"12084",38423,"BD"
"12085",54574,"Grad"
"12086",26111,"HS"
"12087",31346,"AD"
"12088",35000,"BD"
"12089",38819,"Grad"
"12090",30945,"HS"
"12091",27792,"AD"
"12092",47835,"BD"
"12093",49203,"Grad"
"12094",25982,"HS"
"12095",24432,"AD"
"12096",40091,"BD"
"12097",58194,"Grad"
"12098",21309,"HS"
"12099",27204,"AD"
"12100",37225,"BD"
"12101",49533,"Grad"
"12102",21143,"HS"
"12103",27047,"AD"
"12104",39875,"BD"
"12105",41250,"Grad"
"12106",28246,"HS"
"12107",24821,"AD"
"12108",28393,"BD"
"12109",55357,"Grad"
"12110",20110,"HS"
"12111",24000,"AD"
"12112",26470,"BD"
"12113",49306,"Grad"
"12114",27660,"HS"
"12115",30776,"AD"
"12116",33125,"BD"
"12117",52038,"Grad"
"12118",28816,"HS"
"12119",34541,"AD"
"12120",53370,"BD"
"12121",62886,"Grad"
"12122",26524,"HS"
"12123",27559,"AD"
"12124",40869,"BD"
"12125",48512,"Grad"
"12126",24113,"HS"
"12127",29519,"AD"
"12128",31054,"BD"
"12129",44709,"Grad"
"12130",26307,"HS"
"12131",24036,"AD"
"12132",37574,"BD"
"12133",44293,"Grad"
"12134",21923,"HS"
"12135",21210,"AD"
"12136",33325,"BD"
"12137",45515,"Grad"
"12138",24946,"HS"
"12139",26090,"AD"
"12140",30365,"BD"
"12141",41042,"Grad"
"12142",26735,"HS"
"12143",30574,"AD"
"12144",36189,"BD"
"12145",58576,"Grad"
"12146",21203,"HS"
"12147",28116,"AD"
"12148",32770,"BD"
"12149",43750,"Grad"
"12150",23839,"HS"
"12151",33333,"AD"
"12152",44196,"BD"
"12153",52386,"Grad"
"12154",24858,"HS"
"12155",26914,"AD"
"12156",41768,"BD"
"12157",45843,"Grad"
"12158",26711,"HS"
"12159",29581,"AD"
"12160",38881,"BD"
"12161",47326,"Grad"
"12162",25000,"HS"
"12163",24272,"AD"
"12164",32400,"BD"
"12165",43382,"Grad"
"12166",27400,"HS"
"12167",25743,"AD"
"12168",37485,"BD"
"12169",33194,"Grad"
"12170",31500,"HS"
"12171",26094,"AD"
"12172",24844,"BD"
"12173",51923,"Grad"
"12174",24307,"HS"
"12175",26963,"AD"
"12176",46982,"BD"
"12177",52921,"Grad"
"12178",29629,"HS"
"12179",29513,"AD"
"12180",33750,"BD"
"12181",46167,"Grad"
"12182",22101,"HS"
"12183",28394,"AD"
"12184",38177,"BD"
"12185",51005,"Grad"
"12186",21788,"HS"
"12187",25170,"AD"
"12188",38607,"BD"
"12189",55744,"Grad"
"12190",26454,"HS"
"12191",28423,"AD"
"12192",41546,"BD"
"12193",53398,"Grad"
"12194",24614,"HS"
"12195",26277,"AD"
"12196",32147,"BD"
"12197",53775,"Grad"
"12198",29108,"HS"
"12199",35082,"AD"
"12200",47160,"BD"
"12201",61447,"Grad"
"12202",28267,"HS"
"12203",32210,"AD"
"12204",34519,"BD"
"12205",51842,"Grad"
"12206",24989,"HS"
"12207",27065,"AD"
"12208",31875,"BD"
"12209",48708,"Grad"
"12210",32411,"HS"
"12211",39805,"AD"
"12212",51280,"BD"
"12213",61827,"Grad"
"12214",28264,"HS"
"12215",31276,"AD"
"12216",41659,"BD"
"12217",55566,"Grad"
"12218",26891,"HS"
"12219",30749,"AD"
"12220",39016,"BD"
"12221",52458,"Grad"
"12222",31705,"HS"
"12223",36628,"AD"
"12224",43773,"BD"
"12225",56307,"Grad"
"12226",22999,"HS"
"12227",30252,"AD"
"12228",35325,"BD"
"12229",51419,"Grad"
"12230",29077,"HS"
"12231",35254,"AD"
"12232",48597,"BD"
"12233",59489,"Grad"
"12234",30661,"HS"
"12235",33672,"AD"
"12236",44004,"BD"
"12237",60486,"Grad"
"12238",24885,"HS"
"12239",28252,"AD"
"12240",34004,"BD"
"12241",54095,"Grad"
"12242",27434,"HS"
"12243",32037,"AD"
"12244",36838,"BD"
"12245",56218,"Grad"
"12246",28942,"HS"
"12247",31283,"AD"
"12248",40911,"BD"
"12249",54668,"Grad"
"12250",26240,"HS"
"12251",31205,"AD"
"12252",41971,"BD"
"12253",58341,"Grad"
"12254",24754,"HS"
"12255",29063,"AD"
"12256",39333,"BD"
"12257",40089,"Grad"
"12258",30869,"HS"
"12259",35007,"AD"
"12260",42569,"BD"
"12261",60300,"Grad"
"12262",25789,"HS"
"12263",26402,"AD"
"12264",37037,"BD"
"12265",48750,"Grad"
"12266",26331,"HS"
"12267",28795,"AD"
"12268",38934,"BD"
"12269",52058,"Grad"
"12270",29151,"HS"
"12271",34534,"AD"
"12272",47883,"BD"
"12273",57734,"Grad"
"12274",30172,"HS"
"12275",30855,"AD"
"12276",41343,"BD"
"12277",54107,"Grad"
"12278",27726,"HS"
"12279",32495,"AD"
"12280",40808,"BD"
"12281",53602,"Grad"
"12282",22083,"HS"
"12283",22491,"AD"
"12284",35972,"BD"
"12285",49167,"Grad"
"12286",26665,"HS"
"12287",29925,"AD"
"12288",38277,"BD"
"12289",53980,"Grad"
"12290",27796,"HS"
"12291",35957,"AD"
"12292",44981,"BD"
"12293",52186,"Grad"
"12294",28345,"HS"
"12295",31830,"AD"
"12296",37560,"BD"
"12297",46307,"Grad"
"12298",30299,"HS"
"12299",36335,"AD"
"12300",52745,"BD"
"12301",66590,"Grad"
"12302",32010,"HS"
"12303",37114,"AD"
"12304",42708,"BD"
"12305",47813,"Grad"
"12306",26487,"HS"
"12307",31809,"AD"
"12308",43675,"BD"
"12309",53637,"Grad"
"12310",27938,"HS"
"12311",30431,"AD"
"12312",38266,"BD"
"12313",49884,"Grad"
"12314",24764,"HS"
"12315",31097,"AD"
"12316",42550,"BD"
"12317",54077,"Grad"
"12318",29223,"HS"
"12319",33895,"AD"
"12320",43194,"BD"
"12321",60517,"Grad"
"12322",30233,"HS"
"12323",31879,"AD"
"12324",46009,"BD"
"12325",59541,"Grad"
"12326",30243,"HS"
"12327",34096,"AD"
"12328",44062,"BD"
"12329",63167,"Grad"
"12330",26732,"HS"
"12331",31534,"AD"
"12332",43364,"BD"
"12333",50991,"Grad"
"12334",27041,"HS"
"12335",32376,"AD"
"12336",37650,"BD"
"12337",49792,"Grad"
"12338",22120,"HS"
"12339",24028,"AD"
"12340",45000,"BD"
"12341",54667,"Grad"
"12342",27174,"HS"
"12343",31911,"AD"
"12344",45983,"BD"
"12345",60318,"Grad"
"12346",26858,"HS"
"12347",33579,"AD"
"12348",43167,"BD"
"12349",51859,"Grad"
"12350",30189,"HS"
"12351",35059,"AD"
"12352",45813,"BD"
"12353",53992,"Grad"
"12354",25097,"HS"
"12355",27500,"AD"
"12356",40859,"BD"
"12357",58791,"Grad"
"12358",31552,"HS"
"12359",35302,"AD"
"12360",47532,"BD"
"12361",61892,"Grad"
"12362",30149,"HS"
"12363",36122,"AD"
"12364",53968,"BD"
"12365",77376,"Grad"
"12366",28146,"HS"
"12367",28450,"AD"
"12368",38182,"BD"
"12369",57500,"Grad"
"12370",32163,"HS"
"12371",37400,"AD"
"12372",44212,"BD"
"12373",63533,"Grad"
"12374",26943,"HS"
"12375",32512,"AD"
"12376",43693,"BD"
"12377",53512,"Grad"
"12378",29727,"HS"
"12379",30542,"AD"
"12380",40058,"BD"
"12381",58571,"Grad"
"12382",26914,"HS"
"12383",28450,"AD"
"12384",41031,"BD"
"12385",55074,"Grad"
"12386",30009,"HS"
"12387",35985,"AD"
"12388",49110,"BD"
"12389",64415,"Grad"
"12390",27864,"HS"
"12391",30357,"AD"
"12392",38839,"BD"
"12393",46862,"Grad"
"12394",28423,"HS"
"12395",32398,"AD"
"12396",46198,"BD"
"12397",58829,"Grad"
"12398",24624,"HS"
"12399",26732,"AD"
"12400",32500,"BD"
"12401",54015,"Grad"
"12402",31860,"HS"
"12403",39636,"AD"
"12404",54419,"BD"
"12405",60201,"Grad"
"12406",28837,"HS"
"12407",33180,"AD"
"12408",43954,"BD"
"12409",53304,"Grad"
"12410",22410,"HS"
"12411",24654,"AD"
"12412",34191,"BD"
"12413",42303,"Grad"
"12414",26236,"HS"
"12415",31260,"AD"
"12416",39330,"BD"
"12417",54646,"Grad"
"12418",30827,"HS"
"12419",35437,"AD"
"12420",46479,"BD"
"12421",63406,"Grad"
"12422",28082,"HS"
"12423",29947,"AD"
"12424",36169,"BD"
"12425",58882,"Grad"
"12426",27128,"HS"
"12427",32085,"AD"
"12428",40453,"BD"
"12429",53693,"Grad"
"12430",25790,"HS"
"12431",30866,"AD"
"12432",42674,"BD"
"12433",49283,"Grad"
"12434",21736,"HS"
"12435",24525,"AD"
"12436",35585,"BD"
"12437",44038,"Grad"
"12438",28460,"HS"
"12439",33983,"AD"
"12440",43582,"BD"
"12441",57129,"Grad"
"12442",24348,"HS"
"12443",27686,"AD"
"12444",40287,"BD"
"12445",54615,"Grad"
"12446",33729,"HS"
"12447",39689,"AD"
"12448",54543,"BD"
"12449",67008,"Grad"
"12450",32572,"HS"
"12451",40516,"AD"
"12452",57332,"BD"
"12453",75519,"Grad"
"12454",30351,"HS"
"12455",32904,"AD"
"12456",40278,"BD"
"12457",53120,"Grad"
"12458",25179,"HS"
"12459",29457,"AD"
"12460",38861,"BD"
"12461",54429,"Grad"
"12462",30150,"HS"
"12463",32908,"AD"
"12464",46002,"BD"
"12465",61172,"Grad"
"12466",27128,"HS"
"12467",31547,"AD"
"12468",41430,"BD"
"12469",66102,"Grad"
"12470",28438,"HS"
"12471",27043,"AD"
"12472",37782,"BD"
"12473",55672,"Grad"
"12474",32292,"HS"
"12475",29190,"AD"
"12476",43163,"BD"
"12477",61500,"Grad"
"12478",45892,"HS"
"12479",48232,"AD"
"12480",54482,"BD"
"12481",70490,"Grad"
"12482",29914,"HS"
"12483",36095,"AD"
"12484",45136,"BD"
"12485",49531,"Grad"
"12486",36128,"HS"
"12487",40770,"AD"
"12488",40727,"BD"
"12489",63138,"Grad"
"12490",31378,"HS"
"12491",30448,"AD"
"12492",45489,"BD"
"12493",50662,"Grad"
"12494",23434,"HS"
"12495",26058,"AD"
"12496",43234,"BD"
"12497",52828,"Grad"
"12498",27960,"HS"
"12499",26952,"AD"
"12500",40829,"BD"
"12501",51350,"Grad"
"12502",27560,"HS"
"12503",24360,"AD"
"12504",37328,"BD"
"12505",51211,"Grad"
"12506",34212,"HS"
"12507",31731,"AD"
"12508",41224,"BD"
"12509",41524,"Grad"
"12510",28554,"HS"
"12511",35663,"AD"
"12512",47864,"BD"
"12513",60446,"Grad"
"12514",35023,"HS"
"12515",35810,"AD"
"12516",51705,"BD"
"12517",63750,"Grad"
"12518",29293,"HS"
"12519",32729,"AD"
"12520",46759,"BD"
"12521",62542,"Grad"
"12522",28203,"HS"
"12523",24219,"AD"
"12524",40481,"BD"
"12525",52656,"Grad"
"12526",28107,"HS"
"12527",30141,"AD"
"12528",34557,"BD"
"12529",58462,"Grad"
"12530",31620,"HS"
"12531",26560,"AD"
"12532",53583,"BD"
"12533",55000,"Grad"
"12534",29443,"HS"
"12535",30955,"AD"
"12536",46331,"BD"
"12537",61403,"Grad"
"12538",50145,"HS"
"12539",43775,"AD"
"12540",57106,"BD"
"12541",59783,"Grad"
"12542",40432,"HS"
"12543",42452,"AD"
"12544",57147,"BD"
"12545",65025,"Grad"
"12546",25477,"HS"
"12547",32744,"AD"
"12548",38208,"BD"
"12549",59591,"Grad"
"12550",31424,"HS"
"12551",34617,"AD"
"12552",48006,"BD"
"12553",61750,"Grad"
"12554",29914,"HS"
"12555",31423,"AD"
"12556",44688,"BD"
"12557",50227,"Grad"
"12558",31946,"HS"
"12559",38187,"AD"
"12560",48203,"BD"
"12561",55147,"Grad"
