"Date"," AQI Value","Main Pollutant","Site Name","Site ID","Source"
"01/01/2000","97","PM2.5","E. Rivers School","13-121-0032","AQS"
"01/02/2000","60","PM2.5","Doraville","13-089-2001","AQS"
"01/03/2000","56","PM2.5","Doraville","13-089-2001","AQS"
"01/04/2000","49","PM2.5","Fire Station #8","13-121-0039","AQS"
"01/05/2000","54","PM2.5","Doraville","13-089-2001","AQS"
"01/06/2000","60","PM2.5","Doraville","13-089-2001","AQS"
"01/07/2000","72","PM2.5","Fire Station #8","13-121-0039","AQS"
"01/08/2000","64","PM2.5","E. Rivers School","13-121-0032","AQS"
"01/09/2000","73","PM2.5","Doraville","13-089-2001","AQS"
"01/10/2000","56","PM2.5","Fire Station #8","13-121-0039","AQS"
"01/11/2000","63","NO2","Georgia Tech, Ford Environmental Science and Technology Bldg, roof","13-121-0048","AQS"
"01/12/2000","103","NO2","Georgia Tech, Ford Environmental Science and Technology Bldg, roof","13-121-0048","AQS"
"01/13/2000","63","PM2.5","Kennesaw","13-067-0003","AQS"
"01/14/2000","52","PM2.5","South DeKalb","13-089-0002","AQS"
"01/15/2000","69","PM2.5","Doraville","13-089-2001","AQS"
"01/16/2000","67","PM2.5","Fire Station #8","13-121-0039","AQS"
"01/17/2000","62","PM2.5","Doraville","13-089-2001","AQS"
"01/18/2000","74","PM2.5","Doraville","13-089-2001","AQS"
"01/19/2000","70","PM2.5","Fire Station #8","13-121-0039","AQS"
"01/20/2000","52","PM2.5","E. Rivers School","13-121-0032","AQS"
"01/21/2000","57","PM2.5","Doraville","13-089-2001","AQS"
"01/22/2000","67","PM2.5","Not Available","13-121-1001","AQS"
"01/23/2000","104","PM2.5","South DeKalb","13-089-0002","AQS"
"01/24/2000","80","PM2.5","South DeKalb","13-089-0002","AQS"
"01/25/2000","65","PM2.5","Forest Park","13-063-0091","AQS"
"01/26/2000","55","PM2.5","Doraville","13-089-2001","AQS"
"01/27/2000","62","PM2.5","South DeKalb","13-089-0002","AQS"
"01/28/2000","58","PM2.5","Not Available","13-121-1001","AQS"
"01/29/2000","49","PM2.5","E. Rivers School","13-121-0032","AQS"
"01/30/2000","66","PM2.5","E. Rivers School","13-121-0032","AQS"
"01/31/2000","65","PM2.5","South DeKalb","13-089-0002","AQS"
"02/01/2000","76","PM2.5","Doraville","13-089-2001","AQS"
"02/02/2000","67","PM2.5","E. Rivers School","13-121-0032","AQS"
"02/03/2000","89","PM2.5","Fire Station #8","13-121-0039","AQS"
"02/04/2000","65","PM2.5","Doraville","13-089-2001","AQS"
"02/05/2000","66","PM2.5","E. Rivers School","13-121-0032","AQS"
"02/06/2000","90","PM2.5","Yorkville, King Farm","13-223-0003","AQS"
"02/07/2000","84","PM2.5","Doraville","13-089-2001","AQS"
"02/08/2000","124","PM2.5","Not Available","13-121-1001","AQS"
"02/09/2000","122","PM2.5","Fire Station #8","13-121-0039","AQS"
"02/10/2000","107","PM2.5","Doraville","13-089-2001","AQS"
"02/11/2000","79","PM2.5","E. Rivers School","13-121-0032","AQS"
"02/12/2000","78","PM2.5","Kennesaw","13-067-0003","AQS"
"02/13/2000","54","PM2.5","E. Rivers School","13-121-0032","AQS"
"02/14/2000","57","PM2.5","South DeKalb","13-089-0002","AQS"
"02/15/2000","60","PM2.5","Forest Park","13-063-0091","AQS"
"02/16/2000","80","PM2.5","Doraville","13-089-2001","AQS"
"02/17/2000","68","PM2.5","E. Rivers School","13-121-0032","AQS"
"02/18/2000","125","PM2.5","Kennesaw","13-067-0003","AQS"
"02/19/2000","61","PM2.5","Doraville","13-089-2001","AQS"
"02/20/2000","58","PM2.5","South DeKalb","13-089-0002","AQS"
"02/21/2000","66","PM2.5","Kennesaw","13-067-0003","AQS"
"02/22/2000","79","PM2.5","Doraville","13-089-2001","AQS"
"02/23/2000","87","PM2.5","South DeKalb","13-089-0002","AQS"
"02/24/2000","77","PM2.5","Gwinnett","13-135-0002","AQS"
"02/25/2000","70","PM2.5","Doraville","13-089-2001","AQS"
"02/26/2000","58","PM2.5","South DeKalb","13-089-0002","AQS"
"02/27/2000","98","PM2.5","Not Available","13-121-1001","AQS"
"02/28/2000","53","NO2","Georgia Tech, Ford Environmental Science and Technology Bldg, roof","13-121-0048","AQS"
"02/29/2000","77","Ozone","Georgia Station","13-231-9991","AQS"
"03/01/2000","89","PM2.5","Fire Station #8","13-121-0039","AQS"
"03/02/2000","55","PM2.5","Doraville","13-089-2001","AQS"
"03/03/2000","67","PM2.5","South DeKalb","13-089-0002","AQS"
"03/04/2000","76","PM2.5","Fire Station #8","13-121-0039","AQS"
"03/05/2000","63","PM2.5","South DeKalb","13-089-0002","AQS"
"03/06/2000","76","NO2","Georgia Tech, Ford Environmental Science and Technology Bldg, roof","13-121-0048","AQS"
"03/07/2000","105","Ozone","DOT STORAGE FACILITY","13-113-0001","AQS"
"03/08/2000","150","Ozone","Dawsonville","13-085-0001","AQS"
"03/09/2000","81","PM2.5","Doraville","13-089-2001","AQS"
"03/10/2000","95","PM2.5","South DeKalb","13-089-0002","AQS"
"03/11/2000","48","PM2.5","Doraville","13-089-2001","AQS"
"03/12/2000","45","PM2.5","Doraville","13-089-2001","AQS"
"03/13/2000","63","PM2.5","Fire Station #8","13-121-0039","AQS"
"03/14/2000","80","PM2.5","Doraville","13-089-2001","AQS"
"03/15/2000","72","PM2.5","South DeKalb","13-089-0002","AQS"
"03/16/2000","55","PM2.5","Fire Station #8","13-121-0039","AQS"
"03/17/2000","47","PM2.5","Doraville","13-089-2001","AQS"
"03/18/2000","60","PM2.5","Doraville","13-089-2001","AQS"
"03/19/2000","57","PM2.5","Not Available","13-121-1001","AQS"
"03/20/2000","52","PM2.5","Doraville","13-089-2001","AQS"
"03/21/2000","59","PM2.5","South DeKalb","13-089-0002","AQS"
"03/22/2000","69","PM2.5","Forest Park","13-063-0091","AQS"
"03/23/2000","57","PM2.5","Doraville","13-089-2001","AQS"
"03/24/2000","76","PM2.5","Doraville","13-089-2001","AQS"
"03/25/2000","89","PM2.5","South DeKalb","13-089-0002","AQS"
"03/26/2000","67","Ozone","Georgia Station","13-231-9991","AQS"
"03/27/2000","60","PM2.5","Doraville","13-089-2001","AQS"
"03/28/2000","71","Ozone","Douglasville","13-097-0004","AQS"
"03/29/2000","55","PM2.5","Doraville","13-089-2001","AQS"
"03/30/2000","67","PM2.5","Doraville","13-089-2001","AQS"
"03/31/2000","80","PM2.5","Doraville","13-089-2001","AQS"
"04/01/2000","90","Ozone","DOT STORAGE FACILITY","13-113-0001","AQS"
"04/02/2000","55","PM2.5","Doraville","13-089-2001","AQS"
"04/03/2000","55","PM2.5","Fire Station #8","13-121-0039","AQS"
"04/04/2000","45","Ozone","Douglasville","13-097-0004","AQS"
"04/05/2000","61","Ozone","Douglasville","13-097-0004","AQS"
"04/06/2000","112","Ozone","Dawsonville","13-085-0001","AQS"
"04/07/2000","49","Ozone","Dawsonville","13-085-0001","AQS"
"04/08/2000","57","PM2.5","South DeKalb","13-089-0002","AQS"
"04/09/2000","55","PM2.5","Fire Station #8","13-121-0039","AQS"
"04/10/2000","71","NO2","Georgia Tech, Ford Environmental Science and Technology Bldg, roof","13-121-0048","AQS"
"04/11/2000","97","PM2.5","E. Rivers School","13-121-0032","AQS"
"04/12/2000","76","PM2.5","Fire Station #8","13-121-0039","AQS"
"04/13/2000","74","PM2.5","South DeKalb","13-089-0002","AQS"
"04/14/2000","66","PM2.5","South DeKalb","13-089-0002","AQS"
"04/15/2000","58","PM2.5","Fire Station #8","13-121-0039","AQS"
"04/16/2000","67","PM2.5","South DeKalb","13-089-0002","AQS"
"04/17/2000","58","PM2.5","South DeKalb","13-089-0002","AQS"
"04/18/2000","58","PM2.5","Kennesaw","13-067-0003","AQS"
"04/19/2000","80","PM2.5","South DeKalb","13-089-0002","AQS"
"04/20/2000","93","Ozone","Dawsonville","13-085-0001","AQS"
"04/21/2000","65","NO2","Georgia Tech, Ford Environmental Science and Technology Bldg, roof","13-121-0048","AQS"
"04/22/2000","71","PM2.5","South DeKalb","13-089-0002","AQS"
"04/23/2000","64","PM2.5","E. Rivers School","13-121-0032","AQS"
"04/24/2000","64","PM2.5","South DeKalb","13-089-0002","AQS"
"04/25/2000","44","PM2.5","E. Rivers School","13-121-0032","AQS"
"04/26/2000","93","Ozone","Douglasville","13-097-0004","AQS"
"04/27/2000","119","Ozone","Yorkville, King Farm","13-223-0003","AQS"
"04/28/2000","64","Ozone","Dawsonville","13-085-0001","AQS"
"04/29/2000","115","Ozone","Douglasville","13-097-0004","AQS"
"04/30/2000","147","Ozone","Tucker-Idlewood Road","13-089-3001","AQS"
"05/01/2000","122","Ozone","Dawsonville","13-085-0001","AQS"
"05/02/2000","126","Ozone","McDonough","13-151-0002","AQS"
"05/03/2000","97","Ozone","Dawsonville","13-085-0001","AQS"
"05/04/2000","85","PM2.5","E. Rivers School","13-121-0032","AQS"
"05/05/2000","108","Ozone","Yorkville, King Farm","13-223-0003","AQS"
"05/06/2000","178","PM2.5","Kennesaw","13-067-0003","AQS"
"05/07/2000","105","Ozone","Gwinnett","13-135-0002","AQS"
"05/08/2000","108","Ozone","Dawsonville","13-085-0001","AQS"
"05/09/2000","90","Ozone","Dawsonville","13-085-0001","AQS"
"05/10/2000","73","PM2.5","E. Rivers School","13-121-0032","AQS"
"05/11/2000","100","Ozone","Dawsonville","13-085-0001","AQS"
"05/12/2000","81","PM2.5","Gwinnett","13-135-0002","AQS"
"05/13/2000","84","Ozone","Gwinnett","13-135-0002","AQS"
"05/14/2000","133","Ozone","McDonough","13-151-0002","AQS"
"05/15/2000","122","Ozone","Newnan","13-077-0002","AQS"
"05/16/2000","136","Ozone","Dawsonville","13-085-0001","AQS"
"05/17/2000","119","Ozone","Tucker-Idlewood Road","13-089-3001","AQS"
"05/18/2000","133","Ozone","Dawsonville","13-085-0001","AQS"
"05/19/2000","77","Ozone","Dawsonville","13-085-0001","AQS"
"05/20/2000","74","Ozone","Gwinnett","13-135-0002","AQS"
"05/21/2000","63","PM2.5","Fire Station #8","13-121-0039","AQS"
"05/22/2000","80","Ozone","Gwinnett","13-135-0002","AQS"
"05/23/2000","84","Ozone","Yorkville, King Farm","13-223-0003","AQS"
"05/24/2000","74","Ozone","Dawsonville","13-085-0001","AQS"
"05/25/2000","69","PM2.5","Doraville","13-089-2001","AQS"
"05/26/2000","97","Ozone","Gwinnett","13-135-0002","AQS"
"05/27/2000","77","PM2.5","Doraville","13-089-2001","AQS"
"05/28/2000","61","Ozone","McDonough","13-151-0002","AQS"
"05/29/2000","58","PM2.5","South DeKalb","13-089-0002","AQS"
"05/30/2000","115","Ozone","Douglasville","13-097-0004","AQS"
"05/31/2000","174","Ozone","Douglasville","13-097-0004","AQS"
"06/01/2000","217","Ozone","Tucker-Idlewood Road","13-089-3001","AQS"
"06/02/2000","192","Ozone","Tucker-Idlewood Road","13-089-3001","AQS"
"06/03/2000","161","Ozone","McDonough","13-151-0002","AQS"
"06/04/2000","83","PM2.5","E. Rivers School","13-121-0032","AQS"
"06/05/2000","82","PM2.5","Doraville","13-089-2001","AQS"
"06/06/2000","67","Ozone","Georgia Station","13-231-9991","AQS"
"06/07/2000","126","Ozone","Yorkville, King Farm","13-223-0003","AQS"
"06/08/2000","169","Ozone","Kennesaw","13-067-0003","AQS"
"06/09/2000","203","Ozone","Kennesaw","13-067-0003","AQS"
"06/10/2000","202","Ozone","Kennesaw","13-067-0003","AQS"
"06/11/2000","200","Ozone","Kennesaw","13-067-0003","AQS"
"06/12/2000","156","Ozone","Kennesaw","13-067-0003","AQS"
"06/13/2000","101","Ozone","Dawsonville","13-085-0001","AQS"
"06/14/2000","115","Ozone","Gwinnett","13-135-0002","AQS"
"06/15/2000","67","Ozone","Dawsonville","13-085-0001","AQS"
"06/16/2000","37","PM2.5","Doraville","13-089-2001","AQS"
"06/17/2000","54","PM2.5","Kennesaw","13-067-0003","AQS"
"06/18/2000","57","PM2.5","South DeKalb","13-089-0002","AQS"
"06/19/2000","62","PM2.5","Doraville","13-089-2001","AQS"
"06/20/2000","70","PM2.5","Fire Station #8","13-121-0039","AQS"
"06/21/2000","93","Ozone","Tucker-Idlewood Road","13-089-3001","AQS"
"06/22/2000","152","PM2.5","E. Rivers School","13-121-0032","AQS"
"06/23/2000","174","Ozone","Newnan","13-077-0002","AQS"
"06/24/2000","179","Ozone","Kennesaw","13-067-0003","AQS"
"06/25/2000","71","Ozone","Yorkville, King Farm","13-223-0003","AQS"
"06/26/2000","143","Ozone","Gwinnett","13-135-0002","AQS"
"06/27/2000","90","Ozone","Dawsonville","13-085-0001","AQS"
"06/28/2000","67","PM2.5","Doraville","13-089-2001","AQS"
"06/29/2000","66","PM2.5","Fire Station #8","13-121-0039","AQS"
"06/30/2000","187","Ozone","DOT STORAGE FACILITY","13-113-0001","AQS"
"07/01/2000","206","Ozone","McDonough","13-151-0002","AQS"
"07/02/2000","185","Ozone","Kennesaw","13-067-0003","AQS"
"07/03/2000","195","Ozone","Tucker-Idlewood Road","13-089-3001","AQS"
"07/04/2000","154","Ozone","McDonough","13-151-0002","AQS"
"07/05/2000","101","Ozone","McDonough","13-151-0002","AQS"
"07/06/2000","161","Ozone","McDonough","13-151-0002","AQS"
"07/07/2000","182","Ozone","DOT STORAGE FACILITY","13-113-0001","AQS"
"07/08/2000","150","Ozone","Yorkville, King Farm","13-223-0003","AQS"
"07/09/2000","115","Ozone","Tucker-Idlewood Road","13-089-3001","AQS"
"07/10/2000","119","Ozone","United Avenue","13-121-0055","AQS"
"07/11/2000","136","Ozone","Tucker-Idlewood Road","13-089-3001","AQS"
"07/12/2000","122","Ozone","Kennesaw","13-067-0003","AQS"
"07/13/2000","206","Ozone","McDonough","13-151-0002","AQS"
"07/14/2000","169","Ozone","McDonough","13-151-0002","AQS"
"07/15/2000","119","Ozone","McDonough","13-151-0002","AQS"
"07/16/2000","151","Ozone","McDonough","13-151-0002","AQS"
"07/17/2000","169","Ozone","McDonough","13-151-0002","AQS"
"07/18/2000","218","Ozone","McDonough","13-151-0002","AQS"
"07/19/2000","151","Ozone","DOT STORAGE FACILITY","13-113-0001","AQS"
"07/20/2000","143","Ozone","McDonough","13-151-0002","AQS"
"07/21/2000","166","Ozone","McDonough","13-151-0002","AQS"
"07/22/2000","164","Ozone","South DeKalb","13-089-0002","AQS"
"07/23/2000","97","Ozone","Douglasville","13-097-0004","AQS"
"07/24/2000","126","Ozone","Douglasville","13-097-0004","AQS"
"07/25/2000","71","PM2.5","Doraville","13-089-2001","AQS"
"07/26/2000","140","Ozone","Yorkville, King Farm","13-223-0003","AQS"
"07/27/2000","205","Ozone","Kennesaw","13-067-0003","AQS"
"07/28/2000","208","Ozone","United Avenue","13-121-0055","AQS"
"07/29/2000","105","Ozone","Dawsonville","13-085-0001","AQS"
"07/30/2000","87","Ozone","Gwinnett","13-135-0002","AQS"
"07/31/2000","61","PM2.5","Doraville","13-089-2001","AQS"
"08/01/2000","53","PM2.5","Not Available","13-121-1001","AQS"
"08/02/2000","59","PM2.5","Yorkville, King Farm","13-223-0003","AQS"
"08/03/2000","64","PM2.5","Doraville","13-089-2001","AQS"
"08/04/2000","93","Ozone","Douglasville","13-097-0004","AQS"
"08/05/2000","161","Ozone","United Avenue","13-121-0055","AQS"
"08/06/2000","164","Ozone","Gwinnett","13-135-0002","AQS"
"08/07/2000","108","Ozone","Dawsonville","13-085-0001","AQS"
"08/08/2000","90","Ozone","Gwinnett","13-135-0002","AQS"
"08/09/2000","133","Ozone","McDonough","13-151-0002","AQS"
"08/10/2000","216","Ozone","United Avenue","13-121-0055","AQS"
"08/11/2000","129","Ozone","Conyers","13-247-0001","AQS"
"08/12/2000","140","Ozone","Georgia Station","13-231-9991","AQS"
"08/13/2000","150","Ozone","Newnan","13-077-0002","AQS"
"08/14/2000","192","Ozone","Conyers","13-247-0001","AQS"
"08/15/2000","206","Ozone","Georgia Station","13-231-9991","AQS"
"08/16/2000","234","Ozone","DOT STORAGE FACILITY","13-113-0001","AQS"
"08/17/2000","235","Ozone","McDonough","13-151-0002","AQS"
"08/18/2000","177","Ozone","Conyers","13-247-0001","AQS"
"08/19/2000","210","Ozone","United Avenue","13-121-0055","AQS"
"08/20/2000","112","Ozone","Douglasville","13-097-0004","AQS"
"08/21/2000","81","PM2.5","E. Rivers School","13-121-0032","AQS"
"08/22/2000","159","Ozone","Yorkville, King Farm","13-223-0003","AQS"
"08/23/2000","161","Ozone","United Avenue","13-121-0055","AQS"
"08/24/2000","174","Ozone","Conyers","13-247-0001","AQS"
"08/25/2000","140","Ozone","Conyers","13-247-0001","AQS"
"08/26/2000","185","Ozone","Conyers","13-247-0001","AQS"
"08/27/2000","76","PM2.5","Doraville","13-089-2001","AQS"
"08/28/2000","166","Ozone","Conyers","13-247-0001","AQS"
"08/29/2000","174","Ozone","Newnan","13-077-0002","AQS"
"08/30/2000","101","Ozone","Newnan","13-077-0002","AQS"
"08/31/2000","74","PM2.5","Yorkville, King Farm","13-223-0003","AQS"
"09/01/2000","72","PM2.5","Doraville","13-089-2001","AQS"
"09/02/2000","59","PM2.5","Doraville","13-089-2001","AQS"
"09/03/2000","63","PM2.5","Not Available","13-121-1001","AQS"
"09/04/2000","71","Ozone","DOT STORAGE FACILITY","13-113-0001","AQS"
"09/05/2000","69","PM2.5","E. Rivers School","13-121-0032","AQS"
"09/06/2000","55","PM2.5","Doraville","13-089-2001","AQS"
"09/07/2000","56","PM2.5","Doraville","13-089-2001","AQS"
"09/08/2000","55","PM2.5","E. Rivers School","13-121-0032","AQS"
"09/09/2000","61","PM2.5","Kennesaw","13-067-0003","AQS"
"09/10/2000","74","Ozone","Yorkville, King Farm","13-223-0003","AQS"
"09/11/2000","69","PM2.5","Doraville","13-089-2001","AQS"
"09/12/2000","108","Ozone","Tucker-Idlewood Road","13-089-3001","AQS"
"09/13/2000","80","Ozone","Conyers","13-247-0001","AQS"
"09/14/2000","87","PM2.5","Doraville","13-089-2001","AQS"
"09/15/2000","90","Ozone","Georgia Station","13-231-9991","AQS"
"09/16/2000","67","Ozone","Georgia Station","13-231-9991","AQS"
"09/17/2000","56","PM2.5","Doraville","13-089-2001","AQS"
"09/18/2000","59","PM2.5","Forest Park","13-063-0091","AQS"
"09/19/2000","147","Ozone","Dawsonville","13-085-0001","AQS"
"09/20/2000","65","PM2.5","E. Rivers School","13-121-0032","AQS"
"09/21/2000","57","PM2.5","Fire Station #8","13-121-0039","AQS"
"09/22/2000","33","PM2.5","South DeKalb","13-089-0002","AQS"
"09/23/2000","58","PM2.5","Doraville","13-089-2001","AQS"
"09/24/2000","63","PM2.5","Doraville","13-089-2001","AQS"
"09/25/2000","56","PM2.5","South DeKalb","13-089-0002","AQS"
"09/26/2000","40","PM2.5","South DeKalb","13-089-0002","AQS"
"09/27/2000","69","PM2.5","E. Rivers School","13-121-0032","AQS"
"09/28/2000","67","PM2.5","South DeKalb","13-089-0002","AQS"
"09/29/2000","77","Ozone","Yorkville, King Farm","13-223-0003","AQS"
"09/30/2000","71","PM2.5","Kennesaw","13-067-0003","AQS"
"10/01/2000","74","PM2.5","South DeKalb","13-089-0002","AQS"
"10/02/2000","72","PM2.5","Doraville","13-089-2001","AQS"
"10/03/2000","101","PM2.5","Fire Station #8","13-121-0039","AQS"
"10/04/2000","101","Ozone","Kennesaw","13-067-0003","AQS"
"10/05/2000","93","Ozone","Dawsonville","13-085-0001","AQS"
"10/06/2000","79","PM2.5","Fire Station #8","13-121-0039","AQS"
"10/07/2000","54","PM2.5","South DeKalb","13-089-0002","AQS"
"10/08/2000","51","PM2.5","E. Rivers School","13-121-0032","AQS"
"10/09/2000","54","PM2.5","Forest Park","13-063-0091","AQS"
"10/10/2000","56","PM2.5","Doraville","13-089-2001","AQS"
"10/11/2000","68","PM2.5","Doraville","13-089-2001","AQS"
"10/12/2000","77","PM2.5","Fire Station #8","13-121-0039","AQS"
"10/13/2000","90","Ozone","Georgia Station","13-231-9991","AQS"
"10/14/2000","108","Ozone","Douglasville","13-097-0004","AQS"
"10/15/2000","97","Ozone","Douglasville","13-097-0004","AQS"
"10/16/2000","115","Ozone","Georgia Station","13-231-9991","AQS"
"10/17/2000","115","Ozone","Georgia Station","13-231-9991","AQS"
"10/18/2000","99","PM2.5","Not Available","13-121-1001","AQS"
"10/19/2000","78","PM2.5","Doraville","13-089-2001","AQS"
"10/20/2000","71","Ozone","Georgia Station","13-231-9991","AQS"
"10/21/2000","159","PM2.5","Doraville","13-089-2001","AQS"
"10/22/2000","89","PM2.5","E. Rivers School","13-121-0032","AQS"
"10/23/2000","117","PM2.5","E. Rivers School","13-121-0032","AQS"
"10/24/2000","125","PM2.5","Yorkville, King Farm","13-223-0003","AQS"
"10/25/2000","115","Ozone","Yorkville, King Farm","13-223-0003","AQS"
"10/26/2000","110","PM2.5","Doraville","13-089-2001","AQS"
"10/27/2000","147","PM2.5","Not Available","13-121-1001","AQS"
"10/28/2000","111","PM2.5","E. Rivers School","13-121-0032","AQS"
"10/29/2000","79","PM2.5","E. Rivers School","13-121-0032","AQS"
"10/30/2000","105","PM2.5","Fire Station #8","13-121-0039","AQS"
"10/31/2000","98","PM2.5","South DeKalb","13-089-0002","AQS"
"11/01/2000","92","PM2.5","South DeKalb","13-089-0002","AQS"
"11/02/2000","134","PM2.5","Forest Park","13-063-0091","AQS"
"11/03/2000","130","PM2.5","Doraville","13-089-2001","AQS"
"11/04/2000","151","PM2.5","Doraville","13-089-2001","AQS"
"11/05/2000","167","PM2.5","Fire Station #8","13-121-0039","AQS"
"11/06/2000","85","PM2.5","Doraville","13-089-2001","AQS"
"11/07/2000","97","PM2.5","E. Rivers School","13-121-0032","AQS"
"11/08/2000","111","PM2.5","Gwinnett","13-135-0002","AQS"
"11/09/2000","54","PM2.5","Doraville","13-089-2001","AQS"
"11/10/2000","43","PM2.5","Kennesaw","13-067-0003","AQS"
"11/11/2000","119","PM2.5","Not Available","13-121-1001","AQS"
"11/12/2000","79","PM2.5","E. Rivers School","13-121-0032","AQS"
"11/13/2000","88","PM2.5","Doraville","13-089-2001","AQS"
"11/14/2000","144","PM2.5","Forest Park","13-063-0091","AQS"
"11/15/2000","57","PM2.5","South DeKalb","13-089-0002","AQS"
"11/16/2000","72","PM2.5","E. Rivers School","13-121-0032","AQS"
"11/17/2000","58","PM2.5","Fire Station #8","13-121-0039","AQS"
"11/18/2000","69","PM2.5","Doraville","13-089-2001","AQS"
"11/19/2000","66","PM2.5","Doraville","13-089-2001","AQS"
"11/20/2000","54","PM2.5","Doraville","13-089-2001","AQS"
"11/21/2000","48","PM2.5","E. Rivers School","13-121-0032","AQS"
"11/22/2000","63","PM2.5","E. Rivers School","13-121-0032","AQS"
"11/23/2000","75","PM2.5","Fire Station #8","13-121-0039","AQS"
"11/24/2000","74","PM2.5","Doraville","13-089-2001","AQS"
"11/25/2000","56","PM2.5","E. Rivers School","13-121-0032","AQS"
"11/26/2000","63","PM2.5","Fire Station #8","13-121-0039","AQS"
"11/27/2000","69","PM2.5","E. Rivers School","13-121-0032","AQS"
"11/28/2000","68","PM2.5","E. Rivers School","13-121-0032","AQS"
"11/29/2000","89","PM2.5","Fire Station #8","13-121-0039","AQS"
"11/30/2000","56","PM2.5","E. Rivers School","13-121-0032","AQS"
"12/01/2000","87","NO2","Georgia Tech, Ford Environmental Science and Technology Bldg, roof","13-121-0048","AQS"
"12/02/2000","80","PM2.5","Kennesaw","13-067-0003","AQS"
"12/03/2000","62","PM2.5","Doraville","13-089-2001","AQS"
"12/04/2000","71","PM2.5","Doraville","13-089-2001","AQS"
"12/05/2000","88","PM2.5","Fire Station #8","13-121-0039","AQS"
"12/06/2000","72","PM2.5","South DeKalb","13-089-0002","AQS"
"12/07/2000","78","PM2.5","E. Rivers School","13-121-0032","AQS"
"12/08/2000","113","PM2.5","Fire Station #8","13-121-0039","AQS"
"12/09/2000","75","PM2.5","Doraville","13-089-2001","AQS"
"12/10/2000","98","PM2.5","E. Rivers School","13-121-0032","AQS"
"12/11/2000","95","PM2.5","Fire Station #8","13-121-0039","AQS"
"12/12/2000","53","PM2.5","Doraville","13-089-2001","AQS"
"12/13/2000","55","PM2.5","E. Rivers School","13-121-0032","AQS"
"12/14/2000","71","PM2.5","Gwinnett","13-135-0002","AQS"
"12/15/2000","69","PM2.5","Doraville","13-089-2001","AQS"
"12/16/2000","66","PM2.5","E. Rivers School","13-121-0032","AQS"
"12/17/2000","80","PM2.5","Not Available","13-121-1001","AQS"
"12/18/2000","71","PM2.5","E. Rivers School","13-121-0032","AQS"
"12/19/2000","70","PM2.5","E. Rivers School","13-121-0032","AQS"
"12/20/2000","83","PM2.5","Fire Station #8","13-121-0039","AQS"
"12/21/2000","80","PM2.5","Doraville","13-089-2001","AQS"
"12/22/2000","55","PM2.5","Doraville","13-089-2001","AQS"
"12/23/2000","106","PM2.5","E. Rivers School","13-121-0032","AQS"
"12/24/2000","69","PM2.5","South DeKalb","13-089-0002","AQS"
"12/25/2000","55","PM2.5","E. Rivers School","13-121-0032","AQS"
"12/26/2000","64","PM2.5","Fire Station #8","13-121-0039","AQS"
"12/27/2000","47","NO2","Georgia Tech, Ford Environmental Science and Technology Bldg, roof","13-121-0048","AQS"
"12/28/2000","32","NO2","Georgia Tech, Ford Environmental Science and Technology Bldg, roof","13-121-0048","AQS"
"12/29/2000","71","PM2.5","Fire Station #8","13-121-0039","AQS"
"12/30/2000","56","PM2.5","E. Rivers School","13-121-0032","AQS"
"12/31/2000","56","PM2.5","Doraville","13-089-2001","AQS"
"01/01/2001","65","PM2.5","Gwinnett","13-135-0002","AQS"
"01/02/2001","152","PM2.5","E. Rivers School","13-121-0032","AQS"
"01/03/2001","77","PM2.5","Fire Station #8","13-121-0039","AQS"
"01/04/2001","153","PM2.5","Fire Station #8","13-121-0039","AQS"
"01/05/2001","76","PM2.5","South DeKalb","13-089-0002","AQS"
"01/06/2001","60","PM2.5","E. Rivers School","13-121-0032","AQS"
"01/07/2001","91","PM2.5","Fire Station #8","13-121-0039","AQS"
"01/08/2001","70","PM2.5","Doraville","13-089-2001","AQS"
"01/09/2001","55","PM2.5","Doraville","13-089-2001","AQS"
"01/10/2001","99","NO2","Georgia Tech, Ford Environmental Science and Technology Bldg, roof","13-121-0048","AQS"
"01/11/2001","126","PM2.5","E. Rivers School","13-121-0032","AQS"
"01/12/2001","72","PM2.5","South DeKalb","13-089-0002","AQS"
"01/13/2001","78","PM2.5","Doraville","13-089-2001","AQS"
"01/14/2001","66","PM2.5","Doraville","13-089-2001","AQS"
"01/15/2001","63","PM2.5","Doraville","13-089-2001","AQS"
"01/16/2001","67","PM2.5","Fire Station #8","13-121-0039","AQS"
"01/17/2001","85","PM2.5","Doraville","13-089-2001","AQS"
"01/18/2001","80","PM2.5","E. Rivers School","13-121-0032","AQS"
"01/19/2001","55","PM2.5","Fire Station #8","13-121-0039","AQS"
"01/20/2001","51","PM2.5","Doraville","13-089-2001","AQS"
"01/21/2001","58","PM2.5","South DeKalb","13-089-0002","AQS"
"01/22/2001","78","PM2.5","Fire Station #8","13-121-0039","AQS"
"01/23/2001","106","PM2.5","E. Rivers School","13-121-0032","AQS"
"01/24/2001","65","PM2.5","E. Rivers School","13-121-0032","AQS"
"01/25/2001","63","PM2.5","Forest Park","13-063-0091","AQS"
"01/26/2001","63","PM2.5","South DeKalb","13-089-0002","AQS"
"01/27/2001","66","PM2.5","Doraville","13-089-2001","AQS"
"01/28/2001","106","PM2.5","Yorkville, King Farm","13-223-0003","AQS"
"01/29/2001","73","PM2.5","Doraville","13-089-2001","AQS"
"01/30/2001","42","Ozone","Georgia Station","13-231-9991","AQS"
"01/31/2001","52","PM2.5","Fire Station #8","13-121-0039","AQS"
"02/01/2001","56","PM2.5","E. Rivers School","13-121-0032","AQS"
"02/02/2001","57","PM2.5","South DeKalb","13-089-0002","AQS"
"02/03/2001","59","PM2.5","Not Available","13-121-1001","AQS"
"02/04/2001","68","PM2.5","E. Rivers School","13-121-0032","AQS"
"02/05/2001","63","PM2.5","E. Rivers School","13-121-0032","AQS"
"02/06/2001","85","NO2","Georgia Tech, Ford Environmental Science and Technology Bldg, roof","13-121-0048","AQS"
"02/07/2001","88","PM2.5","Doraville","13-089-2001","AQS"
"02/08/2001","89","PM2.5","E. Rivers School","13-121-0032","AQS"
"02/09/2001","67","PM2.5","South DeKalb","13-089-0002","AQS"
"02/10/2001","36","PM2.5","Doraville","13-089-2001","AQS"
"02/11/2001","54","PM2.5","E. Rivers School","13-121-0032","AQS"
"02/12/2001","62","PM2.5","Doraville","13-089-2001","AQS"
"02/13/2001","80","PM2.5","Doraville","13-089-2001","AQS"
"02/14/2001","58","PM2.5","Doraville","13-089-2001","AQS"
"02/15/2001","56","PM2.5","Fire Station #8","13-121-0039","AQS"
"02/16/2001","38","PM2.5","Doraville","13-089-2001","AQS"
"02/17/2001","51","PM2.5","South DeKalb","13-089-0002","AQS"
"02/18/2001","54","PM2.5","Kennesaw","13-067-0003","AQS"
"02/19/2001","62","PM2.5","E. Rivers School","13-121-0032","AQS"
"02/20/2001","89","PM2.5","Doraville","13-089-2001","AQS"
"02/21/2001","131","PM2.5","Not Available","13-121-1001","AQS"
"02/22/2001","94","PM2.5","South DeKalb","13-089-0002","AQS"
"02/23/2001","57","PM2.5","Yorkville, King Farm","13-223-0003","AQS"
"02/24/2001","80","PM2.5","Doraville","13-089-2001","AQS"
"02/25/2001","52","PM2.5","Doraville","13-089-2001","AQS"
"02/26/2001","64","PM2.5","South DeKalb","13-089-0002","AQS"
"02/27/2001","67","PM2.5","Kennesaw","13-067-0003","AQS"
"02/28/2001","65","PM2.5","Doraville","13-089-2001","AQS"
"03/01/2001","142","PM2.5","Doraville","13-089-2001","AQS"
"03/02/2001","72","PM2.5","Fire Station #8","13-121-0039","AQS"
"03/03/2001","78","PM2.5","Doraville","13-089-2001","AQS"
"03/04/2001","35","Ozone","Yorkville, King Farm","13-223-0003","AQS"
"03/05/2001","86","PM2.5","Fire Station #8","13-121-0039","AQS"
"03/06/2001","47","PM2.5","Doraville","13-089-2001","AQS"
"03/07/2001","118","PM2.5","South DeKalb","13-089-0002","AQS"
"03/08/2001","79","PM2.5","South DeKalb","13-089-0002","AQS"
"03/09/2001","64","PM2.5","Doraville","13-089-2001","AQS"
"03/10/2001","65","PM2.5","South DeKalb","13-089-0002","AQS"
"03/11/2001","79","PM2.5","Kennesaw","13-067-0003","AQS"
"03/12/2001","61","PM2.5","E. Rivers School","13-121-0032","AQS"
"03/13/2001","50","NO2","Georgia Tech, Ford Environmental Science and Technology Bldg, roof","13-121-0048","AQS"
"03/14/2001","60","PM2.5","Fire Station #8","13-121-0039","AQS"
"03/15/2001","79","PM2.5","E. Rivers School","13-121-0032","AQS"
"03/16/2001","51","PM2.5","Doraville","13-089-2001","AQS"
"03/17/2001","58","PM2.5","Fire Station #8","13-121-0039","AQS"
"03/18/2001","73","PM2.5","South DeKalb","13-089-0002","AQS"
"03/19/2001","58","PM2.5","South DeKalb","13-089-0002","AQS"
"03/20/2001","151","PM2.5","Kennesaw","13-067-0003","AQS"
"03/21/2001","51","PM2.5","Doraville","13-089-2001","AQS"
"03/22/2001","58","PM2.5","South DeKalb","13-089-0002","AQS"
"03/23/2001","73","PM2.5","Kennesaw","13-067-0003","AQS"
"03/24/2001","93","Ozone","Yorkville, King Farm","13-223-0003","AQS"
"03/25/2001","66","PM2.5","Doraville","13-089-2001","AQS"
"03/26/2001","73","PM2.5","Not Available","13-121-1001","AQS"
"03/27/2001","62","PM2.5","South DeKalb","13-089-0002","AQS"
"03/28/2001","73","PM2.5","South DeKalb","13-089-0002","AQS"
"03/29/2001","61","PM2.5","Fire Station #8","13-121-0039","AQS"
"03/30/2001","72","NO2","Georgia Tech, Ford Environmental Science and Technology Bldg, roof","13-121-0048","AQS"
"03/31/2001","58","PM2.5","E. Rivers School","13-121-0032","AQS"
"04/01/2001","55","PM2.5","Forest Park","13-063-0091","AQS"
"04/02/2001","64","Ozone","Georgia Station","13-231-9991","AQS"
"04/03/2001","60","PM2.5","Doraville","13-089-2001","AQS"
"04/04/2001","80","PM2.5","Yorkville, King Farm","13-223-0003","AQS"
"04/05/2001","99","PM2.5","Doraville","13-089-2001","AQS"
"04/06/2001","77","PM2.5","E. Rivers School","13-121-0032","AQS"
"04/07/2001","73","PM2.5","Forest Park","13-063-0091","AQS"
"04/08/2001","64","PM2.5","Doraville","13-089-2001","AQS"
"04/09/2001","72","PM2.5","Doraville","13-089-2001","AQS"
"04/10/2001","93","Ozone","Tucker-Idlewood Road","13-089-3001","AQS"
"04/11/2001","75","PM2.5","Doraville","13-089-2001","AQS"
"04/12/2001","63","PM2.5","E. Rivers School","13-121-0032","AQS"
"04/13/2001","61","PM2.5","Fire Station #8","13-121-0039","AQS"
"04/14/2001","77","Ozone","Gwinnett","13-135-0002","AQS"
"04/15/2001","60","PM2.5","E. Rivers School","13-121-0032","AQS"
"04/16/2001","60","PM2.5","Yorkville, King Farm","13-223-0003","AQS"
"04/17/2001","51","NO2","Georgia Tech, Ford Environmental Science and Technology Bldg, roof","13-121-0048","AQS"
"04/18/2001","61","PM2.5","Doraville","13-089-2001","AQS"
"04/19/2001","96","NO2","Georgia Tech, Ford Environmental Science and Technology Bldg, roof","13-121-0048","AQS"
"04/20/2001","93","Ozone","Dawsonville","13-085-0001","AQS"
"04/21/2001","105","Ozone","Dawsonville","13-085-0001","AQS"
"04/22/2001","84","Ozone","REINHARDT COLLEGE, SAMUEL C. DOBBS BUILDING","13-057-0001","AQS"
"04/23/2001","74","Ozone","Dawsonville","13-085-0001","AQS"
"04/24/2001","64","PM2.5","Doraville","13-089-2001","AQS"
"04/25/2001","67","Ozone","Yorkville, King Farm","13-223-0003","AQS"
"04/26/2001","84","Ozone","Douglasville","13-097-0004","AQS"
"04/27/2001","133","Ozone","Yorkville, King Farm","13-223-0003","AQS"
"04/28/2001","164","Ozone","Georgia Station","13-231-9991","AQS"
"04/29/2001","129","Ozone","Yorkville, King Farm","13-223-0003","AQS"
"04/30/2001","112","Ozone","Yorkville, King Farm","13-223-0003","AQS"
"05/01/2001","112","Ozone","Yorkville, King Farm","13-223-0003","AQS"
"05/02/2001","101","Ozone","Yorkville, King Farm","13-223-0003","AQS"
"05/03/2001","108","Ozone","Yorkville, King Farm","13-223-0003","AQS"
"05/04/2001","150","Ozone","Yorkville, King Farm","13-223-0003","AQS"
"05/05/2001","166","Ozone","Tucker-Idlewood Road","13-089-3001","AQS"
"05/06/2001","133","Ozone","Kennesaw","13-067-0003","AQS"
"05/07/2001","67","PM2.5","Yorkville, King Farm","13-223-0003","AQS"
"05/08/2001","59","PM2.5","Doraville","13-089-2001","AQS"
"05/09/2001","70","PM2.5","Doraville","13-089-2001","AQS"
"05/10/2001","84","Ozone","Dawsonville","13-085-0001","AQS"
"05/11/2001","84","NO2","Georgia Tech, Ford Environmental Science and Technology Bldg, roof","13-121-0048","AQS"
"05/12/2001","63","PM2.5","E. Rivers School","13-121-0032","AQS"
"05/13/2001","97","Ozone","McDonough","13-151-0002","AQS"
"05/14/2001","136","Ozone","Georgia Station","13-231-9991","AQS"
"05/15/2001","133","Ozone","Georgia Station","13-231-9991","AQS"
"05/16/2001","140","Ozone","Conyers","13-247-0001","AQS"
"05/17/2001","150","Ozone","Conyers","13-247-0001","AQS"
"05/18/2001","122","Ozone","Dawsonville","13-085-0001","AQS"
"05/19/2001","69","PM2.5","South DeKalb","13-089-0002","AQS"
"05/20/2001","64","PM2.5","E. Rivers School","13-121-0032","AQS"
"05/21/2001","68","PM2.5","Doraville","13-089-2001","AQS"
"05/22/2001","56","PM2.5","South DeKalb","13-089-0002","AQS"
"05/23/2001","77","Ozone","Yorkville, King Farm","13-223-0003","AQS"
"05/24/2001","87","Ozone","Tucker-Idlewood Road","13-089-3001","AQS"
"05/25/2001","57","PM2.5","Fire Station #8","13-121-0039","AQS"
"05/26/2001","71","Ozone","Dawsonville","13-085-0001","AQS"
"05/27/2001","90","Ozone","Newnan","13-077-0002","AQS"
"05/28/2001","69","PM2.5","South DeKalb","13-089-0002","AQS"
"05/29/2001","80","Ozone","Kennesaw","13-067-0003","AQS"
"05/30/2001","140","Ozone","DOT STORAGE FACILITY","13-113-0001","AQS"
"05/31/2001","115","Ozone","Yorkville, King Farm","13-223-0003","AQS"
"06/01/2001","59","PM2.5","Doraville","13-089-2001","AQS"
"06/02/2001","51","Ozone","Dawsonville","13-085-0001","AQS"
"06/03/2001","68","PM2.5","E. Rivers School","13-121-0032","AQS"
"06/04/2001","55","PM2.5","E. Rivers School","13-121-0032","AQS"
"06/05/2001","58","PM2.5","Fire Station #8","13-121-0039","AQS"
"06/06/2001","70","PM2.5","Fire Station #8","13-121-0039","AQS"
"06/07/2001","69","PM2.5","South DeKalb","13-089-0002","AQS"
"06/08/2001","61","PM2.5","Doraville","13-089-2001","AQS"
"06/09/2001","87","PM2.5","Fire Station #8","13-121-0039","AQS"
"06/10/2001","143","Ozone","Conyers","13-247-0001","AQS"
"06/11/2001","58","PM2.5","Doraville","13-089-2001","AQS"
"06/12/2001","62","PM2.5","South DeKalb","13-089-0002","AQS"
"06/13/2001","156","Ozone","Tucker-Idlewood Road","13-089-3001","AQS"
"06/14/2001","59","PM2.5","South DeKalb","13-089-0002","AQS"
"06/15/2001","61","PM2.5","South DeKalb","13-089-0002","AQS"
"06/16/2001","123","PM2.5","South DeKalb","13-089-0002","AQS"
"06/17/2001","150","Ozone","Newnan","13-077-0002","AQS"
"06/18/2001","179","Ozone","Douglasville","13-097-0004","AQS"
"06/19/2001","151","Ozone","Yorkville, King Farm","13-223-0003","AQS"
"06/20/2001","174","Ozone","Kennesaw","13-067-0003","AQS"
"06/21/2001","156","Ozone","Dawsonville","13-085-0001","AQS"
"06/22/2001","68","PM2.5","Doraville","13-089-2001","AQS"
"06/23/2001","81","PM2.5","E. Rivers School","13-121-0032","AQS"
"06/24/2001","105","Ozone","DOT STORAGE FACILITY","13-113-0001","AQS"
"06/25/2001","159","PM2.5","South DeKalb","13-089-0002","AQS"
"06/26/2001","87","Ozone","REINHARDT COLLEGE, SAMUEL C. DOBBS BUILDING","13-057-0001","AQS"
"06/27/2001","143","Ozone","REINHARDT COLLEGE, SAMUEL C. DOBBS BUILDING","13-057-0001","AQS"
"06/28/2001","87","Ozone","Kennesaw","13-067-0003","AQS"
"06/29/2001","61","PM2.5","South DeKalb","13-089-0002","AQS"
"06/30/2001","63","PM10","SITE CLOSE TO RR TRACK AT INTERSECTON OF HWY 78 AN","13-097-0003","AQS"
"07/01/2001","66","PM2.5","E. Rivers School","13-121-0032","AQS"
"07/02/2001","93","Ozone","Tucker-Idlewood Road","13-089-3001","AQS"
"07/03/2001","77","PM2.5","Forest Park","13-063-0091","AQS"
"07/04/2001","53","PM2.5","Doraville","13-089-2001","AQS"
"07/05/2001","77","Ozone","Gwinnett","13-135-0002","AQS"
"07/06/2001","108","Ozone","McDonough","13-151-0002","AQS"
"07/07/2001","112","Ozone","Tucker-Idlewood Road","13-089-3001","AQS"
"07/08/2001","133","Ozone","United Avenue","13-121-0055","AQS"
"07/09/2001","112","Ozone","Conyers","13-247-0001","AQS"
"07/10/2001","155","PM2.5","Doraville","13-089-2001","AQS"
"07/11/2001","151","Ozone","McDonough","13-151-0002","AQS"
"07/12/2001","209","Ozone","McDonough","13-151-0002","AQS"
"07/13/2001","147","Ozone","DOT STORAGE FACILITY","13-113-0001","AQS"
"07/14/2001","133","Ozone","Douglasville","13-097-0004","AQS"
"07/15/2001","126","Ozone","Tucker-Idlewood Road","13-089-3001","AQS"
"07/16/2001","129","Ozone","Tucker-Idlewood Road","13-089-3001","AQS"
"07/17/2001","166","PM2.5","E. Rivers School","13-121-0032","AQS"
"07/18/2001","172","Ozone","Gwinnett","13-135-0002","AQS"
"07/19/2001","169","Ozone","Conyers","13-247-0001","AQS"
"07/20/2001","88","PM2.5","Doraville","13-089-2001","AQS"
"07/21/2001","97","Ozone","Yorkville, King Farm","13-223-0003","AQS"
"07/22/2001","143","Ozone","Douglasville","13-097-0004","AQS"
"07/23/2001","151","Ozone","Newnan","13-077-0002","AQS"
"07/24/2001","68","PM10","Fire Station #8","13-121-0039","AQS"
"07/25/2001","54","PM2.5","Doraville","13-089-2001","AQS"
"07/26/2001","56","PM2.5","Doraville","13-089-2001","AQS"
"07/27/2001","63","PM2.5","Fire Station #8","13-121-0039","AQS"
"07/28/2001","58","PM2.5","Doraville","13-089-2001","AQS"
"07/29/2001","55","PM2.5","South DeKalb","13-089-0002","AQS"
"07/30/2001","84","Ozone","United Avenue","13-121-0055","AQS"
"07/31/2001","101","Ozone","Yorkville, King Farm","13-223-0003","AQS"
"08/01/2001","87","Ozone","Yorkville, King Farm","13-223-0003","AQS"
"08/02/2001","126","Ozone","Douglasville","13-097-0004","AQS"
"08/03/2001","136","Ozone","Kennesaw","13-067-0003","AQS"
"08/04/2001","100","Ozone","Gwinnett","13-135-0002","AQS"
"08/05/2001","76","PM2.5","Yorkville, King Farm","13-223-0003","AQS"
"08/06/2001","57","PM2.5","E. Rivers School","13-121-0032","AQS"
"08/07/2001","104","PM2.5","Forest Park","13-063-0091","AQS"
"08/08/2001","82","PM2.5","Fire Station #8","13-121-0039","AQS"
"08/09/2001","92","PM2.5","Doraville","13-089-2001","AQS"
"08/10/2001","70","PM2.5","Doraville","13-089-2001","AQS"
"08/11/2001","73","PM2.5","Gwinnett","13-135-0002","AQS"
"08/12/2001","57","PM2.5","Doraville","13-089-2001","AQS"
"08/13/2001","65","PM2.5","South DeKalb","13-089-0002","AQS"
"08/14/2001","140","Ozone","DOT STORAGE FACILITY","13-113-0001","AQS"
"08/15/2001","122","Ozone","Kennesaw","13-067-0003","AQS"
"08/16/2001","80","PM2.5","E. Rivers School","13-121-0032","AQS"
"08/17/2001","133","Ozone","Gwinnett","13-135-0002","AQS"
"08/18/2001","129","Ozone","Gwinnett","13-135-0002","AQS"
"08/19/2001","66","PM2.5","E. Rivers School","13-121-0032","AQS"
"08/20/2001","93","Ozone","United Avenue","13-121-0055","AQS"
"08/21/2001","147","Ozone","Georgia Station","13-231-9991","AQS"
"08/22/2001","190","Ozone","Newnan","13-077-0002","AQS"
"08/23/2001","203","Ozone","Gwinnett","13-135-0002","AQS"
"08/24/2001","177","Ozone","McDonough","13-151-0002","AQS"
"08/25/2001","161","Ozone","Yorkville, King Farm","13-223-0003","AQS"
"08/26/2001","122","Ozone","Kennesaw","13-067-0003","AQS"
"08/27/2001","93","Ozone","Tucker-Idlewood Road","13-089-3001","AQS"
"08/28/2001","83","PM2.5","Doraville","13-089-2001","AQS"
"08/29/2001","86","PM2.5","Fire Station #8","13-121-0039","AQS"
"08/30/2001","61","PM2.5","South DeKalb","13-089-0002","AQS"
"08/31/2001","65","NO2","Georgia Tech, Ford Environmental Science and Technology Bldg, roof","13-121-0048","AQS"
"09/01/2001","53","PM2.5","Yorkville, King Farm","13-223-0003","AQS"
"09/02/2001","55","PM2.5","Doraville","13-089-2001","AQS"
"09/03/2001","41","PM2.5","Doraville","13-089-2001","AQS"
"09/04/2001","63","PM10","UNIVERSITY OF GA, EXPERIMENT STATION TISSUE LAB, GRIFFIN GA","13-255-0002","AQS"
"09/05/2001","84","Ozone","Kennesaw","13-067-0003","AQS"
"09/06/2001","93","Ozone","Yorkville, King Farm","13-223-0003","AQS"
"09/07/2001","93","Ozone","Kennesaw","13-067-0003","AQS"
"09/08/2001","62","PM2.5","E. Rivers School","13-121-0032","AQS"
"09/09/2001","71","Ozone","Yorkville, King Farm","13-223-0003","AQS"
"09/10/2001","65","PM2.5","Yorkville, King Farm","13-223-0003","AQS"
"09/11/2001","66","PM2.5","Doraville","13-089-2001","AQS"
"09/12/2001","80","Ozone","REINHARDT COLLEGE, SAMUEL C. DOBBS BUILDING","13-057-0001","AQS"
"09/13/2001","140","Ozone","Douglasville","13-097-0004","AQS"
"09/14/2001","108","Ozone","Gwinnett","13-135-0002","AQS"
"09/15/2001","55","PM2.5","Doraville","13-089-2001","AQS"
"09/16/2001","71","Ozone","Georgia Station","13-231-9991","AQS"
"09/17/2001","101","Ozone","Tucker-Idlewood Road","13-089-3001","AQS"
"09/18/2001","112","Ozone","Conyers","13-247-0001","AQS"
"09/19/2001","100","PM2.5","Fire Station #8","13-121-0039","AQS"
"09/20/2001","79","PM2.5","Doraville","13-089-2001","AQS"
"09/21/2001","97","Ozone","Georgia Station","13-231-9991","AQS"
"09/22/2001","143","Ozone","McDonough","13-151-0002","AQS"
"09/23/2001","97","Ozone","Douglasville","13-097-0004","AQS"
"09/24/2001","59","PM2.5","South DeKalb","13-089-0002","AQS"
"09/25/2001","43","PM2.5","Forest Park","13-063-0091","AQS"
"09/26/2001","49","PM2.5","South DeKalb","13-089-0002","AQS"
"09/27/2001","57","PM2.5","Doraville","13-089-2001","AQS"
"09/28/2001","71","Ozone","Conyers","13-247-0001","AQS"
"09/29/2001","59","PM10","Georgia Tech, Ford Environmental Science and Technology Bldg, roof","13-121-0048","AQS"
"09/30/2001","56","PM2.5","South DeKalb","13-089-0002","AQS"
"10/01/2001","66","PM2.5","Forest Park","13-063-0091","AQS"
"10/02/2001","90","Ozone","Georgia Station","13-231-9991","AQS"
"10/03/2001","108","Ozone","Georgia Station","13-231-9991","AQS"
"10/04/2001","115","Ozone","Dawsonville","13-085-0001","AQS"
"10/05/2001","73","PM2.5","Doraville","13-089-2001","AQS"
"10/06/2001","38","PM2.5","South DeKalb","13-089-0002","AQS"
"10/07/2001","151","PM2.5","South DeKalb","13-089-0002","AQS"
"10/08/2001","52","PM2.5","Doraville","13-089-2001","AQS"
"10/09/2001","175","PM2.5","Doraville","13-089-2001","AQS"
"10/10/2001","64","PM10","UNIVERSITY OF GA, EXPERIMENT STATION TISSUE LAB, GRIFFIN GA","13-255-0002","AQS"
"10/11/2001","49","PM2.5","Doraville","13-089-2001","AQS"
"10/12/2001","31","PM2.5","Doraville","13-089-2001","AQS"
"10/13/2001","43","PM2.5","Not Available","13-121-1001","AQS"
"10/14/2001","51","Ozone","REINHARDT COLLEGE, SAMUEL C. DOBBS BUILDING","13-057-0001","AQS"
"10/15/2001","53","PM2.5","Doraville","13-089-2001","AQS"
"10/16/2001","54","PM2.5","Forest Park","13-063-0091","AQS"
"10/17/2001","39","PM2.5","E. Rivers School","13-121-0032","AQS"
"10/18/2001","56","PM2.5","Doraville","13-089-2001","AQS"
"10/19/2001","81","NO2","Georgia Tech, Ford Environmental Science and Technology Bldg, roof","13-121-0048","AQS"
"10/20/2001","74","PM2.5","South DeKalb","13-089-0002","AQS"
"10/21/2001","79","PM2.5","E. Rivers School","13-121-0032","AQS"
"10/22/2001","80","PM2.5","Kennesaw","13-067-0003","AQS"
"10/23/2001","83","PM2.5","Doraville","13-089-2001","AQS"
"10/24/2001","68","PM2.5","South DeKalb","13-089-0002","AQS"
"10/25/2001","39","NO2","South DeKalb","13-089-0002","AQS"
"10/26/2001","37","Ozone","Yorkville, King Farm","13-223-0003","AQS"
"10/27/2001","39","PM2.5","E. Rivers School","13-121-0032","AQS"
"10/28/2001","58","PM2.5","Kennesaw","13-067-0003","AQS"
"10/29/2001","72","PM2.5","E. Rivers School","13-121-0032","AQS"
"10/30/2001","88","NO2","Georgia Tech, Ford Environmental Science and Technology Bldg, roof","13-121-0048","AQS"
"10/31/2001","76","PM2.5","Forest Park","13-063-0091","AQS"
"11/01/2001","70","PM2.5","Doraville","13-089-2001","AQS"
"11/02/2001","71","PM2.5","E. Rivers School","13-121-0032","AQS"
"11/03/2001","69","PM2.5","South DeKalb","13-089-0002","AQS"
"11/04/2001","56","PM2.5","South DeKalb","13-089-0002","AQS"
"11/05/2001","61","PM2.5","South DeKalb","13-089-0002","AQS"
"11/06/2001","77","PM2.5","Fire Station #8","13-121-0039","AQS"
"11/07/2001","101","Ozone","Georgia Station","13-231-9991","AQS"
"11/08/2001","112","Ozone","Georgia Station","13-231-9991","AQS"
"11/09/2001","98","PM2.5","Fire Station #8","13-121-0039","AQS"
"11/10/2001","79","PM2.5","South DeKalb","13-089-0002","AQS"
"11/11/2001","67","PM2.5","E. Rivers School","13-121-0032","AQS"
"11/12/2001","72","PM2.5","Kennesaw","13-067-0003","AQS"
"11/13/2001","58","PM2.5","E. Rivers School","13-121-0032","AQS"
"11/14/2001","65","PM2.5","South DeKalb","13-089-0002","AQS"
"11/15/2001","99","PM2.5","Kennesaw","13-067-0003","AQS"
"11/16/2001","151","PM2.5","E. Rivers School","13-121-0032","AQS"
"11/17/2001","125","PM2.5","Doraville","13-089-2001","AQS"
"11/18/2001","110","PM2.5","Fire Station #8","13-121-0039","AQS"
"11/19/2001","96","PM2.5","Doraville","13-089-2001","AQS"
"11/20/2001","66","PM2.5","E. Rivers School","13-121-0032","AQS"
"11/21/2001","56","PM2.5","Not Available","13-121-1001","AQS"
"11/22/2001","73","PM2.5","South DeKalb","13-089-0002","AQS"
"11/23/2001","69","PM2.5","Doraville","13-089-2001","AQS"
"11/24/2001","61","PM2.5","Doraville","13-089-2001","AQS"
"11/25/2001","54","PM2.5","South DeKalb","13-089-0002","AQS"
"11/26/2001","67","PM2.5","South DeKalb","13-089-0002","AQS"
"11/27/2001","99","PM10","Not Available","13-121-0001","AQS"
"11/28/2001","58","PM2.5","South DeKalb","13-089-0002","AQS"
"11/29/2001","48","PM2.5","Doraville","13-089-2001","AQS"
"11/30/2001","55","PM2.5","Fire Station #8","13-121-0039","AQS"
"12/01/2001","60","PM2.5","South DeKalb","13-089-0002","AQS"
"12/02/2001","70","PM2.5","South DeKalb","13-089-0002","AQS"
"12/03/2001","68","PM2.5","E. Rivers School","13-121-0032","AQS"
"12/04/2001","74","PM2.5","Doraville","13-089-2001","AQS"
"12/05/2001","72","PM2.5","South DeKalb","13-089-0002","AQS"
"12/06/2001","77","PM2.5","Fire Station #8","13-121-0039","AQS"
"12/07/2001","69","PM2.5","South DeKalb","13-089-0002","AQS"
"12/08/2001","68","PM2.5","E. Rivers School","13-121-0032","AQS"
"12/09/2001","58","PM2.5","Kennesaw","13-067-0003","AQS"
"12/10/2001","57","PM2.5","Doraville","13-089-2001","AQS"
"12/11/2001","62","PM2.5","Doraville","13-089-2001","AQS"
"12/12/2001","66","PM2.5","Doraville","13-089-2001","AQS"
"12/13/2001","43","PM2.5","Doraville","13-089-2001","AQS"
"12/14/2001","46","PM2.5","Doraville","13-089-2001","AQS"
"12/15/2001","47","PM2.5","South DeKalb","13-089-0002","AQS"
"12/16/2001","51","PM2.5","South DeKalb","13-089-0002","AQS"
"12/17/2001","55","PM2.5","E. Rivers School","13-121-0032","AQS"
"12/18/2001","44","PM2.5","Kennesaw","13-067-0003","AQS"
"12/19/2001","58","PM2.5","South DeKalb","13-089-0002","AQS"
"12/20/2001","43","NO2","South DeKalb","13-089-0002","AQS"
"12/21/2001","68","NO2","Georgia Tech, Ford Environmental Science and Technology Bldg, roof","13-121-0048","AQS"
"12/22/2001","66","NO2","Georgia Tech, Ford Environmental Science and Technology Bldg, roof","13-121-0048","AQS"
"12/23/2001","55","PM2.5","E. Rivers School","13-121-0032","AQS"
"12/24/2001","31","PM2.5","Forest Park","13-063-0091","AQS"
"12/25/2001","52","PM2.5","E. Rivers School","13-121-0032","AQS"
"12/26/2001","52","PM2.5","E. Rivers School","13-121-0032","AQS"
"12/27/2001","63","PM2.5","Gwinnett","13-135-0002","AQS"
"12/28/2001","52","PM2.5","Doraville","13-089-2001","AQS"
"12/29/2001","53","PM2.5","Doraville","13-089-2001","AQS"
"12/30/2001","50","PM2.5","Forest Park","13-063-0091","AQS"
"12/31/2001","54","PM2.5","Doraville","13-089-2001","AQS"
"01/01/2002","63","PM2.5","E. Rivers School","13-121-0032","AQS"
"01/02/2002","72","PM2.5","E. Rivers School","13-121-0032","AQS"
"01/03/2002","68","PM2.5","E. Rivers School","13-121-0032","AQS"
"01/04/2002","71","PM2.5","South DeKalb","13-089-0002","AQS"
"01/05/2002","91","NO2","Georgia Tech, Ford Environmental Science and Technology Bldg, roof","13-121-0048","AQS"
"01/06/2002","56","PM2.5","E. Rivers School","13-121-0032","AQS"
"01/07/2002","52","PM2.5","Doraville","13-089-2001","AQS"
"01/08/2002","60","PM2.5","Fire Station #8","13-121-0039","AQS"
"01/09/2002","63","PM2.5","South DeKalb","13-089-0002","AQS"
"01/10/2002","59","PM2.5","South DeKalb","13-089-0002","AQS"
"01/11/2002","49","NO2","South DeKalb","13-089-0002","AQS"
"01/12/2002","68","PM2.5","E. Rivers School","13-121-0032","AQS"
"01/13/2002","63","PM2.5","E. Rivers School","13-121-0032","AQS"
"01/14/2002","74","PM2.5","Fire Station #8","13-121-0039","AQS"
"01/15/2002","59","PM2.5","E. Rivers School","13-121-0032","AQS"
"01/16/2002","58","PM2.5","Doraville","13-089-2001","AQS"
"01/17/2002","90","NO2","Georgia Tech, Ford Environmental Science and Technology Bldg, roof","13-121-0048","AQS"
"01/18/2002","81","PM2.5","South DeKalb","13-089-0002","AQS"
"01/19/2002","63","PM2.5","Doraville","13-089-2001","AQS"
"01/20/2002","53","PM2.5","E. Rivers School","13-121-0032","AQS"
"01/21/2002","52","PM2.5","South DeKalb","13-089-0002","AQS"
"01/22/2002","57","PM2.5","South DeKalb","13-089-0002","AQS"
"01/23/2002","64","PM2.5","Doraville","13-089-2001","AQS"
"01/24/2002","39","PM2.5","Doraville","13-089-2001","AQS"
"01/25/2002","39","PM2.5","E. Rivers School","13-121-0032","AQS"
"01/26/2002","56","PM2.5","Doraville","13-089-2001","AQS"
"01/27/2002","71","PM2.5","E. Rivers School","13-121-0032","AQS"
"01/28/2002","70","PM2.5","Doraville","13-089-2001","AQS"
"01/29/2002","65","PM2.5","Fire Station #8","13-121-0039","AQS"
"01/30/2002","64","PM2.5","E. Rivers School","13-121-0032","AQS"
"01/31/2002","58","PM2.5","South DeKalb","13-089-0002","AQS"
"02/01/2002","48","PM2.5","Gwinnett","13-135-0002","AQS"
"02/02/2002","52","PM2.5","E. Rivers School","13-121-0032","AQS"
"02/03/2002","68","PM2.5","South DeKalb","13-089-0002","AQS"
"02/04/2002","47","PM2.5","Fire Station #8","13-121-0039","AQS"
"02/05/2002","52","PM2.5","Doraville","13-089-2001","AQS"
"02/06/2002","61","PM2.5","Doraville","13-089-2001","AQS"
"02/07/2002","53","PM2.5","Doraville","13-089-2001","AQS"
"02/08/2002","71","NO2","Georgia Tech, Ford Environmental Science and Technology Bldg, roof","13-121-0048","AQS"
"02/09/2002","75","PM2.5","E. Rivers School","13-121-0032","AQS"
"02/10/2002","59","PM2.5","Forest Park","13-063-0091","AQS"
"02/11/2002","47","PM2.5","South DeKalb","13-089-0002","AQS"
"02/12/2002","64","PM2.5","E. Rivers School","13-121-0032","AQS"
"02/13/2002","58","PM2.5","Yorkville, King Farm","13-223-0003","AQS"
"02/14/2002","62","PM2.5","Doraville","13-089-2001","AQS"
"02/15/2002","86","PM2.5","E. Rivers School","13-121-0032","AQS"
"02/16/2002","65","PM2.5","South DeKalb","13-089-0002","AQS"
"02/17/2002","39","Ozone","Georgia Station","13-231-9991","AQS"
"02/18/2002","55","PM2.5","Doraville","13-089-2001","AQS"
"02/19/2002","65","PM2.5","Fire Station #8","13-121-0039","AQS"
"02/20/2002","55","PM2.5","South DeKalb","13-089-0002","AQS"
"02/21/2002","57","NO2","Georgia Tech, Ford Environmental Science and Technology Bldg, roof","13-121-0048","AQS"
"02/22/2002","62","PM2.5","South DeKalb","13-089-0002","AQS"
"02/23/2002","61","PM2.5","South DeKalb","13-089-0002","AQS"
"02/24/2002","76","PM2.5","Doraville","13-089-2001","AQS"
"02/25/2002","87","PM2.5","Fire Station #8","13-121-0039","AQS"
"02/26/2002","63","PM2.5","Doraville","13-089-2001","AQS"
"02/27/2002","44","PM2.5","Doraville","13-089-2001","AQS"
"02/28/2002","60","PM2.5","Kennesaw","13-067-0003","AQS"
"03/01/2002","100","NO2","Georgia Tech, Ford Environmental Science and Technology Bldg, roof","13-121-0048","AQS"
"03/02/2002","52","PM2.5","Doraville","13-089-2001","AQS"
"03/03/2002","54","PM2.5","Kennesaw","13-067-0003","AQS"
"03/04/2002","46","PM2.5","E. Rivers School","13-121-0032","AQS"
"03/05/2002","66","NO2","Georgia Tech, Ford Environmental Science and Technology Bldg, roof","13-121-0048","AQS"
"03/06/2002","93","NO2","Georgia Tech, Ford Environmental Science and Technology Bldg, roof","13-121-0048","AQS"
"03/07/2002","70","PM2.5","South DeKalb","13-089-0002","AQS"
"03/08/2002","90","NO2","Georgia Tech, Ford Environmental Science and Technology Bldg, roof","13-121-0048","AQS"
"03/09/2002","51","PM2.5","Gwinnett","13-135-0002","AQS"
"03/10/2002","44","Ozone","Yorkville, King Farm","13-223-0003","AQS"
"03/11/2002","49","PM2.5","E. Rivers School","13-121-0032","AQS"
"03/12/2002","67","PM2.5","E. Rivers School","13-121-0032","AQS"
"03/13/2002","55","PM2.5","South DeKalb","13-089-0002","AQS"
"03/14/2002","63","PM2.5","E. Rivers School","13-121-0032","AQS"
"03/15/2002","66","PM2.5","Fire Station #8","13-121-0039","AQS"
"03/16/2002","57","PM2.5","South DeKalb","13-089-0002","AQS"
"03/17/2002","58","PM2.5","South DeKalb","13-089-0002","AQS"
"03/18/2002","64","PM2.5","Forest Park","13-063-0091","AQS"
"03/19/2002","76","PM2.5","E. Rivers School","13-121-0032","AQS"
"03/20/2002","57","PM2.5","E. Rivers School","13-121-0032","AQS"
"03/21/2002","53","PM2.5","Forest Park","13-063-0091","AQS"
"03/22/2002","45","PM2.5","E. Rivers School","13-121-0032","AQS"
"03/23/2002","53","PM2.5","South DeKalb","13-089-0002","AQS"
"03/24/2002","71","PM2.5","Fire Station #8","13-121-0039","AQS"
"03/25/2002","67","PM2.5","South DeKalb","13-089-0002","AQS"
"03/26/2002","61","PM2.5","South DeKalb","13-089-0002","AQS"
"03/27/2002","60","PM2.5","E. Rivers School","13-121-0032","AQS"
"03/28/2002","67","PM2.5","E. Rivers School","13-121-0032","AQS"
"03/29/2002","71","PM2.5","Doraville","13-089-2001","AQS"
"03/30/2002","50","PM2.5","Doraville","13-089-2001","AQS"
"03/31/2002","56","PM2.5","Doraville","13-089-2001","AQS"
"04/01/2002","54","PM2.5","South DeKalb","13-089-0002","AQS"
"04/02/2002","66","PM2.5","Forest Park","13-063-0091","AQS"
"04/03/2002","63","PM2.5","South DeKalb","13-089-0002","AQS"
"04/04/2002","63","PM2.5","South DeKalb","13-089-0002","AQS"
"04/05/2002","61","PM2.5","South DeKalb","13-089-0002","AQS"
"04/06/2002","71","Ozone","Yorkville, King Farm","13-223-0003","AQS"
"04/07/2002","87","Ozone","Yorkville, King Farm","13-223-0003","AQS"
"04/08/2002","65","PM2.5","Gwinnett","13-135-0002","AQS"
"04/09/2002","52","PM2.5","E. Rivers School","13-121-0032","AQS"
"04/10/2002","57","PM2.5","South DeKalb","13-089-0002","AQS"
"04/11/2002","59","PM2.5","South DeKalb","13-089-0002","AQS"
"04/12/2002","57","PM2.5","South DeKalb","13-089-0002","AQS"
"04/13/2002","53","PM2.5","South DeKalb","13-089-0002","AQS"
"04/14/2002","53","PM2.5","South DeKalb","13-089-0002","AQS"
"04/15/2002","59","PM2.5","South DeKalb","13-089-0002","AQS"
"04/16/2002","60","PM2.5","Doraville","13-089-2001","AQS"
"04/17/2002","75","PM2.5","Fire Station #8","13-121-0039","AQS"
"04/18/2002","78","PM2.5","South DeKalb","13-089-0002","AQS"
"04/19/2002","78","PM2.5","South DeKalb","13-089-0002","AQS"
"04/20/2002","77","PM2.5","Forest Park","13-063-0091","AQS"
"04/21/2002","69","PM2.5","E. Rivers School","13-121-0032","AQS"
"04/22/2002","56","PM2.5","South DeKalb","13-089-0002","AQS"
"04/23/2002","100","Ozone","Georgia Station","13-231-9991","AQS"
"04/24/2002","100","Ozone","Conyers","13-247-0001","AQS"
"04/25/2002","67","Ozone","Georgia Station","13-231-9991","AQS"
"04/26/2002","53","PM2.5","South DeKalb","13-089-0002","AQS"
"04/27/2002","63","PM2.5","South DeKalb","13-089-0002","AQS"
"04/28/2002","70","PM2.5","South DeKalb","13-089-0002","AQS"
"04/29/2002","71","Ozone","Douglasville","13-097-0004","AQS"
"04/30/2002","68","PM2.5","South DeKalb","13-089-0002","AQS"
"05/01/2002","66","PM2.5","South DeKalb","13-089-0002","AQS"
"05/02/2002","82","PM2.5","Fire Station #8","13-121-0039","AQS"
"05/03/2002","79","PM2.5","South DeKalb","13-089-0002","AQS"
"05/04/2002","58","PM2.5","South DeKalb","13-089-0002","AQS"
"05/05/2002","56","PM2.5","South DeKalb","13-089-0002","AQS"
"05/06/2002","65","PM2.5","South DeKalb","13-089-0002","AQS"
"05/07/2002","79","PM2.5","South DeKalb","13-089-0002","AQS"
"05/08/2002","83","PM2.5","Fire Station #8","13-121-0039","AQS"
"05/09/2002","69","PM2.5","South DeKalb","13-089-0002","AQS"
"05/10/2002","65","PM2.5","South DeKalb","13-089-0002","AQS"
"05/11/2002","90","Ozone","Yorkville, King Farm","13-223-0003","AQS"
"05/12/2002","75","PM2.5","E. Rivers School","13-121-0032","AQS"
"05/13/2002","58","PM2.5","Doraville","13-089-2001","AQS"
"05/14/2002","67","Ozone","Douglasville","13-097-0004","AQS"
"05/15/2002","87","Ozone","REINHARDT COLLEGE, SAMUEL C. DOBBS BUILDING","13-057-0001","AQS"
"05/16/2002","105","Ozone","Dawsonville","13-085-0001","AQS"
"05/17/2002","62","PM2.5","Fire Station #8","13-121-0039","AQS"
"05/18/2002","76","PM2.5","South DeKalb","13-089-0002","AQS"
"05/19/2002","52","PM2.5","South DeKalb","13-089-0002","AQS"
"05/20/2002","64","Ozone","Kennesaw","13-067-0003","AQS"
"05/21/2002","67","Ozone","Georgia Station","13-231-9991","AQS"
"05/22/2002","80","Ozone","Yorkville, King Farm","13-223-0003","AQS"
"05/23/2002","126","Ozone","South DeKalb","13-089-0002","AQS"
"05/24/2002","150","Ozone","Conyers","13-247-0001","AQS"
"05/25/2002","140","Ozone","Tucker-Idlewood Road","13-089-3001","AQS"
"05/26/2002","115","Ozone","United Avenue","13-121-0055","AQS"
"05/27/2002","90","Ozone","Kennesaw","13-067-0003","AQS"
"05/28/2002","97","Ozone","Yorkville, King Farm","13-223-0003","AQS"
"05/29/2002","91","PM2.5","Forest Park","13-063-0091","AQS"
"05/30/2002","55","PM2.5","South DeKalb","13-089-0002","AQS"
"05/31/2002","112","Ozone","Tucker-Idlewood Road","13-089-3001","AQS"
"06/01/2002","150","Ozone","McDonough","13-151-0002","AQS"
"06/02/2002","164","Ozone","McDonough","13-151-0002","AQS"
"06/03/2002","217","Ozone","McDonough","13-151-0002","AQS"
"06/04/2002","182","Ozone","Yorkville, King Farm","13-223-0003","AQS"
"06/05/2002","112","Ozone","Kennesaw","13-067-0003","AQS"
"06/06/2002","70","PM2.5","E. Rivers School","13-121-0032","AQS"
"06/07/2002","119","Ozone","Douglasville","13-097-0004","AQS"
"06/08/2002","90","Ozone","Kennesaw","13-067-0003","AQS"
"06/09/2002","133","Ozone","Douglasville","13-097-0004","AQS"
"06/10/2002","202","Ozone","Yorkville, King Farm","13-223-0003","AQS"
"06/11/2002","207","Ozone","Kennesaw","13-067-0003","AQS"
"06/12/2002","223","Ozone","McDonough","13-151-0002","AQS"
"06/13/2002","200","Ozone","Conyers","13-247-0001","AQS"
"06/14/2002","66","PM2.5","E. Rivers School","13-121-0032","AQS"
"06/15/2002","74","Ozone","McDonough","13-151-0002","AQS"
"06/16/2002","122","Ozone","McDonough","13-151-0002","AQS"
"06/17/2002","147","Ozone","Newnan","13-077-0002","AQS"
"06/18/2002","182","Ozone","Yorkville, King Farm","13-223-0003","AQS"
"06/19/2002","122","Ozone","Yorkville, King Farm","13-223-0003","AQS"
"06/20/2002","136","Ozone","Douglasville","13-097-0004","AQS"
"06/21/2002","129","Ozone","Yorkville, King Farm","13-223-0003","AQS"
"06/22/2002","77","Ozone","Yorkville, King Farm","13-223-0003","AQS"
"06/23/2002","39","PM2.5","E. Rivers School","13-121-0032","AQS"
"06/24/2002","50","Ozone","Yorkville, King Farm","13-223-0003","AQS"
"06/25/2002","59","PM2.5","Kennesaw","13-067-0003","AQS"
"06/26/2002","60","PM2.5","Doraville","13-089-2001","AQS"
"06/27/2002","53","PM2.5","South DeKalb","13-089-0002","AQS"
"06/28/2002","55","PM2.5","Fire Station #8","13-121-0039","AQS"
"06/29/2002","64","PM2.5","South DeKalb","13-089-0002","AQS"
"06/30/2002","80","Ozone","United Avenue","13-121-0055","AQS"
"07/01/2002","161","Ozone","Douglasville","13-097-0004","AQS"
"07/02/2002","185","Ozone","Conyers","13-247-0001","AQS"
"07/03/2002","122","Ozone","Conyers","13-247-0001","AQS"
"07/04/2002","177","Ozone","Douglasville","13-097-0004","AQS"
"07/05/2002","190","Ozone","United Avenue","13-121-0055","AQS"
"07/06/2002","192","Ozone","Douglasville","13-097-0004","AQS"
"07/07/2002","112","Ozone","Douglasville","13-097-0004","AQS"
"07/08/2002","150","Ozone","Douglasville","13-097-0004","AQS"
"07/09/2002","122","Ozone","Gwinnett","13-135-0002","AQS"
"07/10/2002","101","Ozone","Gwinnett","13-135-0002","AQS"
"07/11/2002","80","Ozone","Dawsonville","13-085-0001","AQS"
"07/12/2002","84","PM2.5","South DeKalb","13-089-0002","AQS"
"07/13/2002","73","PM2.5","E. Rivers School","13-121-0032","AQS"
"07/14/2002","74","Ozone","Gwinnett","13-135-0002","AQS"
"07/15/2002","136","Ozone","Conyers","13-247-0001","AQS"
"07/16/2002","154","Ozone","Conyers","13-247-0001","AQS"
"07/17/2002","192","Ozone","McDonough","13-151-0002","AQS"
"07/18/2002","97","Ozone","Conyers","13-247-0001","AQS"
"07/19/2002","64","Ozone","Conyers","13-247-0001","AQS"
"07/20/2002","126","Ozone","Conyers","13-247-0001","AQS"
"07/21/2002","126","Ozone","United Avenue","13-121-0055","AQS"
"07/22/2002","150","Ozone","Douglasville","13-097-0004","AQS"
"07/23/2002","159","Ozone","Tucker-Idlewood Road","13-089-3001","AQS"
"07/24/2002","75","PM2.5","Doraville","13-089-2001","AQS"
"07/25/2002","84","Ozone","Dawsonville","13-085-0001","AQS"
"07/26/2002","62","PM2.5","Doraville","13-089-2001","AQS"
"07/27/2002","71","Ozone","Gwinnett","13-135-0002","AQS"
"07/28/2002","56","PM2.5","Kennesaw","13-067-0003","AQS"
"07/29/2002","74","Ozone","Conyers","13-247-0001","AQS"
"07/30/2002","67","PM2.5","South DeKalb","13-089-0002","AQS"
"07/31/2002","84","Ozone","McDonough","13-151-0002","AQS"
"08/01/2002","201","Ozone","Newnan","13-077-0002","AQS"
"08/02/2002","172","Ozone","Douglasville","13-097-0004","AQS"
"08/03/2002","122","Ozone","Douglasville","13-097-0004","AQS"
"08/04/2002","119","Ozone","Douglasville","13-097-0004","AQS"
"08/05/2002","185","Ozone","United Avenue","13-121-0055","AQS"
"08/06/2002","174","Ozone","Newnan","13-077-0002","AQS"
"08/07/2002","166","Ozone","Douglasville","13-097-0004","AQS"
"08/08/2002","202","Ozone","United Avenue","13-121-0055","AQS"
"08/09/2002","208","Ozone","REINHARDT COLLEGE, SAMUEL C. DOBBS BUILDING","13-057-0001","AQS"
"08/10/2002","177","Ozone","Kennesaw","13-067-0003","AQS"
"08/11/2002","169","Ozone","Kennesaw","13-067-0003","AQS"
"08/12/2002","169","Ozone","Dawsonville","13-085-0001","AQS"
"08/13/2002","147","Ozone","Georgia Station","13-231-9991","AQS"
"08/14/2002","105","Ozone","Dawsonville","13-085-0001","AQS"
"08/15/2002","80","Ozone","Dawsonville","13-085-0001","AQS"
"08/16/2002","53","PM2.5","E. Rivers School","13-121-0032","AQS"
"08/17/2002","61","PM2.5","South DeKalb","13-089-0002","AQS"
"08/18/2002","63","PM2.5","Fire Station #8","13-121-0039","AQS"
"08/19/2002","90","Ozone","McDonough","13-151-0002","AQS"
"08/20/2002","122","Ozone","Georgia Station","13-231-9991","AQS"
"08/21/2002","143","Ozone","Kennesaw","13-067-0003","AQS"
"08/22/2002","122","Ozone","REINHARDT COLLEGE, SAMUEL C. DOBBS BUILDING","13-057-0001","AQS"
"08/23/2002","126","Ozone","South DeKalb","13-089-0002","AQS"
"08/24/2002","80","Ozone","Gwinnett","13-135-0002","AQS"
"08/25/2002","64","Ozone","Tucker-Idlewood Road","13-089-3001","AQS"
"08/26/2002","105","Ozone","Kennesaw","13-067-0003","AQS"
"08/27/2002","69","PM2.5","Yorkville, King Farm","13-223-0003","AQS"
"08/28/2002","67","PM2.5","South DeKalb","13-089-0002","AQS"
"08/29/2002","65","PM2.5","South DeKalb","13-089-0002","AQS"
"08/30/2002","60","PM2.5","South DeKalb","13-089-0002","AQS"
"08/31/2002","44","PM2.5","E. Rivers School","13-121-0032","AQS"
"09/01/2002","38","Ozone","Douglasville","13-097-0004","AQS"
"09/02/2002","56","PM2.5","Doraville","13-089-2001","AQS"
"09/03/2002","100","Ozone","Yorkville, King Farm","13-223-0003","AQS"
"09/04/2002","185","Ozone","Newnan","13-077-0002","AQS"
"09/05/2002","197","Ozone","Yorkville, King Farm","13-223-0003","AQS"
"09/06/2002","164","Ozone","Yorkville, King Farm","13-223-0003","AQS"
"09/07/2002","147","Ozone","Yorkville, King Farm","13-223-0003","AQS"
"09/08/2002","115","Ozone","Douglasville","13-097-0004","AQS"
"09/09/2002","187","Ozone","Newnan","13-077-0002","AQS"
"09/10/2002","185","Ozone","McDonough","13-151-0002","AQS"
"09/11/2002","197","Ozone","Georgia Station","13-231-9991","AQS"
"09/12/2002","185","Ozone","Yorkville, King Farm","13-223-0003","AQS"
"09/13/2002","63","PM2.5","South DeKalb","13-089-0002","AQS"
"09/14/2002","52","PM2.5","South DeKalb","13-089-0002","AQS"
"09/15/2002","47","PM2.5","South DeKalb","13-089-0002","AQS"
"09/16/2002","77","PM2.5","South DeKalb","13-089-0002","AQS"
"09/17/2002","100","Ozone","Georgia Station","13-231-9991","AQS"
"09/18/2002","60","PM2.5","South DeKalb","13-089-0002","AQS"
"09/19/2002","81","PM2.5","E. Rivers School","13-121-0032","AQS"
"09/20/2002","66","PM2.5","South DeKalb","13-089-0002","AQS"
"09/21/2002","55","PM2.5","South DeKalb","13-089-0002","AQS"
"09/22/2002","57","PM2.5","South DeKalb","13-089-0002","AQS"
"09/23/2002","68","PM2.5","Yorkville, King Farm","13-223-0003","AQS"
"09/24/2002","94","PM2.5","E. Rivers School","13-121-0032","AQS"
"09/25/2002","72","PM2.5","South DeKalb","13-089-0002","AQS"
"09/26/2002","55","PM2.5","South DeKalb","13-089-0002","AQS"
"09/27/2002","29","PM2.5","South DeKalb","13-089-0002","AQS"
"09/28/2002","53","PM2.5","South DeKalb","13-089-0002","AQS"
"09/29/2002","70","PM2.5","Yorkville, King Farm","13-223-0003","AQS"
"09/30/2002","71","PM2.5","E. Rivers School","13-121-0032","AQS"
"10/01/2002","69","PM2.5","Doraville","13-089-2001","AQS"
"10/02/2002","69","PM2.5","South DeKalb","13-089-0002","AQS"
"10/03/2002","66","PM2.5","South DeKalb","13-089-0002","AQS"
"10/04/2002","55","PM2.5","South DeKalb","13-089-0002","AQS"
"10/05/2002","72","PM2.5","Fire Station #8","13-121-0039","AQS"
"10/06/2002","74","PM2.5","South DeKalb","13-089-0002","AQS"
"10/07/2002","57","PM2.5","E. Rivers School","13-121-0032","AQS"
"10/08/2002","75","PM2.5","Kennesaw","13-067-0003","AQS"
"10/09/2002","75","PM2.5","South DeKalb","13-089-0002","AQS"
"10/10/2002","82","PM2.5","E. Rivers School","13-121-0032","AQS"
"10/11/2002","93","PM2.5","Fire Station #8","13-121-0039","AQS"
"10/12/2002","82","PM2.5","Doraville","13-089-2001","AQS"
"10/13/2002","57","PM2.5","Doraville","13-089-2001","AQS"
"10/14/2002","55","PM2.5","Forest Park","13-063-0091","AQS"
"10/15/2002","35","PM2.5","E. Rivers School","13-121-0032","AQS"
"10/16/2002","54","PM2.5","South DeKalb","13-089-0002","AQS"
"10/17/2002","62","PM2.5","South DeKalb","13-089-0002","AQS"
"10/18/2002","65","PM2.5","South DeKalb","13-089-0002","AQS"
"10/19/2002","69","PM2.5","E. Rivers School","13-121-0032","AQS"
"10/20/2002","70","PM2.5","Kennesaw","13-067-0003","AQS"
"10/21/2002","56","PM2.5","South DeKalb","13-089-0002","AQS"
"10/22/2002","73","PM2.5","South DeKalb","13-089-0002","AQS"
"10/23/2002","77","PM2.5","Gwinnett","13-135-0002","AQS"
"10/24/2002","73","PM2.5","Doraville","13-089-2001","AQS"
"10/25/2002","66","PM2.5","Doraville","13-089-2001","AQS"
"10/26/2002","57","PM2.5","South DeKalb","13-089-0002","AQS"
"10/27/2002","62","PM2.5","E. Rivers School","13-121-0032","AQS"
"10/28/2002","57","PM2.5","E. Rivers School","13-121-0032","AQS"
"10/29/2002","56","PM2.5","Fire Station #8","13-121-0039","AQS"
"10/30/2002","52","PM2.5","Doraville","13-089-2001","AQS"
"10/31/2002","50","PM2.5","Doraville","13-089-2001","AQS"
"11/01/2002","60","PM2.5","Forest Park","13-063-0091","AQS"
"11/02/2002","52","PM2.5","South DeKalb","13-089-0002","AQS"
"11/03/2002","54","PM2.5","E. Rivers School","13-121-0032","AQS"
"11/04/2002","61","PM2.5","Fire Station #8","13-121-0039","AQS"
"11/05/2002","50","PM2.5","E. Rivers School","13-121-0032","AQS"
"11/06/2002","42","PM2.5","South DeKalb","13-089-0002","AQS"
"11/07/2002","61","PM2.5","South DeKalb","13-089-0002","AQS"
"11/08/2002","71","PM2.5","E. Rivers School","13-121-0032","AQS"
"11/09/2002","70","PM2.5","South DeKalb","13-089-0002","AQS"
"11/10/2002","54","PM2.5","Fire Station #8","13-121-0039","AQS"
"11/11/2002","50","PM2.5","Doraville","13-089-2001","AQS"
"11/12/2002","51","PM2.5","Doraville","13-089-2001","AQS"
"11/13/2002","56","PM2.5","E. Rivers School","13-121-0032","AQS"
"11/14/2002","68","PM2.5","South DeKalb","13-089-0002","AQS"
"11/15/2002","74","PM2.5","South DeKalb","13-089-0002","AQS"
"11/16/2002","53","PM2.5","South DeKalb","13-089-0002","AQS"
"11/17/2002","52","PM2.5","E. Rivers School","13-121-0032","AQS"
"11/18/2002","67","PM2.5","E. Rivers School","13-121-0032","AQS"
"11/19/2002","77","PM2.5","Fire Station #8","13-121-0039","AQS"
"11/20/2002","86","PM2.5","South DeKalb","13-089-0002","AQS"
"11/21/2002","67","PM2.5","E. Rivers School","13-121-0032","AQS"
"11/22/2002","44","PM2.5","Fire Station #8","13-121-0039","AQS"
"11/23/2002","59","PM2.5","E. Rivers School","13-121-0032","AQS"
"11/24/2002","84","PM2.5","E. Rivers School","13-121-0032","AQS"
"11/25/2002","101","PM2.5","Fire Station #8","13-121-0039","AQS"
"11/26/2002","82","PM2.5","E. Rivers School","13-121-0032","AQS"
"11/27/2002","59","PM2.5","Doraville","13-089-2001","AQS"
"11/28/2002","63","PM2.5","E. Rivers School","13-121-0032","AQS"
"11/29/2002","59","PM2.5","E. Rivers School","13-121-0032","AQS"
"11/30/2002","43","PM2.5","South DeKalb","13-089-0002","AQS"
"12/01/2002","61","PM2.5","E. Rivers School","13-121-0032","AQS"
"12/02/2002","63","PM2.5","South DeKalb","13-089-0002","AQS"
"12/03/2002","73","PM2.5","South DeKalb","13-089-0002","AQS"
"12/04/2002","81","PM2.5","Forest Park","13-063-0091","AQS"
"12/05/2002","50","PM2.5","Doraville","13-089-2001","AQS"
"12/06/2002","62","PM2.5","Doraville","13-089-2001","AQS"
"12/07/2002","91","PM2.5","E. Rivers School","13-121-0032","AQS"
"12/08/2002","91","PM2.5","South DeKalb","13-089-0002","AQS"
"12/09/2002","67","PM2.5","Doraville","13-089-2001","AQS"
"12/10/2002","71","PM2.5","E. Rivers School","13-121-0032","AQS"
"12/11/2002","57","PM2.5","South DeKalb","13-089-0002","AQS"
"12/12/2002","79","PM2.5","South DeKalb","13-089-0002","AQS"
"12/13/2002","41","PM2.5","South DeKalb","13-089-0002","AQS"
"12/14/2002","55","PM2.5","E. Rivers School","13-121-0032","AQS"
"12/15/2002","69","PM2.5","E. Rivers School","13-121-0032","AQS"
"12/16/2002","80","PM2.5","Fire Station #8","13-121-0039","AQS"
"12/17/2002","82","PM2.5","South DeKalb","13-089-0002","AQS"
"12/18/2002","59","PM2.5","Kennesaw","13-067-0003","AQS"
"12/19/2002","74","PM2.5","Fire Station #8","13-121-0039","AQS"
"12/20/2002","36","NO2","Tucker-Idlewood Road","13-089-3001","AQS"
"12/21/2002","41","PM2.5","South DeKalb","13-089-0002","AQS"
"12/22/2002","53","PM2.5","Fire Station #8","13-121-0039","AQS"
"12/23/2002","57","PM2.5","E. Rivers School","13-121-0032","AQS"
"12/24/2002","55","PM2.5","South DeKalb","13-089-0002","AQS"
"12/25/2002","44","PM2.5","E. Rivers School","13-121-0032","AQS"
"12/26/2002","62","PM2.5","E. Rivers School","13-121-0032","AQS"
"12/27/2002","106","PM2.5","South DeKalb","13-089-0002","AQS"
"12/28/2002","71","PM2.5","E. Rivers School","13-121-0032","AQS"
"12/29/2002","67","PM2.5","E. Rivers School","13-121-0032","AQS"
"12/30/2002","108","NO2","Georgia Tech, Ford Environmental Science and Technology Bldg, roof","13-121-0048","AQS"
"12/31/2002","61","PM2.5","Fire Station #8","13-121-0039","AQS"
"01/01/2003","29","Ozone","Georgia Station","13-231-9991","AQS"
"01/02/2003","32","PM2.5","Doraville","13-089-2001","AQS"
"01/03/2003","42","PM2.5","Forest Park","13-063-0091","AQS"
"01/04/2003","62","PM2.5","E. Rivers School","13-121-0032","AQS"
"01/05/2003","68","PM2.5","E. Rivers School","13-121-0032","AQS"
"01/06/2003","56","PM2.5","E. Rivers School","13-121-0032","AQS"
"01/07/2003","54","PM2.5","E. Rivers School","13-121-0032","AQS"
"01/08/2003","52","PM2.5","Doraville","13-089-2001","AQS"
"01/09/2003","62","PM2.5","Fire Station #8","13-121-0039","AQS"
"01/10/2003","37","PM2.5","E. Rivers School","13-121-0032","AQS"
"01/11/2003","40","PM2.5","Doraville","13-089-2001","AQS"
"01/12/2003","48","PM2.5","Forest Park","13-063-0091","AQS"
"01/13/2003","60","PM2.5","South DeKalb","13-089-0002","AQS"
"01/14/2003","59","PM2.5","E. Rivers School","13-121-0032","AQS"
"01/15/2003","57","PM2.5","E. Rivers School","13-121-0032","AQS"
"01/16/2003","66","PM2.5","South DeKalb","13-089-0002","AQS"
"01/17/2003","51","PM2.5","E. Rivers School","13-121-0032","AQS"
"01/18/2003","59","PM2.5","Kennesaw","13-067-0003","AQS"
"01/19/2003","45","PM2.5","Doraville","13-089-2001","AQS"
"01/20/2003","58","PM2.5","South DeKalb","13-089-0002","AQS"
"01/21/2003","61","PM2.5","Kennesaw","13-067-0003","AQS"
"01/22/2003","74","PM2.5","Doraville","13-089-2001","AQS"
"01/23/2003","53","PM2.5","South DeKalb","13-089-0002","AQS"
"01/24/2003","57","PM2.5","South DeKalb","13-089-0002","AQS"
"01/25/2003","61","PM2.5","E. Rivers School","13-121-0032","AQS"
"01/26/2003","61","PM2.5","E. Rivers School","13-121-0032","AQS"
"01/27/2003","63","PM2.5","Forest Park","13-063-0091","AQS"
"01/28/2003","73","NO2","Georgia Tech, Ford Environmental Science and Technology Bldg, roof","13-121-0048","AQS"
"01/29/2003","65","PM2.5","South DeKalb","13-089-0002","AQS"
"01/30/2003","61","PM2.5","Fire Station #8","13-121-0039","AQS"
"01/31/2003","63","PM2.5","E. Rivers School","13-121-0032","AQS"
"02/01/2003","53","PM2.5","South DeKalb","13-089-0002","AQS"
"02/02/2003","64","PM2.5","Fire Station #8","13-121-0039","AQS"
"02/03/2003","58","PM2.5","Doraville","13-089-2001","AQS"
"02/04/2003","29","PM2.5","E. Rivers School","13-121-0032","AQS"
"02/05/2003","48","PM2.5","Forest Park","13-063-0091","AQS"
"02/06/2003","58","PM2.5","Doraville","13-089-2001","AQS"
"02/07/2003","56","PM2.5","Doraville","13-089-2001","AQS"
"02/08/2003","57","PM2.5","Kennesaw","13-067-0003","AQS"
"02/09/2003","52","PM2.5","E. Rivers School","13-121-0032","AQS"
"02/10/2003","53","PM2.5","Doraville","13-089-2001","AQS"
"02/11/2003","58","PM2.5","Fire Station #8","13-121-0039","AQS"
"02/12/2003","41","Ozone","Georgia Station","13-231-9991","AQS"
"02/13/2003","51","NO2","Georgia Tech, Ford Environmental Science and Technology Bldg, roof","13-121-0048","AQS"
"02/14/2003","75","PM2.5","Doraville","13-089-2001","AQS"
"02/15/2003","70","PM2.5","Doraville","13-089-2001","AQS"
"02/16/2003","45","PM2.5","E. Rivers School","13-121-0032","AQS"
"02/17/2003","59","PM2.5","Doraville","13-089-2001","AQS"
"02/18/2003","75","PM2.5","E. Rivers School","13-121-0032","AQS"
"02/19/2003","85","PM2.5","Doraville","13-089-2001","AQS"
"02/20/2003","81","PM2.5","Fire Station #8","13-121-0039","AQS"
"02/21/2003","99","PM2.5","Doraville","13-089-2001","AQS"
"02/22/2003","58","PM2.5","E. Rivers School","13-121-0032","AQS"
"02/23/2003","56","PM2.5","MACLAND AQUATIC CENTER","13-067-0004","AQS"
"02/24/2003","58","PM2.5","South DeKalb","13-089-0002","AQS"
"02/25/2003","64","PM2.5","South DeKalb","13-089-0002","AQS"
"02/26/2003","77","PM2.5","Kennesaw","13-067-0003","AQS"
"02/27/2003","46","PM2.5","E. Rivers School","13-121-0032","AQS"
"02/28/2003","65","PM2.5","E. Rivers School","13-121-0032","AQS"
"03/01/2003","65","PM2.5","E. Rivers School","13-121-0032","AQS"
"03/02/2003","57","PM2.5","E. Rivers School","13-121-0032","AQS"
"03/03/2003","61","PM2.5","E. Rivers School","13-121-0032","AQS"
"03/04/2003","67","PM2.5","Fire Station #8","13-121-0039","AQS"
"03/05/2003","52","PM2.5","E. Rivers School","13-121-0032","AQS"
"03/06/2003","39","PM2.5","Doraville","13-089-2001","AQS"
"03/07/2003","59","PM2.5","Kennesaw","13-067-0003","AQS"
"03/08/2003","62","PM2.5","Doraville","13-089-2001","AQS"
"03/09/2003","58","PM2.5","South DeKalb","13-089-0002","AQS"
"03/10/2003","58","PM2.5","Forest Park","13-063-0091","AQS"
"03/11/2003","84","Ozone","Georgia Station","13-231-9991","AQS"
"03/12/2003","77","PM2.5","Doraville","13-089-2001","AQS"
"03/13/2003","79","PM2.5","Fire Station #8","13-121-0039","AQS"
"03/14/2003","63","PM2.5","E. Rivers School","13-121-0032","AQS"
"03/15/2003","82","PM2.5","Kennesaw","13-067-0003","AQS"
"03/16/2003","62","PM2.5","Yorkville, King Farm","13-223-0003","AQS"
"03/17/2003","53","PM2.5","Doraville","13-089-2001","AQS"
"03/18/2003","45","PM2.5","Doraville","13-089-2001","AQS"
"03/19/2003","55","PM2.5","E. Rivers School","13-121-0032","AQS"
"03/20/2003","44","PM2.5","Doraville","13-089-2001","AQS"
"03/21/2003","49","PM2.5","E. Rivers School","13-121-0032","AQS"
"03/22/2003","64","PM2.5","South DeKalb","13-089-0002","AQS"
"03/23/2003","59","PM2.5","E. Rivers School","13-121-0032","AQS"
"03/24/2003","77","Ozone","Conyers","13-247-0001","AQS"
"03/25/2003","108","Ozone","Georgia Station","13-231-9991","AQS"
"03/26/2003","77","PM2.5","South DeKalb","13-089-0002","AQS"
"03/27/2003","62","PM2.5","South DeKalb","13-089-0002","AQS"
"03/28/2003","64","PM2.5","Kennesaw","13-067-0003","AQS"
"03/29/2003","60","PM2.5","South DeKalb","13-089-0002","AQS"
"03/30/2003","52","PM2.5","South DeKalb","13-089-0002","AQS"
"03/31/2003","56","PM2.5","Fire Station #8","13-121-0039","AQS"
"04/01/2003","97","Ozone","Georgia Station","13-231-9991","AQS"
"04/02/2003","61","Ozone","Dawsonville","13-085-0001","AQS"
"04/03/2003","84","Ozone","Dawsonville","13-085-0001","AQS"
"04/04/2003","59","PM2.5","South DeKalb","13-089-0002","AQS"
"04/05/2003","64","Ozone","Dawsonville","13-085-0001","AQS"
"04/06/2003","66","PM2.5","Doraville","13-089-2001","AQS"
"04/07/2003","60","PM2.5","E. Rivers School","13-121-0032","AQS"
"04/08/2003","63","PM2.5","E. Rivers School","13-121-0032","AQS"
"04/09/2003","41","PM2.5","Doraville","13-089-2001","AQS"
"04/10/2003","32","PM2.5","Doraville","13-089-2001","AQS"
"04/11/2003","57","PM2.5","Yorkville, King Farm","13-223-0003","AQS"
"04/12/2003","122","Ozone","Yorkville, King Farm","13-223-0003","AQS"
"04/13/2003","140","Ozone","Yorkville, King Farm","13-223-0003","AQS"
"04/14/2003","150","Ozone","Yorkville, King Farm","13-223-0003","AQS"
"04/15/2003","122","Ozone","Dawsonville","13-085-0001","AQS"
"04/16/2003","90","Ozone","Dawsonville","13-085-0001","AQS"
"04/17/2003","66","PM2.5","E. Rivers School","13-121-0032","AQS"
"04/18/2003","65","PM2.5","Forest Park","13-063-0091","AQS"
"04/19/2003","56","PM2.5","Yorkville, King Farm","13-223-0003","AQS"
"04/20/2003","69","PM2.5","Yorkville, King Farm","13-223-0003","AQS"
"04/21/2003","72","PM2.5","Fire Station #8","13-121-0039","AQS"
"04/22/2003","47","Ozone","Newnan","13-077-0002","AQS"
"04/23/2003","56","PM2.5","South DeKalb","13-089-0002","AQS"
"04/24/2003","72","PM2.5","Forest Park","13-063-0091","AQS"
"04/25/2003","54","PM2.5","E. Rivers School","13-121-0032","AQS"
"04/26/2003","58","Ozone","Conyers","13-247-0001","AQS"
"04/27/2003","100","Ozone","Douglasville","13-097-0004","AQS"
"04/28/2003","108","Ozone","Dawsonville","13-085-0001","AQS"
"04/29/2003","147","Ozone","United Avenue","13-121-0055","AQS"
"04/30/2003","126","Ozone","South DeKalb","13-089-0002","AQS"
"05/01/2003","77","Ozone","United Avenue","13-121-0055","AQS"
"05/02/2003","67","Ozone","McDonough","13-151-0002","AQS"
"05/03/2003","67","PM2.5","Kennesaw","13-067-0003","AQS"
"05/04/2003","131","PM2.5","Doraville","13-089-2001","AQS"
"05/05/2003","63","PM2.5","E. Rivers School","13-121-0032","AQS"
"05/06/2003","39","PM2.5","Kennesaw","13-067-0003","AQS"
"05/07/2003","60","PM2.5","South DeKalb","13-089-0002","AQS"
"05/08/2003","71","PM2.5","Fire Station #8","13-121-0039","AQS"
"05/09/2003","60","PM2.5","South DeKalb","13-089-0002","AQS"
"05/10/2003","59","PM2.5","E. Rivers School","13-121-0032","AQS"
"05/11/2003","56","PM2.5","E. Rivers School","13-121-0032","AQS"
"05/12/2003","53","PM2.5","Kennesaw","13-067-0003","AQS"
"05/13/2003","80","Ozone","Dawsonville","13-085-0001","AQS"
"05/14/2003","66","PM2.5","E. Rivers School","13-121-0032","AQS"
"05/15/2003","71","PM2.5","E. Rivers School","13-121-0032","AQS"
"05/16/2003","85","PM2.5","Forest Park","13-063-0091","AQS"
"05/17/2003","80","PM2.5","E. Rivers School","13-121-0032","AQS"
"05/18/2003","51","PM2.5","Forest Park","13-063-0091","AQS"
"05/19/2003","57","PM2.5","E. Rivers School","13-121-0032","AQS"
"05/20/2003","63","PM2.5","E. Rivers School","13-121-0032","AQS"
"05/21/2003","60","PM2.5","MACLAND AQUATIC CENTER","13-067-0004","AQS"
"05/22/2003","36","Ozone","Yorkville, King Farm","13-223-0003","AQS"
"05/23/2003","51","PM2.5","Doraville","13-089-2001","AQS"
"05/24/2003","100","Ozone","United Avenue","13-121-0055","AQS"
"05/25/2003","122","Ozone","Gwinnett","13-135-0002","AQS"
"05/26/2003","69","PM2.5","Doraville","13-089-2001","AQS"
"05/27/2003","77","Ozone","DOT STORAGE FACILITY","13-113-0001","AQS"
"05/28/2003","97","Ozone","Conyers","13-247-0001","AQS"
"05/29/2003","74","Ozone","Conyers","13-247-0001","AQS"
"05/30/2003","87","Ozone","Conyers","13-247-0001","AQS"
"05/31/2003","105","Ozone","United Avenue","13-121-0055","AQS"
"06/01/2003","101","Ozone","Conyers","13-247-0001","AQS"
"06/02/2003","126","Ozone","Douglasville","13-097-0004","AQS"
"06/03/2003","61","PM2.5","Yorkville, King Farm","13-223-0003","AQS"
"06/04/2003","87","Ozone","Gwinnett","13-135-0002","AQS"
"06/05/2003","156","Ozone","Conyers","13-247-0001","AQS"
"06/06/2003","74","PM2.5","South DeKalb","13-089-0002","AQS"
"06/07/2003","49","PM2.5","E. Rivers School","13-121-0032","AQS"
"06/08/2003","67","PM2.5","Gwinnett","13-135-0002","AQS"
"06/09/2003","90","Ozone","Gwinnett","13-135-0002","AQS"
"06/10/2003","150","Ozone","Gwinnett","13-135-0002","AQS"
"06/11/2003","156","PM2.5","Fire Station #8","13-121-0039","AQS"
"06/12/2003","52","PM2.5","E. Rivers School","13-121-0032","AQS"
"06/13/2003","39","PM2.5","E. Rivers School","13-121-0032","AQS"
"06/14/2003","54","PM2.5","E. Rivers School","13-121-0032","AQS"
"06/15/2003","65","PM2.5","South DeKalb","13-089-0002","AQS"
"06/16/2003","75","PM2.5","E. Rivers School","13-121-0032","AQS"
"06/17/2003","57","PM2.5","E. Rivers School","13-121-0032","AQS"
"06/18/2003","46","PM2.5","E. Rivers School","13-121-0032","AQS"
"06/19/2003","68","PM2.5","E. Rivers School","13-121-0032","AQS"
"06/20/2003","140","Ozone","McDonough","13-151-0002","AQS"
"06/21/2003","133","Ozone","McDonough","13-151-0002","AQS"
"06/22/2003","147","Ozone","Newnan","13-077-0002","AQS"
"06/23/2003","195","Ozone","Kennesaw","13-067-0003","AQS"
"06/24/2003","203","Ozone","Gwinnett","13-135-0002","AQS"
"06/25/2003","203","Ozone","Kennesaw","13-067-0003","AQS"
"06/26/2003","172","Ozone","Gwinnett","13-135-0002","AQS"
"06/27/2003","90","PM2.5","E. Rivers School","13-121-0032","AQS"
"06/28/2003","76","PM2.5","E. Rivers School","13-121-0032","AQS"
"06/29/2003","87","Ozone","Kennesaw","13-067-0003","AQS"
"06/30/2003","63","PM2.5","E. Rivers School","13-121-0032","AQS"
"07/01/2003","52","PM2.5","E. Rivers School","13-121-0032","AQS"
"07/02/2003","72","PM2.5","Gwinnett","13-135-0002","AQS"
"07/03/2003","108","Ozone","Conyers","13-247-0001","AQS"
"07/04/2003","72","PM2.5","Yorkville, King Farm","13-223-0003","AQS"
"07/05/2003","56","PM2.5","E. Rivers School","13-121-0032","AQS"
"07/06/2003","63","PM2.5","E. Rivers School","13-121-0032","AQS"
"07/07/2003","82","PM2.5","E. Rivers School","13-121-0032","AQS"
"07/08/2003","105","Ozone","Tucker-Idlewood Road","13-089-3001","AQS"
"07/09/2003","65","PM2.5","E. Rivers School","13-121-0032","AQS"
"07/10/2003","60","PM2.5","E. Rivers School","13-121-0032","AQS"
"07/11/2003","59","PM2.5","Fire Station #8","13-121-0039","AQS"
"07/12/2003","122","Ozone","Tucker-Idlewood Road","13-089-3001","AQS"
"07/13/2003","100","Ozone","Gwinnett","13-135-0002","AQS"
"07/14/2003","68","PM2.5","E. Rivers School","13-121-0032","AQS"
"07/15/2003","105","Ozone","Gwinnett","13-135-0002","AQS"
"07/16/2003","72","PM2.5","South DeKalb","13-089-0002","AQS"
"07/17/2003","147","Ozone","United Avenue","13-121-0055","AQS"
"07/18/2003","174","Ozone","Tucker-Idlewood Road","13-089-3001","AQS"
"07/19/2003","105","Ozone","Tucker-Idlewood Road","13-089-3001","AQS"
"07/20/2003","101","Ozone","Tucker-Idlewood Road","13-089-3001","AQS"
"07/21/2003","77","Ozone","Dawsonville","13-085-0001","AQS"
"07/22/2003","56","PM2.5","South DeKalb","13-089-0002","AQS"
"07/23/2003","68","PM2.5","Fire Station #8","13-121-0039","AQS"
"07/24/2003","126","Ozone","Conyers","13-247-0001","AQS"
"07/25/2003","143","Ozone","Yorkville, King Farm","13-223-0003","AQS"
"07/26/2003","62","PM2.5","Forest Park","13-063-0091","AQS"
"07/27/2003","66","PM2.5","South DeKalb","13-089-0002","AQS"
"07/28/2003","101","Ozone","Conyers","13-247-0001","AQS"
"07/29/2003","119","Ozone","Conyers","13-247-0001","AQS"
"07/30/2003","93","Ozone","South DeKalb","13-089-0002","AQS"
"07/31/2003","69","PM2.5","E. Rivers School","13-121-0032","AQS"
"08/01/2003","77","PM2.5","Gwinnett","13-135-0002","AQS"
"08/02/2003","92","PM2.5","E. Rivers School","13-121-0032","AQS"
"08/03/2003","64","PM2.5","E. Rivers School","13-121-0032","AQS"
"08/04/2003","65","PM2.5","Fire Station #8","13-121-0039","AQS"
"08/05/2003","62","PM2.5","South DeKalb","13-089-0002","AQS"
"08/06/2003","55","PM2.5","Doraville","13-089-2001","AQS"
"08/07/2003","75","PM2.5","Fire Station #8","13-121-0039","AQS"
"08/08/2003","133","Ozone","McDonough","13-151-0002","AQS"
"08/09/2003","140","Ozone","McDonough","13-151-0002","AQS"
"08/10/2003","112","Ozone","United Avenue","13-121-0055","AQS"
"08/11/2003","88","PM2.5","South DeKalb","13-089-0002","AQS"
"08/12/2003","92","PM2.5","E. Rivers School","13-121-0032","AQS"
"08/13/2003","66","PM2.5","Kennesaw","13-067-0003","AQS"
"08/14/2003","67","Ozone","Douglasville","13-097-0004","AQS"
"08/15/2003","108","Ozone","Douglasville","13-097-0004","AQS"
"08/16/2003","83","PM2.5","Doraville","13-089-2001","AQS"
"08/17/2003","100","Ozone","Tucker-Idlewood Road","13-089-3001","AQS"
"08/18/2003","126","Ozone","Kennesaw","13-067-0003","AQS"
"08/19/2003","150","Ozone","Douglasville","13-097-0004","AQS"
"08/20/2003","120","PM2.5","Yorkville, King Farm","13-223-0003","AQS"
"08/21/2003","108","Ozone","Kennesaw","13-067-0003","AQS"
"08/22/2003","126","Ozone","Kennesaw","13-067-0003","AQS"
"08/23/2003","112","Ozone","Tucker-Idlewood Road","13-089-3001","AQS"
"08/24/2003","97","PM2.5","South DeKalb","13-089-0002","AQS"
"08/25/2003","151","Ozone","Douglasville","13-097-0004","AQS"
"08/26/2003","185","Ozone","United Avenue","13-121-0055","AQS"
"08/27/2003","156","Ozone","Tucker-Idlewood Road","13-089-3001","AQS"
"08/28/2003","108","Ozone","Dawsonville","13-085-0001","AQS"
"08/29/2003","58","PM2.5","E. Rivers School","13-121-0032","AQS"
"08/30/2003","57","PM2.5","E. Rivers School","13-121-0032","AQS"
"08/31/2003","70","PM10","Doraville","13-089-2001","AQS"
"09/01/2003","69","PM2.5","South DeKalb","13-089-0002","AQS"
"09/02/2003","65","PM2.5","South DeKalb","13-089-0002","AQS"
"09/03/2003","59","PM2.5","Kennesaw","13-067-0003","AQS"
"09/04/2003","58","PM2.5","South DeKalb","13-089-0002","AQS"
"09/05/2003","84","Ozone","Douglasville","13-097-0004","AQS"
"09/06/2003","91","PM2.5","Kennesaw","13-067-0003","AQS"
"09/07/2003","80","PM2.5","Doraville","13-089-2001","AQS"
"09/08/2003","97","Ozone","McDonough","13-151-0002","AQS"
"09/09/2003","105","Ozone","Douglasville","13-097-0004","AQS"
"09/10/2003","86","PM2.5","Yorkville, King Farm","13-223-0003","AQS"
"09/11/2003","84","Ozone","Douglasville","13-097-0004","AQS"
"09/12/2003","129","Ozone","Yorkville, King Farm","13-223-0003","AQS"
"09/13/2003","69","PM2.5","Doraville","13-089-2001","AQS"
"09/14/2003","66","PM2.5","Doraville","13-089-2001","AQS"
"09/15/2003","62","PM2.5","Forest Park","13-063-0091","AQS"
"09/16/2003","80","Ozone","Yorkville, King Farm","13-223-0003","AQS"
"09/17/2003","90","Ozone","Yorkville, King Farm","13-223-0003","AQS"
"09/18/2003","105","Ozone","Conyers","13-247-0001","AQS"
"09/19/2003","126","Ozone","Conyers","13-247-0001","AQS"
"09/20/2003","164","Ozone","Douglasville","13-097-0004","AQS"
"09/21/2003","87","PM2.5","Yorkville, King Farm","13-223-0003","AQS"
"09/22/2003","57","PM2.5","Gwinnett","13-135-0002","AQS"
"09/23/2003","58","Ozone","Georgia Station","13-231-9991","AQS"
"09/24/2003","87","Ozone","Yorkville, King Farm","13-223-0003","AQS"
"09/25/2003","97","Ozone","Kennesaw","13-067-0003","AQS"
"09/26/2003","112","Ozone","Yorkville, King Farm","13-223-0003","AQS"
"09/27/2003","75","PM2.5","Gwinnett","13-135-0002","AQS"
"09/28/2003","42","PM2.5","South DeKalb","13-089-0002","AQS"
"09/29/2003","41","PM2.5","Newnan","13-077-0002","AQS"
"09/30/2003","56","PM2.5","South DeKalb","13-089-0002","AQS"
"10/01/2003","60","PM2.5","South DeKalb","13-089-0002","AQS"
"10/02/2003","54","PM2.5","McDonough","13-151-0002","AQS"
"10/03/2003","61","PM2.5","Yorkville, King Farm","13-223-0003","AQS"
"10/04/2003","90","Ozone","Douglasville","13-097-0004","AQS"
"10/05/2003","93","Ozone","McDonough","13-151-0002","AQS"
"10/06/2003","81","PM2.5","Newnan","13-077-0002","AQS"
"10/07/2003","86","PM2.5","Newnan","13-077-0002","AQS"
"10/08/2003","64","PM2.5","Gwinnett","13-135-0002","AQS"
"10/09/2003","145","PM2.5","Fire Station #8","13-121-0039","AQS"
"10/10/2003","66","PM2.5","Gwinnett","13-135-0002","AQS"
"10/11/2003","57","PM2.5","Newnan","13-077-0002","AQS"
"10/12/2003","72","PM2.5","Gwinnett","13-135-0002","AQS"
"10/13/2003","69","PM2.5","South DeKalb","13-089-0002","AQS"
"10/14/2003","68","PM2.5","South DeKalb","13-089-0002","AQS"
"10/15/2003","56","PM2.5","Fire Station #8","13-121-0039","AQS"
"10/16/2003","67","PM2.5","South DeKalb","13-089-0002","AQS"
"10/17/2003","83","PM2.5","South DeKalb","13-089-0002","AQS"
"10/18/2003","79","PM2.5","Fire Station #8","13-121-0039","AQS"
"10/19/2003","68","PM2.5","South DeKalb","13-089-0002","AQS"
"10/20/2003","87","Ozone","Dawsonville","13-085-0001","AQS"
"10/21/2003","93","Ozone","Dawsonville","13-085-0001","AQS"
"10/22/2003","63","PM2.5","South DeKalb","13-089-0002","AQS"
"10/23/2003","57","PM2.5","South DeKalb","13-089-0002","AQS"
"10/24/2003","70","PM2.5","Fire Station #8","13-121-0039","AQS"
"10/25/2003","77","PM2.5","Newnan","13-077-0002","AQS"
"10/26/2003","88","PM2.5","Doraville","13-089-2001","AQS"
"10/27/2003","58","PM2.5","Fire Station #8","13-121-0039","AQS"
"10/28/2003","59","PM2.5","Newnan","13-077-0002","AQS"
"10/29/2003","61","PM2.5","Doraville","13-089-2001","AQS"
"10/30/2003","74","PM2.5","Forest Park","13-063-0091","AQS"
"10/31/2003","69","PM2.5","Gwinnett","13-135-0002","AQS"
"11/01/2003","74","PM2.5","Gwinnett","13-135-0002","AQS"
"11/02/2003","87","Ozone","Georgia Station","13-231-9991","AQS"
"11/03/2003","73","PM2.5","E. Rivers School","13-121-0032","AQS"
"11/04/2003","69","PM2.5","Gwinnett","13-135-0002","AQS"
"11/05/2003","55","PM2.5","E. Rivers School","13-121-0032","AQS"
"11/06/2003","56","PM2.5","E. Rivers School","13-121-0032","AQS"
"11/07/2003","62","PM2.5","Doraville","13-089-2001","AQS"
"11/08/2003","58","PM2.5","Newnan","13-077-0002","AQS"
"11/09/2003","60","PM2.5","E. Rivers School","13-121-0032","AQS"
"11/10/2003","57","PM2.5","E. Rivers School","13-121-0032","AQS"
"11/11/2003","66","PM2.5","MACLAND AQUATIC CENTER","13-067-0004","AQS"
"11/12/2003","59","PM2.5","E. Rivers School","13-121-0032","AQS"
"11/13/2003","37","Ozone","Georgia Station","13-231-9991","AQS"
"11/14/2003","61","PM2.5","McDonough","13-151-0002","AQS"
"11/15/2003","84","PM2.5","McDonough","13-151-0002","AQS"
"11/16/2003","76","PM2.5","Gwinnett","13-135-0002","AQS"
"11/17/2003","68","PM2.5","Gwinnett","13-135-0002","AQS"
"11/18/2003","51","PM2.5","Fire Station #8","13-121-0039","AQS"
"11/19/2003","33","PM2.5","South DeKalb","13-089-0002","AQS"
"11/20/2003","52","PM2.5","Fire Station #8","13-121-0039","AQS"
"11/21/2003","62","PM2.5","E. Rivers School","13-121-0032","AQS"
"11/22/2003","77","PM2.5","E. Rivers School","13-121-0032","AQS"
"11/23/2003","75","PM2.5","Gwinnett","13-135-0002","AQS"
"11/24/2003","43","PM2.5","South DeKalb","13-089-0002","AQS"
"11/25/2003","52","PM2.5","Doraville","13-089-2001","AQS"
"11/26/2003","63","PM2.5","South DeKalb","13-089-0002","AQS"
"11/27/2003","74","PM2.5","E. Rivers School","13-121-0032","AQS"
"11/28/2003","30","Ozone","Georgia Station","13-231-9991","AQS"
"11/29/2003","56","PM2.5","Fire Station #8","13-121-0039","AQS"
"11/30/2003","71","PM2.5","E. Rivers School","13-121-0032","AQS"
"12/01/2003","57","PM2.5","E. Rivers School","13-121-0032","AQS"
"12/02/2003","52","PM2.5","Forest Park","13-063-0091","AQS"
"12/03/2003","58","PM2.5","E. Rivers School","13-121-0032","AQS"
"12/04/2003","60","PM2.5","E. Rivers School","13-121-0032","AQS"
"12/05/2003","61","PM2.5","Fire Station #8","13-121-0039","AQS"
"12/06/2003","52","PM2.5","E. Rivers School","13-121-0032","AQS"
"12/07/2003","58","PM2.5","South DeKalb","13-089-0002","AQS"
"12/08/2003","102","PM2.5","Fire Station #8","13-121-0039","AQS"
"12/09/2003","82","PM2.5","Doraville","13-089-2001","AQS"
"12/10/2003","53","PM2.5","E. Rivers School","13-121-0032","AQS"
"12/11/2003","52","PM2.5","Forest Park","13-063-0091","AQS"
"12/12/2003","65","PM2.5","E. Rivers School","13-121-0032","AQS"
"12/13/2003","65","PM2.5","E. Rivers School","13-121-0032","AQS"
"12/14/2003","46","PM2.5","Forest Park","13-063-0091","AQS"
"12/15/2003","59","PM2.5","Doraville","13-089-2001","AQS"
"12/16/2003","64","PM2.5","South DeKalb","13-089-0002","AQS"
"12/17/2003","43","PM2.5","South DeKalb","13-089-0002","AQS"
"12/18/2003","44","PM2.5","E. Rivers School","13-121-0032","AQS"
"12/19/2003","33","PM2.5","South DeKalb","13-089-0002","AQS"
"12/20/2003","62","PM2.5","E. Rivers School","13-121-0032","AQS"
"12/21/2003","90","NO2","Georgia Tech, Ford Environmental Science and Technology Bldg, roof","13-121-0048","AQS"
"12/22/2003","71","PM2.5","South DeKalb","13-089-0002","AQS"
"12/23/2003","66","PM2.5","South DeKalb","13-089-0002","AQS"
"12/24/2003","52","PM2.5","E. Rivers School","13-121-0032","AQS"
"12/25/2003","61","PM2.5","E. Rivers School","13-121-0032","AQS"
"12/26/2003","64","PM2.5","E. Rivers School","13-121-0032","AQS"
"12/27/2003","77","PM2.5","E. Rivers School","13-121-0032","AQS"
"12/28/2003","77","PM2.5","E. Rivers School","13-121-0032","AQS"
"12/29/2003","57","PM2.5","South DeKalb","13-089-0002","AQS"
"12/30/2003","53","PM2.5","E. Rivers School","13-121-0032","AQS"
"12/31/2003","68","PM2.5","E. Rivers School","13-121-0032","AQS"
"01/01/2004","91","PM2.5","Fire Station #8","13-121-0039","AQS"
"01/02/2004","77","PM2.5","Gwinnett","13-135-0002","AQS"
"01/03/2004","88","PM2.5","E. Rivers School","13-121-0032","AQS"
"01/04/2004","53","PM2.5","South DeKalb","13-089-0002","AQS"
"01/05/2004","40","PM2.5","Doraville","13-089-2001","AQS"
"01/06/2004","44","PM2.5","Yorkville, King Farm","13-223-0003","AQS"
"01/07/2004","52","PM2.5","Forest Park","13-063-0091","AQS"
"01/08/2004","77","PM2.5","South DeKalb","13-089-0002","AQS"
"01/09/2004","65","PM2.5","South DeKalb","13-089-0002","AQS"
"01/10/2004","68","PM2.5","Forest Park","13-063-0091","AQS"
"01/11/2004","77","PM2.5","E. Rivers School","13-121-0032","AQS"
"01/12/2004","74","NO2","South DeKalb","13-089-0002","AQS"
"01/13/2004","65","PM2.5","Fire Station #8","13-121-0039","AQS"
"01/14/2004","69","PM2.5","Newnan","13-077-0002","AQS"
"01/15/2004","55","PM2.5","Doraville","13-089-2001","AQS"
"01/16/2004","71","PM2.5","McDonough","13-151-0002","AQS"
"01/17/2004","129","PM2.5","McDonough","13-151-0002","AQS"
"01/18/2004","56","PM2.5","Doraville","13-089-2001","AQS"
"01/19/2004","62","PM2.5","Forest Park","13-063-0091","AQS"
"01/20/2004","64","PM2.5","E. Rivers School","13-121-0032","AQS"
"01/21/2004","70","PM2.5","South DeKalb","13-089-0002","AQS"
"01/22/2004","94","PM2.5","MACLAND AQUATIC CENTER","13-067-0004","AQS"
"01/23/2004","43","PM2.5","E. Rivers School","13-121-0032","AQS"
"01/24/2004","74","PM2.5","South DeKalb","13-089-0002","AQS"
"01/25/2004","64","PM2.5","Doraville","13-089-2001","AQS"
"01/26/2004","70","PM2.5","E. Rivers School","13-121-0032","AQS"
"01/27/2004","56","PM2.5","E. Rivers School","13-121-0032","AQS"
"01/28/2004","56","PM2.5","Doraville","13-089-2001","AQS"
"01/29/2004","59","PM2.5","South DeKalb","13-089-0002","AQS"
"01/30/2004","57","PM2.5","South DeKalb","13-089-0002","AQS"
"01/31/2004","58","PM2.5","Kennesaw","13-067-0003","AQS"
"02/01/2004","46","PM2.5","Doraville","13-089-2001","AQS"
"02/02/2004","61","PM2.5","Doraville","13-089-2001","AQS"
"02/03/2004","64","PM2.5","Fire Station #8","13-121-0039","AQS"
"02/04/2004","65","PM2.5","E. Rivers School","13-121-0032","AQS"
"02/05/2004","77","PM2.5","E. Rivers School","13-121-0032","AQS"
"02/06/2004","59","PM2.5","Forest Park","13-063-0091","AQS"
"02/07/2004","53","PM2.5","E. Rivers School","13-121-0032","AQS"
"02/08/2004","51","PM2.5","Doraville","13-089-2001","AQS"
"02/09/2004","65","PM2.5","Doraville","13-089-2001","AQS"
"02/10/2004","82","PM2.5","Doraville","13-089-2001","AQS"
"02/11/2004","63","PM2.5","Doraville","13-089-2001","AQS"
"02/12/2004","58","PM2.5","Fire Station #8","13-121-0039","AQS"
"02/13/2004","58","PM2.5","Doraville","13-089-2001","AQS"
"02/14/2004","58","PM2.5","E. Rivers School","13-121-0032","AQS"
"02/15/2004","70","PM2.5","Gwinnett","13-135-0002","AQS"
"02/16/2004","74","PM2.5","Doraville","13-089-2001","AQS"
"02/17/2004","67","PM2.5","Doraville","13-089-2001","AQS"
"02/18/2004","68","PM2.5","Doraville","13-089-2001","AQS"
"02/19/2004","72","NO2","Georgia Tech, Ford Environmental Science and Technology Bldg, roof","13-121-0048","AQS"
"02/20/2004","73","PM2.5","Newnan","13-077-0002","AQS"
"02/21/2004","60","PM2.5","Fire Station #8","13-121-0039","AQS"
"02/22/2004","62","PM2.5","South DeKalb","13-089-0002","AQS"
"02/23/2004","78","PM2.5","McDonough","13-151-0002","AQS"
"02/24/2004","104","PM2.5","Fire Station #8","13-121-0039","AQS"
"02/25/2004","73","PM2.5","Gwinnett","13-135-0002","AQS"
"02/26/2004","54","PM2.5","E. Rivers School","13-121-0032","AQS"
"02/27/2004","69","PM2.5","Forest Park","13-063-0091","AQS"
"02/28/2004","63","PM2.5","South DeKalb","13-089-0002","AQS"
"02/29/2004","60","PM2.5","E. Rivers School","13-121-0032","AQS"
"03/01/2004","54","PM2.5","South DeKalb","13-089-0002","AQS"
"03/02/2004","46","PM2.5","McDonough","13-151-0002","AQS"
"03/03/2004","59","PM2.5","Newnan","13-077-0002","AQS"
"03/04/2004","82","PM2.5","Fire Station #8","13-121-0039","AQS"
"03/05/2004","63","PM2.5","South DeKalb","13-089-0002","AQS"
"03/06/2004","48","PM2.5","South DeKalb","13-089-0002","AQS"
"03/07/2004","52","PM2.5","Fire Station #8","13-121-0039","AQS"
"03/08/2004","46","Ozone","Newnan","13-077-0002","AQS"
"03/09/2004","53","PM2.5","South DeKalb","13-089-0002","AQS"
"03/10/2004","63","PM2.5","Fire Station #8","13-121-0039","AQS"
"03/11/2004","86","PM2.5","Doraville","13-089-2001","AQS"
"03/12/2004","64","Ozone","Georgia Station","13-231-9991","AQS"
"03/13/2004","59","PM2.5","Forest Park","13-063-0091","AQS"
"03/14/2004","80","Ozone","Yorkville, King Farm","13-223-0003","AQS"
"03/15/2004","92","PM2.5","Yorkville, King Farm","13-223-0003","AQS"
"03/16/2004","63","PM2.5","Fire Station #8","13-121-0039","AQS"
"03/17/2004","54","PM2.5","Doraville","13-089-2001","AQS"
"03/18/2004","67","Ozone","Douglasville","13-097-0004","AQS"
"03/19/2004","75","PM2.5","Fire Station #8","13-121-0039","AQS"
"03/20/2004","87","Ozone","Yorkville, King Farm","13-223-0003","AQS"
"03/21/2004","51","PM2.5","Newnan","13-077-0002","AQS"
"03/22/2004","54","PM2.5","Gwinnett","13-135-0002","AQS"
"03/23/2004","60","PM2.5","Gwinnett","13-135-0002","AQS"
"03/24/2004","100","Ozone","South DeKalb","13-089-0002","AQS"
"03/25/2004","71","PM2.5","South DeKalb","13-089-0002","AQS"
"03/26/2004","53","PM2.5","McDonough","13-151-0002","AQS"
"03/27/2004","61","Ozone","Dawsonville","13-085-0001","AQS"
"03/28/2004","77","Ozone","South DeKalb","13-089-0002","AQS"
"03/29/2004","78","PM2.5","South DeKalb","13-089-0002","AQS"
"03/30/2004","50","Ozone","Georgia Station","13-231-9991","AQS"
"03/31/2004","51","PM2.5","Fire Station #8","13-121-0039","AQS"
"04/01/2004","53","PM2.5","Doraville","13-089-2001","AQS"
"04/02/2004","56","PM2.5","South DeKalb","13-089-0002","AQS"
"04/03/2004","61","Ozone","Douglasville","13-097-0004","AQS"
"04/04/2004","67","Ozone","Newnan","13-077-0002","AQS"
"04/05/2004","49","Ozone","Gwinnett","13-135-0002","AQS"
"04/06/2004","58","PM2.5","Fire Station #8","13-121-0039","AQS"
"04/07/2004","84","Ozone","DOT STORAGE FACILITY","13-113-0001","AQS"
"04/08/2004","74","Ozone","Dawsonville","13-085-0001","AQS"
"04/09/2004","97","Ozone","Douglasville","13-097-0004","AQS"
"04/10/2004","87","Ozone","Newnan","13-077-0002","AQS"
"04/11/2004","64","PM2.5","South DeKalb","13-089-0002","AQS"
"04/12/2004","84","PM2.5","MACLAND AQUATIC CENTER","13-067-0004","AQS"
"04/13/2004","36","PM2.5","South DeKalb","13-089-0002","AQS"
"04/14/2004","52","PM2.5","E. Rivers School","13-121-0032","AQS"
"04/15/2004","68","NO2","Tucker-Idlewood Road","13-089-3001","AQS"
"04/16/2004","87","Ozone","Conyers","13-247-0001","AQS"
"04/17/2004","122","Ozone","Gwinnett","13-135-0002","AQS"
"04/18/2004","115","Ozone","Gwinnett","13-135-0002","AQS"
"04/19/2004","97","Ozone","Conyers","13-247-0001","AQS"
"04/20/2004","84","Ozone","Dawsonville","13-085-0001","AQS"
"04/21/2004","60","PM2.5","Fire Station #8","13-121-0039","AQS"
"04/22/2004","74","Ozone","Dawsonville","13-085-0001","AQS"
"04/23/2004","87","Ozone","Dawsonville","13-085-0001","AQS"
"04/24/2004","81","PM2.5","Fire Station #8","13-121-0039","AQS"
"04/25/2004","77","PM2.5","Gwinnett","13-135-0002","AQS"
"04/26/2004","58","PM2.5","South DeKalb","13-089-0002","AQS"
"04/27/2004","64","Ozone","Newnan","13-077-0002","AQS"
"04/28/2004","90","Ozone","DOT STORAGE FACILITY","13-113-0001","AQS"
"04/29/2004","80","Ozone","DOT STORAGE FACILITY","13-113-0001","AQS"
"04/30/2004","68","PM2.5","Doraville","13-089-2001","AQS"
"05/01/2004","38","PM2.5","Doraville","13-089-2001","AQS"
"05/02/2004","33","PM2.5","South DeKalb","13-089-0002","AQS"
"05/03/2004","54","PM2.5","Forest Park","13-063-0091","AQS"
"05/04/2004","65","PM2.5","Doraville","13-089-2001","AQS"
"05/05/2004","112","Ozone","Conyers","13-247-0001","AQS"
"05/06/2004","136","Ozone","Conyers","13-247-0001","AQS"
"05/07/2004","129","Ozone","McDonough","13-151-0002","AQS"
"05/08/2004","164","Ozone","Newnan","13-077-0002","AQS"
"05/09/2004","133","Ozone","Douglasville","13-097-0004","AQS"
"05/10/2004","93","Ozone","Kennesaw","13-067-0003","AQS"
"05/11/2004","80","PM2.5","E. Rivers School","13-121-0032","AQS"
"05/12/2004","68","PM2.5","Kennesaw","13-067-0003","AQS"
"05/13/2004","66","PM2.5","Gwinnett","13-135-0002","AQS"
"05/14/2004","60","PM2.5","Yorkville, King Farm","13-223-0003","AQS"
"05/15/2004","56","PM2.5","Gwinnett","13-135-0002","AQS"
"05/16/2004","59","PM2.5","E. Rivers School","13-121-0032","AQS"
"05/17/2004","60","PM2.5","Doraville","13-089-2001","AQS"
"05/18/2004","61","PM2.5","Forest Park","13-063-0091","AQS"
"05/19/2004","70","PM2.5","E. Rivers School","13-121-0032","AQS"
"05/20/2004","100","Ozone","Conyers","13-247-0001","AQS"
"05/21/2004","126","Ozone","Conyers","13-247-0001","AQS"
"05/22/2004","79","PM2.5","E. Rivers School","13-121-0032","AQS"
"05/23/2004","90","Ozone","Gwinnett","13-135-0002","AQS"
"05/24/2004","71","PM2.5","Forest Park","13-063-0091","AQS"
"05/25/2004","67","PM2.5","South DeKalb","13-089-0002","AQS"
"05/26/2004","77","Ozone","Gwinnett","13-135-0002","AQS"
"05/27/2004","87","Ozone","Gwinnett","13-135-0002","AQS"
"05/28/2004","69","PM2.5","McDonough","13-151-0002","AQS"
"05/29/2004","67","PM2.5","Doraville","13-089-2001","AQS"
"05/30/2004","70","PM2.5","Fire Station #8","13-121-0039","AQS"
"05/31/2004","42","PM2.5","South DeKalb","13-089-0002","AQS"
"06/01/2004","61","PM2.5","South DeKalb","13-089-0002","AQS"
"06/02/2004","83","PM2.5","Fire Station #8","13-121-0039","AQS"
"06/03/2004","71","Ozone","Gwinnett","13-135-0002","AQS"
"06/04/2004","108","Ozone","Conyers","13-247-0001","AQS"
"06/05/2004","122","Ozone","Conyers","13-247-0001","AQS"
"06/06/2004","166","Ozone","Gwinnett","13-135-0002","AQS"
"06/07/2004","108","PM2.5","Gwinnett","13-135-0002","AQS"
"06/08/2004","66","PM2.5","Yorkville, King Farm","13-223-0003","AQS"
"06/09/2004","59","PM2.5","Newnan","13-077-0002","AQS"
"06/10/2004","122","Ozone","Conyers","13-247-0001","AQS"
"06/11/2004","151","Ozone","Conyers","13-247-0001","AQS"
"06/12/2004","129","Ozone","McDonough","13-151-0002","AQS"
"06/13/2004","65","PM2.5","E. Rivers School","13-121-0032","AQS"
"06/14/2004","66","PM2.5","Doraville","13-089-2001","AQS"
"06/15/2004","51","PM2.5","Yorkville, King Farm","13-223-0003","AQS"
"06/16/2004","57","PM2.5","Gwinnett","13-135-0002","AQS"
"06/17/2004","82","PM2.5","Kennesaw","13-067-0003","AQS"
"06/18/2004","65","PM2.5","Gwinnett","13-135-0002","AQS"
"06/19/2004","100","Ozone","McDonough","13-151-0002","AQS"
"06/20/2004","100","Ozone","United Avenue","13-121-0055","AQS"
"06/21/2004","79","PM2.5","E. Rivers School","13-121-0032","AQS"
"06/22/2004","63","PM2.5","Gwinnett","13-135-0002","AQS"
"06/23/2004","58","PM2.5","Forest Park","13-063-0091","AQS"
"06/24/2004","58","PM2.5","E. Rivers School","13-121-0032","AQS"
"06/25/2004","52","PM2.5","E. Rivers School","13-121-0032","AQS"
"06/26/2004","68","PM2.5","E. Rivers School","13-121-0032","AQS"
"06/27/2004","65","PM2.5","Gwinnett","13-135-0002","AQS"
"06/28/2004","86","PM2.5","Newnan","13-077-0002","AQS"
"06/29/2004","101","Ozone","Gwinnett","13-135-0002","AQS"
"06/30/2004","77","PM2.5","Gwinnett","13-135-0002","AQS"
"07/01/2004","69","PM2.5","South DeKalb","13-089-0002","AQS"
"07/02/2004","65","PM2.5","Doraville","13-089-2001","AQS"
"07/03/2004","67","PM2.5","E. Rivers School","13-121-0032","AQS"
"07/04/2004","67","PM2.5","E. Rivers School","13-121-0032","AQS"
"07/05/2004","76","PM2.5","McDonough","13-151-0002","AQS"
"07/06/2004","82","PM2.5","McDonough","13-151-0002","AQS"
"07/07/2004","61","PM2.5","Doraville","13-089-2001","AQS"
"07/08/2004","100","Ozone","Conyers","13-247-0001","AQS"
"07/09/2004","97","Ozone","Gwinnett","13-135-0002","AQS"
"07/10/2004","87","Ozone","Tucker-Idlewood Road","13-089-3001","AQS"
"07/11/2004","71","PM2.5","South DeKalb","13-089-0002","AQS"
"07/12/2004","66","PM2.5","South DeKalb","13-089-0002","AQS"
"07/13/2004","101","Ozone","McDonough","13-151-0002","AQS"
"07/14/2004","74","Ozone","Conyers","13-247-0001","AQS"
"07/15/2004","101","Ozone","McDonough","13-151-0002","AQS"
"07/16/2004","133","Ozone","Tucker-Idlewood Road","13-089-3001","AQS"
"07/17/2004","87","PM2.5","E. Rivers School","13-121-0032","AQS"
"07/18/2004","112","Ozone","McDonough","13-151-0002","AQS"
"07/19/2004","115","Ozone","Conyers","13-247-0001","AQS"
"07/20/2004","161","Ozone","DOT STORAGE FACILITY","13-113-0001","AQS"
"07/21/2004","207","Ozone","South DeKalb","13-089-0002","AQS"
"07/22/2004","192","Ozone","Conyers","13-247-0001","AQS"
"07/23/2004","129","Ozone","DOT STORAGE FACILITY","13-113-0001","AQS"
"07/24/2004","156","Ozone","Douglasville","13-097-0004","AQS"
"07/25/2004","97","Ozone","Georgia Station","13-231-9991","AQS"
"07/26/2004","87","Ozone","Kennesaw","13-067-0003","AQS"
"07/27/2004","82","PM2.5","Newnan","13-077-0002","AQS"
"07/28/2004","133","Ozone","United Avenue","13-121-0055","AQS"
"07/29/2004","90","Ozone","Yorkville, King Farm","13-223-0003","AQS"
"07/30/2004","44","PM2.5","Yorkville, King Farm","13-223-0003","AQS"
"07/31/2004","52","PM2.5","South DeKalb","13-089-0002","AQS"
"08/01/2004","80","Ozone","DOT STORAGE FACILITY","13-113-0001","AQS"
"08/02/2004","80","Ozone","DOT STORAGE FACILITY","13-113-0001","AQS"
"08/03/2004","150","Ozone","McDonough","13-151-0002","AQS"
"08/04/2004","177","Ozone","Gwinnett","13-135-0002","AQS"
"08/05/2004","90","PM2.5","Newnan","13-077-0002","AQS"
"08/06/2004","100","Ozone","Newnan","13-077-0002","AQS"
"08/07/2004","122","Ozone","Douglasville","13-097-0004","AQS"
"08/08/2004","115","Ozone","Yorkville, King Farm","13-223-0003","AQS"
"08/09/2004","101","Ozone","Kennesaw","13-067-0003","AQS"
"08/10/2004","81","PM2.5","Fire Station #8","13-121-0039","AQS"
"08/11/2004","90","Ozone","Dawsonville","13-085-0001","AQS"
"08/12/2004","61","PM2.5","E. Rivers School","13-121-0032","AQS"
"08/13/2004","63","PM2.5","South DeKalb","13-089-0002","AQS"
"08/14/2004","129","Ozone","United Avenue","13-121-0055","AQS"
"08/15/2004","76","PM2.5","Yorkville, King Farm","13-223-0003","AQS"
"08/16/2004","71","PM2.5","Yorkville, King Farm","13-223-0003","AQS"
"08/17/2004","80","Ozone","Gwinnett","13-135-0002","AQS"
"08/18/2004","164","Ozone","McDonough","13-151-0002","AQS"
"08/19/2004","177","Ozone","United Avenue","13-121-0055","AQS"
"08/20/2004","106","PM2.5","Gwinnett","13-135-0002","AQS"
"08/21/2004","54","PM2.5","McDonough","13-151-0002","AQS"
"08/22/2004","72","PM2.5","MACLAND AQUATIC CENTER","13-067-0004","AQS"
"08/23/2004","89","PM2.5","E. Rivers School","13-121-0032","AQS"
"08/24/2004","120","PM2.5","Newnan","13-077-0002","AQS"
"08/25/2004","83","PM2.5","Fire Station #8","13-121-0039","AQS"
"08/26/2004","143","Ozone","Douglasville","13-097-0004","AQS"
"08/27/2004","140","Ozone","United Avenue","13-121-0055","AQS"
"08/28/2004","119","Ozone","Douglasville","13-097-0004","AQS"
"08/29/2004","77","PM2.5","South DeKalb","13-089-0002","AQS"
"08/30/2004","81","PM2.5","McDonough","13-151-0002","AQS"
"08/31/2004","87","Ozone","Gwinnett","13-135-0002","AQS"
"09/01/2004","85","PM2.5","Doraville","13-089-2001","AQS"
"09/02/2004","64","PM2.5","Doraville","13-089-2001","AQS"
"09/03/2004","84","PM2.5","Yorkville, King Farm","13-223-0003","AQS"
"09/04/2004","88","PM2.5","Yorkville, King Farm","13-223-0003","AQS"
"09/05/2004","72","PM2.5","Yorkville, King Farm","13-223-0003","AQS"
"09/06/2004","54","PM2.5","Doraville","13-089-2001","AQS"
"09/07/2004","22","Ozone","DOT STORAGE FACILITY","13-113-0001","AQS"
"09/08/2004","41","PM2.5","E. Rivers School","13-121-0032","AQS"
"09/09/2004","69","PM2.5","Forest Park","13-063-0091","AQS"
"09/10/2004","65","PM2.5","Newnan","13-077-0002","AQS"
"09/11/2004","71","Ozone","Yorkville, King Farm","13-223-0003","AQS"
"09/12/2004","66","PM2.5","Doraville","13-089-2001","AQS"
"09/13/2004","68","PM2.5","South DeKalb","13-089-0002","AQS"
"09/14/2004","72","PM2.5","Doraville","13-089-2001","AQS"
"09/15/2004","59","PM2.5","Doraville","13-089-2001","AQS"
"09/16/2004","47","PM2.5","South DeKalb","13-089-0002","AQS"
"09/17/2004","35","PM10","UNIVERSITY OF GA, EXPERIMENT STATION TISSUE LAB, GRIFFIN GA","13-255-0002","AQS"
"09/18/2004","51","PM2.5","Forest Park","13-063-0091","AQS"
"09/19/2004","46","Ozone","Douglasville","13-097-0004","AQS"
"09/20/2004","48","Ozone","Yorkville, King Farm","13-223-0003","AQS"
"09/21/2004","55","PM2.5","Kennesaw","13-067-0003","AQS"
"09/22/2004","74","Ozone","Yorkville, King Farm","13-223-0003","AQS"
"09/23/2004","122","Ozone","Yorkville, King Farm","13-223-0003","AQS"
"09/24/2004","122","Ozone","Gwinnett","13-135-0002","AQS"
"09/25/2004","95","PM2.5","Yorkville, King Farm","13-223-0003","AQS"
"09/26/2004","64","PM2.5","E. Rivers School","13-121-0032","AQS"
"09/27/2004","58","PM2.5","Yorkville, King Farm","13-223-0003","AQS"
"09/28/2004","81","PM2.5","Newnan","13-077-0002","AQS"
"09/29/2004","103","PM2.5","South DeKalb","13-089-0002","AQS"
"09/30/2004","97","PM2.5","South DeKalb","13-089-0002","AQS"
"10/01/2004","105","PM2.5","South DeKalb","13-089-0002","AQS"
"10/02/2004","134","PM2.5","McDonough","13-151-0002","AQS"
"10/03/2004","115","PM2.5","McDonough","13-151-0002","AQS"
"10/04/2004","61","PM2.5","Newnan","13-077-0002","AQS"
"10/05/2004","80","Ozone","Douglasville","13-097-0004","AQS"
"10/06/2004","87","PM2.5","Forest Park","13-063-0091","AQS"
"10/07/2004","91","PM2.5","Yorkville, King Farm","13-223-0003","AQS"
"10/08/2004","68","PM2.5","Yorkville, King Farm","13-223-0003","AQS"
"10/09/2004","72","PM2.5","Doraville","13-089-2001","AQS"
"10/10/2004","55","PM2.5","E. Rivers School","13-121-0032","AQS"
"10/11/2004","59","PM2.5","McDonough","13-151-0002","AQS"
"10/12/2004","83","PM2.5","MACLAND AQUATIC CENTER","13-067-0004","AQS"
"10/13/2004","57","PM2.5","South DeKalb","13-089-0002","AQS"
"10/14/2004","66","PM2.5","Doraville","13-089-2001","AQS"
"10/15/2004","43","PM2.5","Fire Station #8","13-121-0039","AQS"
"10/16/2004","54","PM2.5","McDonough","13-151-0002","AQS"
"10/17/2004","62","PM2.5","E. Rivers School","13-121-0032","AQS"
"10/18/2004","71","PM2.5","Fire Station #8","13-121-0039","AQS"
"10/19/2004","41","PM2.5","E. Rivers School","13-121-0032","AQS"
"10/20/2004","59","PM2.5","South DeKalb","13-089-0002","AQS"
"10/21/2004","80","PM2.5","Fire Station #8","13-121-0039","AQS"
"10/22/2004","74","PM2.5","Newnan","13-077-0002","AQS"
"10/23/2004","65","PM2.5","E. Rivers School","13-121-0032","AQS"
"10/24/2004","76","PM2.5","Fire Station #8","13-121-0039","AQS"
"10/25/2004","65","PM2.5","South DeKalb","13-089-0002","AQS"
"10/26/2004","79","PM2.5","Newnan","13-077-0002","AQS"
"10/27/2004","83","PM2.5","South DeKalb","13-089-0002","AQS"
"10/28/2004","97","PM2.5","Gwinnett","13-135-0002","AQS"
"10/29/2004","109","PM2.5","McDonough","13-151-0002","AQS"
"10/30/2004","92","PM2.5","South DeKalb","13-089-0002","AQS"
"10/31/2004","74","PM2.5","Newnan","13-077-0002","AQS"
"11/01/2004","74","PM2.5","Gwinnett","13-135-0002","AQS"
"11/02/2004","57","PM2.5","Fire Station #8","13-121-0039","AQS"
"11/03/2004","52","PM2.5","McDonough","13-151-0002","AQS"
"11/04/2004","45","PM2.5","McDonough","13-151-0002","AQS"
"11/05/2004","46","PM2.5","Forest Park","13-063-0091","AQS"
"11/06/2004","58","PM2.5","South DeKalb","13-089-0002","AQS"
"11/07/2004","66","PM2.5","E. Rivers School","13-121-0032","AQS"
"11/08/2004","56","PM2.5","Fire Station #8","13-121-0039","AQS"
"11/09/2004","55","PM2.5","South DeKalb","13-089-0002","AQS"
"11/10/2004","56","PM2.5","Newnan","13-077-0002","AQS"
"11/11/2004","65","PM2.5","Gwinnett","13-135-0002","AQS"
"11/12/2004","56","PM2.5","Doraville","13-089-2001","AQS"
"11/13/2004","34","PM2.5","McDonough","13-151-0002","AQS"
"11/14/2004","37","PM2.5","E. Rivers School","13-121-0032","AQS"
"11/15/2004","56","PM2.5","South DeKalb","13-089-0002","AQS"
"11/16/2004","71","PM2.5","South DeKalb","13-089-0002","AQS"
"11/17/2004","82","PM2.5","Fire Station #8","13-121-0039","AQS"
"11/18/2004","91","NO2","Georgia Tech, Ford Environmental Science and Technology Bldg, roof","13-121-0048","AQS"
"11/19/2004","82","PM2.5","South DeKalb","13-089-0002","AQS"
"11/20/2004","65","PM2.5","McDonough","13-151-0002","AQS"
"11/21/2004","58","PM2.5","E. Rivers School","13-121-0032","AQS"
"11/22/2004","58","PM2.5","E. Rivers School","13-121-0032","AQS"
"11/23/2004","60","PM2.5","Gwinnett","13-135-0002","AQS"
"11/24/2004","30","Ozone","Georgia Station","13-231-9991","AQS"
"11/25/2004","37","PM2.5","E. Rivers School","13-121-0032","AQS"
"11/26/2004","61","PM2.5","Doraville","13-089-2001","AQS"
"11/27/2004","65","PM2.5","E. Rivers School","13-121-0032","AQS"
"11/28/2004","66","PM2.5","Doraville","13-089-2001","AQS"
"11/29/2004","65","PM2.5","Doraville","13-089-2001","AQS"
"11/30/2004","66","PM2.5","Doraville","13-089-2001","AQS"
"12/01/2004","66","PM2.5","E. Rivers School","13-121-0032","AQS"
"12/02/2004","64","PM2.5","Forest Park","13-063-0091","AQS"
"12/03/2004","60","PM2.5","E. Rivers School","13-121-0032","AQS"
"12/04/2004","81","PM2.5","E. Rivers School","13-121-0032","AQS"
"12/05/2004","105","PM2.5","Fire Station #8","13-121-0039","AQS"
"12/06/2004","73","PM2.5","E. Rivers School","13-121-0032","AQS"
"12/07/2004","57","PM2.5","E. Rivers School","13-121-0032","AQS"
"12/08/2004","63","PM2.5","Fire Station #8","13-121-0039","AQS"
"12/09/2004","55","PM2.5","Doraville","13-089-2001","AQS"
"12/10/2004","47","PM2.5","Doraville","13-089-2001","AQS"
"12/11/2004","37","PM2.5","Forest Park","13-063-0091","AQS"
"12/12/2004","44","PM2.5","E. Rivers School","13-121-0032","AQS"
"12/13/2004","47","PM2.5","South DeKalb","13-089-0002","AQS"
"12/14/2004","47","PM2.5","Fire Station #8","13-121-0039","AQS"
"12/15/2004","64","PM2.5","E. Rivers School","13-121-0032","AQS"
"12/16/2004","102","PM2.5","E. Rivers School","13-121-0032","AQS"
"12/17/2004","106","NO2","Georgia Tech, Ford Environmental Science and Technology Bldg, roof","13-121-0048","AQS"
"12/18/2004","82","PM2.5","E. Rivers School","13-121-0032","AQS"
"12/19/2004","64","PM2.5","E. Rivers School","13-121-0032","AQS"
"12/20/2004","56","PM2.5","South DeKalb","13-089-0002","AQS"
"12/21/2004","61","PM2.5","Doraville","13-089-2001","AQS"
"12/22/2004","60","PM2.5","Doraville","13-089-2001","AQS"
"12/23/2004","47","PM2.5","Gwinnett","13-135-0002","AQS"
"12/24/2004","61","PM2.5","South DeKalb","13-089-0002","AQS"
"12/25/2004","67","PM2.5","E. Rivers School","13-121-0032","AQS"
"12/26/2004","80","PM2.5","Doraville","13-089-2001","AQS"
"12/27/2004","65","PM2.5","E. Rivers School","13-121-0032","AQS"
"12/28/2004","72","PM2.5","South DeKalb","13-089-0002","AQS"
"12/29/2004","88","PM2.5","Fire Station #8","13-121-0039","AQS"
"12/30/2004","83","NO2","Georgia Tech, Ford Environmental Science and Technology Bldg, roof","13-121-0048","AQS"
"12/31/2004","73","PM2.5","South DeKalb","13-089-0002","AQS"
"01/01/2005","97","PM2.5","Gwinnett","13-135-0002","AQS"
"01/02/2005","66","PM2.5","E. Rivers School","13-121-0032","AQS"
"01/03/2005","64","PM2.5","E. Rivers School","13-121-0032","AQS"
"01/04/2005","84","PM2.5","Fire Station #8","13-121-0039","AQS"
"01/05/2005","58","PM2.5","Newnan","13-077-0002","AQS"
"01/06/2005","39","PM2.5","Doraville","13-089-2001","AQS"
"01/07/2005","63","PM2.5","Kennesaw","13-067-0003","AQS"
"01/08/2005","52","PM2.5","E. Rivers School","13-121-0032","AQS"
"01/09/2005","55","PM2.5","E. Rivers School","13-121-0032","AQS"
"01/10/2005","82","PM2.5","Fire Station #8","13-121-0039","AQS"
"01/11/2005","75","PM2.5","Gwinnett","13-135-0002","AQS"
"01/12/2005","64","PM2.5","McDonough","13-151-0002","AQS"
"01/13/2005","53","PM2.5","Fire Station #8","13-121-0039","AQS"
"01/14/2005","34","PM2.5","South DeKalb","13-089-0002","AQS"
"01/15/2005","52","PM2.5","E. Rivers School","13-121-0032","AQS"
"01/16/2005","56","PM2.5","Kennesaw","13-067-0003","AQS"
"01/17/2005","46","PM2.5","E. Rivers School","13-121-0032","AQS"
"01/18/2005","44","PM2.5","McDonough","13-151-0002","AQS"
"01/19/2005","78","PM2.5","Fire Station #8","13-121-0039","AQS"
"01/20/2005","65","PM2.5","E. Rivers School","13-121-0032","AQS"
"01/21/2005","78","PM2.5","South DeKalb","13-089-0002","AQS"
"01/22/2005","84","PM2.5","MACLAND AQUATIC CENTER","13-067-0004","AQS"
"01/23/2005","38","PM2.5","South DeKalb","13-089-0002","AQS"
"01/24/2005","54","PM2.5","E. Rivers School","13-121-0032","AQS"
"01/25/2005","71","PM2.5","Fire Station #8","13-121-0039","AQS"
"01/26/2005","78","PM2.5","McDonough","13-151-0002","AQS"
"01/27/2005","68","PM2.5","Doraville","13-089-2001","AQS"
"01/28/2005","52","PM2.5","Yorkville, King Farm","13-223-0003","AQS"
"01/29/2005","55","PM2.5","Doraville","13-089-2001","AQS"
"01/30/2005","68","PM2.5","E. Rivers School","13-121-0032","AQS"
"01/31/2005","64","PM2.5","E. Rivers School","13-121-0032","AQS"
"02/01/2005","68","PM2.5","Doraville","13-089-2001","AQS"
"02/02/2005","61","PM2.5","Doraville","13-089-2001","AQS"
"02/03/2005","55","PM2.5","South DeKalb","13-089-0002","AQS"
"02/04/2005","61","PM2.5","E. Rivers School","13-121-0032","AQS"
"02/05/2005","67","PM2.5","South DeKalb","13-089-0002","AQS"
"02/06/2005","60","PM2.5","MACLAND AQUATIC CENTER","13-067-0004","AQS"
"02/07/2005","52","PM2.5","South DeKalb","13-089-0002","AQS"
"02/08/2005","69","PM2.5","Newnan","13-077-0002","AQS"
"02/09/2005","59","PM2.5","Fire Station #8","13-121-0039","AQS"
"02/10/2005","42","PM2.5","Doraville","13-089-2001","AQS"
"02/11/2005","54","PM2.5","Doraville","13-089-2001","AQS"
"02/12/2005","59","PM2.5","Fire Station #8","13-121-0039","AQS"
"02/13/2005","69","PM2.5","E. Rivers School","13-121-0032","AQS"
"02/14/2005","75","PM2.5","E. Rivers School","13-121-0032","AQS"
"02/15/2005","65","PM2.5","Kennesaw","13-067-0003","AQS"
"02/16/2005","58","PM2.5","South DeKalb","13-089-0002","AQS"
"02/17/2005","37","PM2.5","South DeKalb","13-089-0002","AQS"
"02/18/2005","50","PM2.5","Fire Station #8","13-121-0039","AQS"
"02/19/2005","68","PM2.5","South DeKalb","13-089-0002","AQS"
"02/20/2005","84","PM2.5","E. Rivers School","13-121-0032","AQS"
"02/21/2005","67","PM2.5","Kennesaw","13-067-0003","AQS"
"02/22/2005","59","PM2.5","Doraville","13-089-2001","AQS"
"02/23/2005","59","PM2.5","South DeKalb","13-089-0002","AQS"
"02/24/2005","62","PM2.5","MACLAND AQUATIC CENTER","13-067-0004","AQS"
"02/25/2005","66","PM2.5","E. Rivers School","13-121-0032","AQS"
"02/26/2005","69","PM2.5","Doraville","13-089-2001","AQS"
"02/27/2005","77","PM2.5","Gwinnett","13-135-0002","AQS"
"02/28/2005","53","PM2.5","Doraville","13-089-2001","AQS"
"03/01/2005","54","PM2.5","Doraville","13-089-2001","AQS"
"03/02/2005","56","PM2.5","MACLAND AQUATIC CENTER","13-067-0004","AQS"
"03/03/2005","63","NO2","South DeKalb","13-089-0002","AQS"
"03/04/2005","66","PM2.5","E. Rivers School","13-121-0032","AQS"
"03/05/2005","58","PM2.5","Fire Station #8","13-121-0039","AQS"
"03/06/2005","59","PM2.5","E. Rivers School","13-121-0032","AQS"
"03/07/2005","74","PM2.5","E. Rivers School","13-121-0032","AQS"
"03/08/2005","41","NO2","Georgia Tech, Ford Environmental Science and Technology Bldg, roof","13-121-0048","AQS"
"03/09/2005","54","PM2.5","Doraville","13-089-2001","AQS"
"03/10/2005","54","PM2.5","Doraville","13-089-2001","AQS"
"03/11/2005","52","PM2.5","Fire Station #8","13-121-0039","AQS"
"03/12/2005","61","Ozone","Newnan","13-077-0002","AQS"
"03/13/2005","87","Ozone","Dawsonville","13-085-0001","AQS"
"03/14/2005","61","PM2.5","McDonough","13-151-0002","AQS"
"03/15/2005","69","PM2.5","McDonough","13-151-0002","AQS"
"03/16/2005","61","PM2.5","Kennesaw","13-067-0003","AQS"
"03/17/2005","58","PM2.5","E. Rivers School","13-121-0032","AQS"
"03/18/2005","63","PM2.5","Doraville","13-089-2001","AQS"
"03/19/2005","70","PM2.5","Doraville","13-089-2001","AQS"
"03/20/2005","80","PM2.5","Fire Station #8","13-121-0039","AQS"
"03/21/2005","69","PM2.5","McDonough","13-151-0002","AQS"
"03/22/2005","76","PM2.5","E. Rivers School","13-121-0032","AQS"
"03/23/2005","51","PM2.5","Fire Station #8","13-121-0039","AQS"
"03/24/2005","55","PM2.5","Doraville","13-089-2001","AQS"
"03/25/2005","108","Ozone","Conyers","13-247-0001","AQS"
"03/26/2005","122","Ozone","Yorkville, King Farm","13-223-0003","AQS"
"03/27/2005","40","PM2.5","Gwinnett","13-135-0002","AQS"
"03/28/2005","41","PM2.5","South DeKalb","13-089-0002","AQS"
"03/29/2005","67","NO2","Georgia Tech, Ford Environmental Science and Technology Bldg, roof","13-121-0048","AQS"
"03/30/2005","93","PM2.5","Newnan","13-077-0002","AQS"
"03/31/2005","58","PM2.5","Newnan","13-077-0002","AQS"
"04/01/2005","53","PM2.5","Forest Park","13-063-0091","AQS"
"04/02/2005","47","Ozone","Newnan","13-077-0002","AQS"
"04/03/2005","74","Ozone","Douglasville","13-097-0004","AQS"
"04/04/2005","93","Ozone","DOT STORAGE FACILITY","13-113-0001","AQS"
"04/05/2005","80","Ozone","Dawsonville","13-085-0001","AQS"
"04/06/2005","74","Ozone","Dawsonville","13-085-0001","AQS"
"04/07/2005","53","PM2.5","MACLAND AQUATIC CENTER","13-067-0004","AQS"
"04/08/2005","52","PM2.5","McDonough","13-151-0002","AQS"
"04/09/2005","66","PM2.5","Yorkville, King Farm","13-223-0003","AQS"
"04/10/2005","80","Ozone","Kennesaw","13-067-0003","AQS"
"04/11/2005","90","Ozone","DOT STORAGE FACILITY","13-113-0001","AQS"
"04/12/2005","61","PM2.5","MACLAND AQUATIC CENTER","13-067-0004","AQS"
"04/13/2005","54","PM2.5","E. Rivers School","13-121-0032","AQS"
"04/14/2005","58","Ozone","Dawsonville","13-085-0001","AQS"
"04/15/2005","87","Ozone","Georgia Station","13-231-9991","AQS"
"04/16/2005","84","Ozone","Georgia Station","13-231-9991","AQS"
"04/17/2005","108","Ozone","Douglasville","13-097-0004","AQS"
"04/18/2005","147","Ozone","Dawsonville","13-085-0001","AQS"
"04/19/2005","159","Ozone","Dawsonville","13-085-0001","AQS"
"04/20/2005","119","Ozone","Dawsonville","13-085-0001","AQS"
"04/21/2005","65","PM2.5","South DeKalb","13-089-0002","AQS"
"04/22/2005","63","PM2.5","Fire Station #8","13-121-0039","AQS"
"04/23/2005","44","Ozone","Douglasville","13-097-0004","AQS"
"04/24/2005","51","Ozone","Douglasville","13-097-0004","AQS"
"04/25/2005","64","Ozone","Dawsonville","13-085-0001","AQS"
"04/26/2005","53","PM2.5","Gwinnett","13-135-0002","AQS"
"04/27/2005","54","Ozone","Douglasville","13-097-0004","AQS"
"04/28/2005","71","PM2.5","Fire Station #8","13-121-0039","AQS"
"04/29/2005","67","Ozone","Georgia Station","13-231-9991","AQS"
"04/30/2005","52","PM2.5","Not Available","13-297-0001","AQS"
"05/01/2005","55","PM2.5","Forest Park","13-063-0091","AQS"
"05/02/2005","54","Ozone","Newnan","13-077-0002","AQS"
"05/03/2005","57","PM2.5","South DeKalb","13-089-0002","AQS"
"05/04/2005","74","Ozone","Gwinnett","13-135-0002","AQS"
"05/05/2005","75","PM2.5","E. Rivers School","13-121-0032","AQS"
"05/06/2005","71","Ozone","Douglasville","13-097-0004","AQS"
"05/07/2005","129","Ozone","Douglasville","13-097-0004","AQS"
"05/08/2005","151","Ozone","United Avenue","13-121-0055","AQS"
"05/09/2005","140","Ozone","Gwinnett","13-135-0002","AQS"
"05/10/2005","85","PM2.5","Fire Station #8","13-121-0039","AQS"
"05/11/2005","133","Ozone","DOT STORAGE FACILITY","13-113-0001","AQS"
"05/12/2005","197","Ozone","Douglasville","13-097-0004","AQS"
"05/13/2005","129","Ozone","Kennesaw","13-067-0003","AQS"
"05/14/2005","87","Ozone","Gwinnett","13-135-0002","AQS"
"05/15/2005","65","PM2.5","Gwinnett","13-135-0002","AQS"
"05/16/2005","108","Ozone","McDonough","13-151-0002","AQS"
"05/17/2005","147","Ozone","Gwinnett","13-135-0002","AQS"
"05/18/2005","140","Ozone","Yorkville, King Farm","13-223-0003","AQS"
"05/19/2005","122","Ozone","Dawsonville","13-085-0001","AQS"
"05/20/2005","57","PM2.5","Newnan","13-077-0002","AQS"
"05/21/2005","60","PM2.5","Yorkville, King Farm","13-223-0003","AQS"
"05/22/2005","79","PM2.5","MACLAND AQUATIC CENTER","13-067-0004","AQS"
"05/23/2005","97","Ozone","Tucker-Idlewood Road","13-089-3001","AQS"
"05/24/2005","100","Ozone","Conyers","13-247-0001","AQS"
"05/25/2005","77","Ozone","Georgia Station","13-231-9991","AQS"
"05/26/2005","108","Ozone","McDonough","13-151-0002","AQS"
"05/27/2005","140","Ozone","Conyers","13-247-0001","AQS"
"05/28/2005","119","Ozone","Conyers","13-247-0001","AQS"
"05/29/2005","59","PM2.5","South DeKalb","13-089-0002","AQS"
"05/30/2005","49","PM2.5","South DeKalb","13-089-0002","AQS"
"05/31/2005","63","PM2.5","MACLAND AQUATIC CENTER","13-067-0004","AQS"
"06/01/2005","40","Ozone","Dawsonville","13-085-0001","AQS"
"06/02/2005","53","PM2.5","Yorkville, King Farm","13-223-0003","AQS"
"06/03/2005","62","PM2.5","Yorkville, King Farm","13-223-0003","AQS"
"06/04/2005","71","Ozone","Kennesaw","13-067-0003","AQS"
"06/05/2005","65","PM2.5","Gwinnett","13-135-0002","AQS"
"06/06/2005","77","Ozone","Kennesaw","13-067-0003","AQS"
"06/07/2005","80","Ozone","Gwinnett","13-135-0002","AQS"
"06/08/2005","105","Ozone","Kennesaw","13-067-0003","AQS"
"06/09/2005","75","PM2.5","Newnan","13-077-0002","AQS"
"06/10/2005","56","PM2.5","E. Rivers School","13-121-0032","AQS"
"06/11/2005","51","PM2.5","E. Rivers School","13-121-0032","AQS"
"06/12/2005","36","PM2.5","MACLAND AQUATIC CENTER","13-067-0004","AQS"
"06/13/2005","93","Ozone","Conyers","13-247-0001","AQS"
"06/14/2005","129","Ozone","Gwinnett","13-135-0002","AQS"
"06/15/2005","126","Ozone","Conyers","13-247-0001","AQS"
"06/16/2005","108","Ozone","Conyers","13-247-0001","AQS"
"06/17/2005","122","Ozone","Tucker-Idlewood Road","13-089-3001","AQS"
"06/18/2005","177","Ozone","Conyers","13-247-0001","AQS"
"06/19/2005","93","Ozone","Douglasville","13-097-0004","AQS"
"06/20/2005","115","Ozone","Douglasville","13-097-0004","AQS"
"06/21/2005","86","PM2.5","Newnan","13-077-0002","AQS"
"06/22/2005","159","Ozone","McDonough","13-151-0002","AQS"
"06/23/2005","187","Ozone","Douglasville","13-097-0004","AQS"
"06/24/2005","150","Ozone","Douglasville","13-097-0004","AQS"
"06/25/2005","140","Ozone","Douglasville","13-097-0004","AQS"
"06/26/2005","71","PM2.5","Yorkville, King Farm","13-223-0003","AQS"
"06/27/2005","69","PM2.5","E. Rivers School","13-121-0032","AQS"
"06/28/2005","64","PM2.5","Yorkville, King Farm","13-223-0003","AQS"
"06/29/2005","87","Ozone","Kennesaw","13-067-0003","AQS"
"06/30/2005","156","Ozone","Conyers","13-247-0001","AQS"
"07/01/2005","108","Ozone","Gwinnett","13-135-0002","AQS"
"07/02/2005","122","Ozone","United Avenue","13-121-0055","AQS"
"07/03/2005","88","PM2.5","United Avenue","13-121-0055","AQS"
"07/04/2005","80","PM2.5","Yorkville, King Farm","13-223-0003","AQS"
"07/05/2005","76","PM2.5","Gwinnett","13-135-0002","AQS"
"07/06/2005","57","PM2.5","Forest Park","13-063-0091","AQS"
"07/07/2005","50","PM2.5","Not Available","13-297-0001","AQS"
"07/08/2005","156","Ozone","McDonough","13-151-0002","AQS"
"07/09/2005","87","Ozone","Douglasville","13-097-0004","AQS"
"07/10/2005","55","PM2.5","Newnan","13-077-0002","AQS"
"07/11/2005","53","PM2.5","Not Available","13-297-0001","AQS"
"07/12/2005","70","PM2.5","Newnan","13-077-0002","AQS"
"07/13/2005","69","PM2.5","Gwinnett","13-135-0002","AQS"
"07/14/2005","77","Ozone","Gwinnett","13-135-0002","AQS"
"07/15/2005","55","PM2.5","E. Rivers School","13-121-0032","AQS"
"07/16/2005","52","PM2.5","E. Rivers School","13-121-0032","AQS"
"07/17/2005","56","PM2.5","South DeKalb","13-089-0002","AQS"
"07/18/2005","84","Ozone","Gwinnett","13-135-0002","AQS"
"07/19/2005","74","PM2.5","Gwinnett","13-135-0002","AQS"
"07/20/2005","86","PM2.5","Newnan","13-077-0002","AQS"
"07/21/2005","86","PM2.5","McDonough","13-151-0002","AQS"
"07/22/2005","108","Ozone","McDonough","13-151-0002","AQS"
"07/23/2005","140","Ozone","Newnan","13-077-0002","AQS"
"07/24/2005","147","Ozone","United Avenue","13-121-0055","AQS"
"07/25/2005","209","Ozone","United Avenue","13-121-0055","AQS"
"07/26/2005","205","Ozone","McDonough","13-151-0002","AQS"
"07/27/2005","164","Ozone","Conyers","13-247-0001","AQS"
"07/28/2005","111","PM2.5","McDonough","13-151-0002","AQS"
"07/29/2005","92","PM2.5","United Avenue","13-121-0055","AQS"
"07/30/2005","61","PM2.5","Fire Station #8","13-121-0039","AQS"
"07/31/2005","62","PM2.5","Yorkville, King Farm","13-223-0003","AQS"
"08/01/2005","56","PM2.5","Yorkville, King Farm","13-223-0003","AQS"
"08/02/2005","112","Ozone","Douglasville","13-097-0004","AQS"
"08/03/2005","159","Ozone","Douglasville","13-097-0004","AQS"
"08/04/2005","151","Ozone","Douglasville","13-097-0004","AQS"
"08/05/2005","97","Ozone","Douglasville","13-097-0004","AQS"
"08/06/2005","81","PM2.5","Yorkville, King Farm","13-223-0003","AQS"
"08/07/2005","42","PM2.5","United Avenue","13-121-0055","AQS"
"08/08/2005","58","PM2.5","Gwinnett","13-135-0002","AQS"
"08/09/2005","66","PM2.5","McDonough","13-151-0002","AQS"
"08/10/2005","78","PM2.5","Newnan","13-077-0002","AQS"
"08/11/2005","112","Ozone","Douglasville","13-097-0004","AQS"
"08/12/2005","84","Ozone","McDonough","13-151-0002","AQS"
"08/13/2005","93","Ozone","Tucker-Idlewood Road","13-089-3001","AQS"
"08/14/2005","93","Ozone","McDonough","13-151-0002","AQS"
"08/15/2005","122","Ozone","Newnan","13-077-0002","AQS"
"08/16/2005","90","PM2.5","Yorkville, King Farm","13-223-0003","AQS"
"08/17/2005","112","Ozone","Tucker-Idlewood Road","13-089-3001","AQS"
"08/18/2005","87","Ozone","Gwinnett","13-135-0002","AQS"
"08/19/2005","94","PM2.5","Doraville","13-089-2001","AQS"
"08/20/2005","126","Ozone","McDonough","13-151-0002","AQS"
"08/21/2005","93","Ozone","McDonough","13-151-0002","AQS"
"08/22/2005","129","Ozone","McDonough","13-151-0002","AQS"
"08/23/2005","87","PM2.5","MACLAND AQUATIC CENTER","13-067-0004","AQS"
"08/24/2005","107","PM2.5","Yorkville, King Farm","13-223-0003","AQS"
"08/25/2005","89","PM2.5","Yorkville, King Farm","13-223-0003","AQS"
"08/26/2005","156","Ozone","Douglasville","13-097-0004","AQS"
"08/27/2005","100","Ozone","Douglasville","13-097-0004","AQS"
"08/28/2005","65","PM2.5","Newnan","13-077-0002","AQS"
"08/29/2005","53","PM2.5","Newnan","13-077-0002","AQS"
"08/30/2005","53","PM2.5","Doraville","13-089-2001","AQS"
"08/31/2005","97","Ozone","McDonough","13-151-0002","AQS"
"09/01/2005","133","Ozone","DOT STORAGE FACILITY","13-113-0001","AQS"
"09/02/2005","136","Ozone","DOT STORAGE FACILITY","13-113-0001","AQS"
"09/03/2005","129","Ozone","Douglasville","13-097-0004","AQS"
"09/04/2005","119","Ozone","Douglasville","13-097-0004","AQS"
"09/05/2005","79","PM2.5","Yorkville, King Farm","13-223-0003","AQS"
"09/06/2005","63","PM2.5","Not Available","13-297-0001","AQS"
"09/07/2005","71","Ozone","Douglasville","13-097-0004","AQS"
"09/08/2005","77","Ozone","Newnan","13-077-0002","AQS"
"09/09/2005","119","Ozone","Newnan","13-077-0002","AQS"
"09/10/2005","164","Ozone","Douglasville","13-097-0004","AQS"
"09/11/2005","119","Ozone","Douglasville","13-097-0004","AQS"
"09/12/2005","150","Ozone","Georgia Station","13-231-9991","AQS"
"09/13/2005","147","Ozone","McDonough","13-151-0002","AQS"
"09/14/2005","136","Ozone","McDonough","13-151-0002","AQS"
"09/15/2005","126","Ozone","McDonough","13-151-0002","AQS"
"09/16/2005","88","PM2.5","Forest Park","13-063-0091","AQS"
"09/17/2005","82","PM2.5","Gwinnett","13-135-0002","AQS"
"09/18/2005","100","Ozone","Conyers","13-247-0001","AQS"
"09/19/2005","154","Ozone","DOT STORAGE FACILITY","13-113-0001","AQS"
"09/20/2005","154","Ozone","Kennesaw","13-067-0003","AQS"
"09/21/2005","143","Ozone","Yorkville, King Farm","13-223-0003","AQS"
"09/22/2005","68","PM2.5","MACLAND AQUATIC CENTER","13-067-0004","AQS"
"09/23/2005","63","PM2.5","Doraville","13-089-2001","AQS"
"09/24/2005","65","PM2.5","South DeKalb","13-089-0002","AQS"
"09/25/2005","66","PM2.5","South DeKalb","13-089-0002","AQS"
"09/26/2005","53","PM2.5","United Avenue","13-121-0055","AQS"
"09/27/2005","62","PM2.5","Yorkville, King Farm","13-223-0003","AQS"
"09/28/2005","78","PM2.5","Kennesaw","13-067-0003","AQS"
"09/29/2005","77","PM2.5","McDonough","13-151-0002","AQS"
"09/30/2005","84","Ozone","Yorkville, King Farm","13-223-0003","AQS"
"10/01/2005","87","PM2.5","Yorkville, King Farm","13-223-0003","AQS"
"10/02/2005","72","PM2.5","Doraville","13-089-2001","AQS"
"10/03/2005","101","Ozone","Douglasville","13-097-0004","AQS"
"10/04/2005","65","PM2.5","Kennesaw","13-067-0003","AQS"
"10/05/2005","63","PM2.5","United Avenue","13-121-0055","AQS"
"10/06/2005","22","PM2.5","United Avenue","13-121-0055","AQS"
"10/07/2005","49","PM2.5","Kennesaw","13-067-0003","AQS"
"10/08/2005","49","PM2.5","United Avenue","13-121-0055","AQS"
"10/09/2005","67","PM2.5","Newnan","13-077-0002","AQS"
"10/10/2005","72","PM2.5","Forest Park","13-063-0091","AQS"
"10/11/2005","78","PM2.5","Newnan","13-077-0002","AQS"
"10/12/2005","74","PM2.5","Newnan","13-077-0002","AQS"
"10/13/2005","82","PM2.5","Newnan","13-077-0002","AQS"
"10/14/2005","85","PM2.5","United Avenue","13-121-0055","AQS"
"10/15/2005","77","PM2.5","United Avenue","13-121-0055","AQS"
"10/16/2005","59","PM2.5","Fire Station #8","13-121-0039","AQS"
"10/17/2005","62","PM2.5","United Avenue","13-121-0055","AQS"
"10/18/2005","115","Ozone","Douglasville","13-097-0004","AQS"
"10/19/2005","115","Ozone","Georgia Station","13-231-9991","AQS"
"10/20/2005","98","PM2.5","Newnan","13-077-0002","AQS"
"10/21/2005","98","PM2.5","Newnan","13-077-0002","AQS"
"10/22/2005","61","PM2.5","Forest Park","13-063-0091","AQS"
"10/23/2005","61","PM2.5","United Avenue","13-121-0055","AQS"
"10/24/2005","52","PM2.5","South DeKalb","13-089-0002","AQS"
"10/25/2005","51","PM2.5","United Avenue","13-121-0055","AQS"
"10/26/2005","54","PM2.5","South DeKalb","13-089-0002","AQS"
"10/27/2005","70","PM2.5","United Avenue","13-121-0055","AQS"
"10/28/2005","71","PM2.5","Forest Park","13-063-0091","AQS"
"10/29/2005","80","PM2.5","South DeKalb","13-089-0002","AQS"
"10/30/2005","97","PM2.5","United Avenue","13-121-0055","AQS"
"10/31/2005","84","PM2.5","United Avenue","13-121-0055","AQS"
"11/01/2005","69","PM2.5","United Avenue","13-121-0055","AQS"
"11/02/2005","65","PM2.5","United Avenue","13-121-0055","AQS"
"11/03/2005","75","PM2.5","Kennesaw","13-067-0003","AQS"
"11/04/2005","77","PM2.5","United Avenue","13-121-0055","AQS"
"11/05/2005","74","PM2.5","United Avenue","13-121-0055","AQS"
"11/06/2005","72","PM2.5","Gwinnett","13-135-0002","AQS"
"11/07/2005","74","PM2.5","United Avenue","13-121-0055","AQS"
"11/08/2005","86","PM2.5","United Avenue","13-121-0055","AQS"
"11/09/2005","84","PM2.5","Fire Station #8","13-121-0039","AQS"
"11/10/2005","55","PM2.5","Doraville","13-089-2001","AQS"
"11/11/2005","58","PM2.5","South DeKalb","13-089-0002","AQS"
"11/12/2005","66","PM2.5","Kennesaw","13-067-0003","AQS"
"11/13/2005","62","PM2.5","Gwinnett","13-135-0002","AQS"
"11/14/2005","67","PM2.5","United Avenue","13-121-0055","AQS"
"11/15/2005","62","PM2.5","Doraville","13-089-2001","AQS"
"11/16/2005","48","PM2.5","United Avenue","13-121-0055","AQS"
"11/17/2005","42","PM2.5","United Avenue","13-121-0055","AQS"
"11/18/2005","64","PM2.5","Fire Station #8","13-121-0039","AQS"
"11/19/2005","69","PM2.5","E. Rivers School","13-121-0032","AQS"
"11/20/2005","63","PM2.5","Doraville","13-089-2001","AQS"
"11/21/2005","56","PM2.5","Forest Park","13-063-0091","AQS"
"11/22/2005","56","PM2.5","United Avenue","13-121-0055","AQS"
"11/23/2005","47","PM2.5","E. Rivers School","13-121-0032","AQS"
"11/24/2005","52","PM2.5","United Avenue","13-121-0055","AQS"
"11/25/2005","56","PM2.5","E. Rivers School","13-121-0032","AQS"
"11/26/2005","73","PM2.5","Doraville","13-089-2001","AQS"
"11/27/2005","71","PM2.5","Kennesaw","13-067-0003","AQS"
"11/28/2005","51","PM2.5","United Avenue","13-121-0055","AQS"
"11/29/2005","48","PM2.5","United Avenue","13-121-0055","AQS"
"11/30/2005","56","PM2.5","Forest Park","13-063-0091","AQS"
"12/01/2005","57","PM2.5","E. Rivers School","13-121-0032","AQS"
"12/02/2005","54","PM2.5","South DeKalb","13-089-0002","AQS"
"12/03/2005","78","PM2.5","E. Rivers School","13-121-0032","AQS"
"12/04/2005","56","PM2.5","United Avenue","13-121-0055","AQS"
"12/05/2005","58","PM2.5","E. Rivers School","13-121-0032","AQS"
"12/06/2005","74","PM2.5","Forest Park","13-063-0091","AQS"
"12/07/2005","65","PM2.5","South DeKalb","13-089-0002","AQS"
"12/08/2005","57","PM2.5","Doraville","13-089-2001","AQS"
"12/09/2005","57","PM2.5","Forest Park","13-063-0091","AQS"
"12/10/2005","64","PM2.5","E. Rivers School","13-121-0032","AQS"
"12/11/2005","59","PM2.5","E. Rivers School","13-121-0032","AQS"
"12/12/2005","65","PM2.5","Gwinnett","13-135-0002","AQS"
"12/13/2005","58","PM2.5","Doraville","13-089-2001","AQS"
"12/14/2005","67","PM2.5","Doraville","13-089-2001","AQS"
"12/15/2005","53","PM2.5","Doraville","13-089-2001","AQS"
"12/16/2005","52","PM2.5","Doraville","13-089-2001","AQS"
"12/17/2005","56","PM2.5","Doraville","13-089-2001","AQS"
"12/18/2005","62","PM2.5","E. Rivers School","13-121-0032","AQS"
"12/19/2005","68","PM2.5","Doraville","13-089-2001","AQS"
"12/20/2005","62","PM2.5","South DeKalb","13-089-0002","AQS"
"12/21/2005","59","PM2.5","E. Rivers School","13-121-0032","AQS"
"12/22/2005","83","NO2","Georgia Tech, Ford Environmental Science and Technology Bldg, roof","13-121-0048","AQS"
"12/23/2005","97","NO2","Georgia Tech, Ford Environmental Science and Technology Bldg, roof","13-121-0048","AQS"
"12/24/2005","91","PM2.5","Gwinnett","13-135-0002","AQS"
"12/25/2005","52","PM2.5","E. Rivers School","13-121-0032","AQS"
"12/26/2005","51","PM2.5","E. Rivers School","13-121-0032","AQS"
"12/27/2005","64","PM2.5","Fire Station #8","13-121-0039","AQS"
"12/28/2005","57","PM2.5","South DeKalb","13-089-0002","AQS"
"12/29/2005","68","PM2.5","MACLAND AQUATIC CENTER","13-067-0004","AQS"
"12/30/2005","67","PM2.5","Forest Park","13-063-0091","AQS"
"12/31/2005","59","PM2.5","United Avenue","13-121-0055","AQS"
"01/01/2006","120","PM2.5","Gwinnett","13-135-0002","AQS"
"01/02/2006","55","PM2.5","South DeKalb","13-089-0002","AQS"
"01/03/2006","63","PM2.5","United Avenue","13-121-0055","AQS"
"01/04/2006","66","PM2.5","United Avenue","13-121-0055","AQS"
"01/05/2006","74","PM2.5","South DeKalb","13-089-0002","AQS"
"01/06/2006","45","PM2.5","E. Rivers School","13-121-0032","AQS"
"01/07/2006","48","PM2.5","United Avenue","13-121-0055","AQS"
"01/08/2006","58","PM2.5","South DeKalb","13-089-0002","AQS"
"01/09/2006","57","PM2.5","United Avenue","13-121-0055","AQS"
"01/10/2006","66","PM2.5","United Avenue","13-121-0055","AQS"
"01/11/2006","69","PM2.5","South DeKalb","13-089-0002","AQS"
"01/12/2006","66","PM2.5","United Avenue","13-121-0055","AQS"
"01/13/2006","61","PM2.5","United Avenue","13-121-0055","AQS"
"01/14/2006","59","PM2.5","South DeKalb","13-089-0002","AQS"
"01/15/2006","51","PM2.5","E. Rivers School","13-121-0032","AQS"
"01/16/2006","55","PM2.5","United Avenue","13-121-0055","AQS"
"01/17/2006","53","PM2.5","United Avenue","13-121-0055","AQS"
"01/18/2006","46","PM2.5","United Avenue","13-121-0055","AQS"
"01/19/2006","64","NO2","Georgia Tech, Ford Environmental Science and Technology Bldg, roof","13-121-0048","AQS"
"01/20/2006","71","PM2.5","United Avenue","13-121-0055","AQS"
"01/21/2006","63","PM2.5","United Avenue","13-121-0055","AQS"
"01/22/2006","60","PM2.5","Doraville","13-089-2001","AQS"
"01/23/2006","52","PM2.5","Fire Station #8","13-121-0039","AQS"
"01/24/2006","40","NO2","South DeKalb","13-089-0002","AQS"
"01/25/2006","51","PM2.5","E. Rivers School","13-121-0032","AQS"
"01/26/2006","53","PM2.5","South DeKalb","13-089-0002","AQS"
"01/27/2006","61","PM2.5","Newnan","13-077-0002","AQS"
"01/28/2006","68","PM2.5","United Avenue","13-121-0055","AQS"
"01/29/2006","56","PM2.5","United Avenue","13-121-0055","AQS"
"01/30/2006","63","PM2.5","United Avenue","13-121-0055","AQS"
"01/31/2006","53","PM2.5","United Avenue","13-121-0055","AQS"
"02/01/2006","78","PM2.5","Fire Station #8","13-121-0039","AQS"
"02/02/2006","71","PM2.5","United Avenue","13-121-0055","AQS"
"02/03/2006","60","PM2.5","United Avenue","13-121-0055","AQS"
"02/04/2006","46","PM2.5","United Avenue","13-121-0055","AQS"
"02/05/2006","40","PM2.5","United Avenue","13-121-0055","AQS"
"02/06/2006","57","PM2.5","E. Rivers School","13-121-0032","AQS"
"02/07/2006","56","PM2.5","South DeKalb","13-089-0002","AQS"
"02/08/2006","52","PM2.5","United Avenue","13-121-0055","AQS"
"02/09/2006","55","PM2.5","E. Rivers School","13-121-0032","AQS"
"02/10/2006","84","PM2.5","Fire Station #8","13-121-0039","AQS"
"02/11/2006","63","PM2.5","United Avenue","13-121-0055","AQS"
"02/12/2006","54","PM2.5","United Avenue","13-121-0055","AQS"
"02/13/2006","61","PM2.5","South DeKalb","13-089-0002","AQS"
"02/14/2006","74","PM2.5","Fire Station #8","13-121-0039","AQS"
"02/15/2006","80","PM2.5","Not Available","13-297-0001","AQS"
"02/16/2006","81","PM2.5","Not Available","13-297-0001","AQS"
"02/17/2006","71","PM2.5","United Avenue","13-121-0055","AQS"
"02/18/2006","59","PM2.5","South DeKalb","13-089-0002","AQS"
"02/19/2006","80","PM2.5","Fire Station #8","13-121-0039","AQS"
"02/20/2006","73","PM2.5","E. Rivers School","13-121-0032","AQS"
"02/21/2006","66","PM2.5","Doraville","13-089-2001","AQS"
"02/22/2006","61","PM2.5","Fire Station #8","13-121-0039","AQS"
"02/23/2006","52","PM2.5","United Avenue","13-121-0055","AQS"
"02/24/2006","55","PM2.5","United Avenue","13-121-0055","AQS"
"02/25/2006","57","PM2.5","Fire Station #8","13-121-0039","AQS"
"02/26/2006","52","PM2.5","United Avenue","13-121-0055","AQS"
"02/27/2006","50","PM2.5","United Avenue","13-121-0055","AQS"
"02/28/2006","74","Ozone","Georgia Station","13-231-9991","AQS"
"03/01/2006","77","PM2.5","United Avenue","13-121-0055","AQS"
"03/02/2006","81","PM2.5","United Avenue","13-121-0055","AQS"
"03/03/2006","64","PM2.5","United Avenue","13-121-0055","AQS"
"03/04/2006","61","PM2.5","United Avenue","13-121-0055","AQS"
"03/05/2006","67","Ozone","Georgia Station","13-231-9991","AQS"
"03/06/2006","76","PM2.5","United Avenue","13-121-0055","AQS"
"03/07/2006","68","PM2.5","United Avenue","13-121-0055","AQS"
"03/08/2006","88","PM2.5","Newnan","13-077-0002","AQS"
"03/09/2006","106","PM2.5","United Avenue","13-121-0055","AQS"
"03/10/2006","55","PM2.5","United Avenue","13-121-0055","AQS"
"03/11/2006","65","PM2.5","United Avenue","13-121-0055","AQS"
"03/12/2006","83","PM2.5","Doraville","13-089-2001","AQS"
"03/13/2006","61","PM2.5","United Avenue","13-121-0055","AQS"
"03/14/2006","49","Ozone","Georgia Station","13-231-9991","AQS"
"03/15/2006","61","Ozone","Dawsonville","13-085-0001","AQS"
"03/16/2006","74","Ozone","Yorkville, King Farm","13-223-0003","AQS"
"03/17/2006","71","PM2.5","United Avenue","13-121-0055","AQS"
"03/18/2006","72","PM2.5","Doraville","13-089-2001","AQS"
"03/19/2006","72","PM2.5","United Avenue","13-121-0055","AQS"
"03/20/2006","68","PM2.5","United Avenue","13-121-0055","AQS"
"03/21/2006","52","PM2.5","United Avenue","13-121-0055","AQS"
"03/22/2006","60","PM2.5","United Avenue","13-121-0055","AQS"
"03/23/2006","69","PM2.5","United Avenue","13-121-0055","AQS"
"03/24/2006","60","PM2.5","United Avenue","13-121-0055","AQS"
"03/25/2006","55","PM2.5","United Avenue","13-121-0055","AQS"
"03/26/2006","56","PM2.5","United Avenue","13-121-0055","AQS"
"03/27/2006","71","Ozone","Georgia Station","13-231-9991","AQS"
"03/28/2006","82","PM2.5","United Avenue","13-121-0055","AQS"
"03/29/2006","80","Ozone","Douglasville","13-097-0004","AQS"
"03/30/2006","110","PM2.5","Not Available","13-297-0001","AQS"
"03/31/2006","84","Ozone","Dawsonville","13-085-0001","AQS"
"04/01/2006","67","PM2.5","United Avenue","13-121-0055","AQS"
"04/02/2006","80","PM2.5","United Avenue","13-121-0055","AQS"
"04/03/2006","57","PM2.5","United Avenue","13-121-0055","AQS"
"04/04/2006","64","Ozone","Georgia Station","13-231-9991","AQS"
"04/05/2006","80","Ozone","Douglasville","13-097-0004","AQS"
"04/06/2006","112","Ozone","Georgia Station","13-231-9991","AQS"
"04/07/2006","71","Ozone","Georgia Station","13-231-9991","AQS"
"04/08/2006","58","PM2.5","United Avenue","13-121-0055","AQS"
"04/09/2006","61","Ozone","Georgia Station","13-231-9991","AQS"
"04/10/2006","87","Ozone","Dawsonville","13-085-0001","AQS"
"04/11/2006","100","Ozone","Dawsonville","13-085-0001","AQS"
"04/12/2006","71","PM2.5","United Avenue","13-121-0055","AQS"
"04/13/2006","101","Ozone","Georgia Station","13-231-9991","AQS"
"04/14/2006","105","Ozone","Douglasville","13-097-0004","AQS"
"04/15/2006","80","Ozone","Douglasville","13-097-0004","AQS"
"04/16/2006","62","PM2.5","United Avenue","13-121-0055","AQS"
"04/17/2006","73","PM2.5","McDonough","13-151-0002","AQS"
"04/18/2006","90","Ozone","Yorkville, King Farm","13-223-0003","AQS"
"04/19/2006","89","PM2.5","Newnan","13-077-0002","AQS"
"04/20/2006","100","Ozone","Georgia Station","13-231-9991","AQS"
"04/21/2006","66","PM2.5","United Avenue","13-121-0055","AQS"
"04/22/2006","57","PM2.5","United Avenue","13-121-0055","AQS"
"04/23/2006","112","Ozone","Gwinnett","13-135-0002","AQS"
"04/24/2006","133","Ozone","Gwinnett","13-135-0002","AQS"
"04/25/2006","105","Ozone","Dawsonville","13-085-0001","AQS"
"04/26/2006","70","PM2.5","United Avenue","13-121-0055","AQS"
"04/27/2006","74","Ozone","Douglasville","13-097-0004","AQS"
"04/28/2006","112","Ozone","Kennesaw","13-067-0003","AQS"
"04/29/2006","80","Ozone","Georgia Station","13-231-9991","AQS"
"04/30/2006","54","PM2.5","United Avenue","13-121-0055","AQS"
"05/01/2006","84","Ozone","Kennesaw","13-067-0003","AQS"
"05/02/2006","100","Ozone","Conyers","13-247-0001","AQS"
"05/03/2006","77","PM2.5","United Avenue","13-121-0055","AQS"
"05/04/2006","74","PM2.5","United Avenue","13-121-0055","AQS"
"05/05/2006","66","PM2.5","United Avenue","13-121-0055","AQS"
"05/06/2006","77","Ozone","McDonough","13-151-0002","AQS"
"05/07/2006","79","PM2.5","United Avenue","13-121-0055","AQS"
"05/08/2006","78","PM2.5","Newnan","13-077-0002","AQS"
"05/09/2006","77","PM2.5","Yorkville, King Farm","13-223-0003","AQS"
"05/10/2006","74","PM2.5","United Avenue","13-121-0055","AQS"
"05/11/2006","58","Ozone","Georgia Station","13-231-9991","AQS"
"05/12/2006","61","Ozone","Douglasville","13-097-0004","AQS"
"05/13/2006","74","Ozone","Dawsonville","13-085-0001","AQS"
"05/14/2006","54","PM2.5","United Avenue","13-121-0055","AQS"
"05/15/2006","49","PM2.5","United Avenue","13-121-0055","AQS"
"05/16/2006","61","PM2.5","United Avenue","13-121-0055","AQS"
"05/17/2006","61","PM2.5","Gwinnett","13-135-0002","AQS"
"05/18/2006","74","Ozone","Douglasville","13-097-0004","AQS"
"05/19/2006","77","Ozone","Douglasville","13-097-0004","AQS"
"05/20/2006","108","Ozone","Gwinnett","13-135-0002","AQS"
"05/21/2006","64","Ozone","Conyers","13-247-0001","AQS"
"05/22/2006","101","Ozone","McDonough","13-151-0002","AQS"
"05/23/2006","119","Ozone","Conyers","13-247-0001","AQS"
"05/24/2006","166","Ozone","Conyers","13-247-0001","AQS"
"05/25/2006","101","Ozone","Conyers","13-247-0001","AQS"
"05/26/2006","84","PM2.5","United Avenue","13-121-0055","AQS"
"05/27/2006","80","PM2.5","Not Available","13-297-0001","AQS"
"05/28/2006","126","Ozone","Newnan","13-077-0002","AQS"
"05/29/2006","140","Ozone","Douglasville","13-097-0004","AQS"
"05/30/2006","200","Ozone","Douglasville","13-097-0004","AQS"
"05/31/2006","177","Ozone","Yorkville, King Farm","13-223-0003","AQS"
"06/01/2006","119","Ozone","Kennesaw","13-067-0003","AQS"
"06/02/2006","66","PM2.5","United Avenue","13-121-0055","AQS"
"06/03/2006","84","Ozone","Georgia Station","13-231-9991","AQS"
"06/04/2006","119","Ozone","McDonough","13-151-0002","AQS"
"06/05/2006","115","Ozone","Georgia Station","13-231-9991","AQS"
"06/06/2006","150","Ozone","Georgia Station","13-231-9991","AQS"
"06/07/2006","126","Ozone","Tucker-Idlewood Road","13-089-3001","AQS"
"06/08/2006","122","Ozone","Conyers","13-247-0001","AQS"
"06/09/2006","166","Ozone","Georgia Station","13-231-9991","AQS"
"06/10/2006","187","Ozone","Conyers","13-247-0001","AQS"
"06/11/2006","147","Ozone","Gwinnett","13-135-0002","AQS"
"06/12/2006","80","PM2.5","United Avenue","13-121-0055","AQS"
"06/13/2006","82","PM2.5","South DeKalb","13-089-0002","AQS"
"06/14/2006","140","Ozone","Conyers","13-247-0001","AQS"
"06/15/2006","195","Ozone","DOT STORAGE FACILITY","13-113-0001","AQS"
"06/16/2006","169","Ozone","Kennesaw","13-067-0003","AQS"
"06/17/2006","133","Ozone","Kennesaw","13-067-0003","AQS"
"06/18/2006","129","Ozone","Kennesaw","13-067-0003","AQS"
"06/19/2006","119","Ozone","Gwinnett","13-135-0002","AQS"
"06/20/2006","174","Ozone","Conyers","13-247-0001","AQS"
"06/21/2006","203","Ozone","Conyers","13-247-0001","AQS"
"06/22/2006","203","Ozone","Gwinnett","13-135-0002","AQS"
"06/23/2006","217","Ozone","South DeKalb","13-089-0002","AQS"
"06/24/2006","133","Ozone","United Avenue","13-121-0055","AQS"
"06/25/2006","56","PM2.5","Forest Park","13-063-0091","AQS"
"06/26/2006","55","PM2.5","United Avenue","13-121-0055","AQS"
"06/27/2006","100","Ozone","McDonough","13-151-0002","AQS"
"06/28/2006","136","Ozone","Gwinnett","13-135-0002","AQS"
"06/29/2006","156","Ozone","Georgia Station","13-231-9991","AQS"
"06/30/2006","179","Ozone","Georgia Station","13-231-9991","AQS"
"07/01/2006","192","Ozone","DOT STORAGE FACILITY","13-113-0001","AQS"
"07/02/2006","174","Ozone","Douglasville","13-097-0004","AQS"
"07/03/2006","177","Ozone","Gwinnett","13-135-0002","AQS"
"07/04/2006","132","PM2.5","Gwinnett","13-135-0002","AQS"
"07/05/2006","161","Ozone","Gwinnett","13-135-0002","AQS"
"07/06/2006","80","PM2.5","United Avenue","13-121-0055","AQS"
"07/07/2006","101","Ozone","Yorkville, King Farm","13-223-0003","AQS"
"07/08/2006","150","Ozone","Kennesaw","13-067-0003","AQS"
"07/09/2006","103","PM2.5","McDonough","13-151-0002","AQS"
"07/10/2006","116","PM2.5","Not Available","13-297-0001","AQS"
"07/11/2006","166","Ozone","Gwinnett","13-135-0002","AQS"
"07/12/2006","129","Ozone","Dawsonville","13-085-0001","AQS"
"07/13/2006","105","Ozone","Gwinnett","13-135-0002","AQS"
"07/14/2006","87","Ozone","Gwinnett","13-135-0002","AQS"
"07/15/2006","81","PM2.5","Gwinnett","13-135-0002","AQS"
"07/16/2006","122","Ozone","South DeKalb","13-089-0002","AQS"
"07/17/2006","177","Ozone","Douglasville","13-097-0004","AQS"
"07/18/2006","201","Ozone","United Avenue","13-121-0055","AQS"
"07/19/2006","203","Ozone","Douglasville","13-097-0004","AQS"
"07/20/2006","203","Ozone","Kennesaw","13-067-0003","AQS"
"07/21/2006","206","Ozone","Gwinnett","13-135-0002","AQS"
"07/22/2006","140","Ozone","Gwinnett","13-135-0002","AQS"
"07/23/2006","86","PM2.5","United Avenue","13-121-0055","AQS"
"07/24/2006","95","PM2.5","United Avenue","13-121-0055","AQS"
"07/25/2006","90","PM2.5","United Avenue","13-121-0055","AQS"
"07/26/2006","67","PM2.5","Not Available","13-297-0001","AQS"
"07/27/2006","108","Ozone","Gwinnett","13-135-0002","AQS"
"07/28/2006","89","PM2.5","Gwinnett","13-135-0002","AQS"
"07/29/2006","66","PM2.5","United Avenue","13-121-0055","AQS"
"07/30/2006","77","PM2.5","United Avenue","13-121-0055","AQS"
"07/31/2006","126","Ozone","Conyers","13-247-0001","AQS"
"08/01/2006","151","Ozone","Conyers","13-247-0001","AQS"
"08/02/2006","129","Ozone","Conyers","13-247-0001","AQS"
"08/03/2006","94","PM2.5","McDonough","13-151-0002","AQS"
"08/04/2006","147","Ozone","McDonough","13-151-0002","AQS"
"08/05/2006","147","Ozone","Douglasville","13-097-0004","AQS"
"08/06/2006","105","Ozone","Kennesaw","13-067-0003","AQS"
"08/07/2006","136","Ozone","South DeKalb","13-089-0002","AQS"
"08/08/2006","97","Ozone","Georgia Station","13-231-9991","AQS"
"08/09/2006","161","Ozone","United Avenue","13-121-0055","AQS"
"08/10/2006","122","Ozone","South DeKalb","13-089-0002","AQS"
"08/11/2006","112","Ozone","McDonough","13-151-0002","AQS"
"08/12/2006","73","PM2.5","United Avenue","13-121-0055","AQS"
"08/13/2006","64","PM2.5","Newnan","13-077-0002","AQS"
"08/14/2006","87","Ozone","Kennesaw","13-067-0003","AQS"
"08/15/2006","74","PM2.5","United Avenue","13-121-0055","AQS"
"08/16/2006","108","Ozone","Douglasville","13-097-0004","AQS"
"08/17/2006","126","Ozone","Kennesaw","13-067-0003","AQS"
"08/18/2006","174","Ozone","Douglasville","13-097-0004","AQS"
"08/19/2006","154","Ozone","Kennesaw","13-067-0003","AQS"
"08/20/2006","154","Ozone","McDonough","13-151-0002","AQS"
"08/21/2006","169","Ozone","South DeKalb","13-089-0002","AQS"
"08/22/2006","87","Ozone","McDonough","13-151-0002","AQS"
"08/23/2006","96","PM2.5","United Avenue","13-121-0055","AQS"
"08/24/2006","119","Ozone","Yorkville, King Farm","13-223-0003","AQS"
"08/25/2006","100","Ozone","Yorkville, King Farm","13-223-0003","AQS"
"08/26/2006","84","Ozone","Douglasville","13-097-0004","AQS"
"08/27/2006","74","PM2.5","United Avenue","13-121-0055","AQS"
"08/28/2006","71","PM2.5","Gwinnett","13-135-0002","AQS"
"08/29/2006","74","PM2.5","McDonough","13-151-0002","AQS"
"08/30/2006","87","PM2.5","United Avenue","13-121-0055","AQS"
"08/31/2006","67","PM2.5","Newnan","13-077-0002","AQS"
"09/01/2006","61","PM2.5","Newnan","13-077-0002","AQS"
"09/02/2006","83","PM2.5","United Avenue","13-121-0055","AQS"
"09/03/2006","84","PM2.5","United Avenue","13-121-0055","AQS"
"09/04/2006","78","PM2.5","United Avenue","13-121-0055","AQS"
"09/05/2006","102","PM2.5","Gwinnett","13-135-0002","AQS"
"09/06/2006","89","PM2.5","Newnan","13-077-0002","AQS"
"09/07/2006","71","PM2.5","United Avenue","13-121-0055","AQS"
"09/08/2006","100","Ozone","Yorkville, King Farm","13-223-0003","AQS"
"09/09/2006","87","Ozone","Kennesaw","13-067-0003","AQS"
"09/10/2006","92","PM2.5","United Avenue","13-121-0055","AQS"
"09/11/2006","112","PM2.5","Newnan","13-077-0002","AQS"
"09/12/2006","87","PM2.5","United Avenue","13-121-0055","AQS"
"09/13/2006","56","PM2.5","Newnan","13-077-0002","AQS"
"09/14/2006","71","Ozone","Georgia Station","13-231-9991","AQS"
"09/15/2006","140","Ozone","Douglasville","13-097-0004","AQS"
"09/16/2006","133","Ozone","Douglasville","13-097-0004","AQS"
"09/17/2006","89","PM2.5","Newnan","13-077-0002","AQS"
"09/18/2006","70","PM2.5","Gwinnett","13-135-0002","AQS"
"09/19/2006","55","PM2.5","Doraville","13-089-2001","AQS"
"09/20/2006","57","PM2.5","United Avenue","13-121-0055","AQS"
"09/21/2006","65","PM2.5","United Avenue","13-121-0055","AQS"
"09/22/2006","77","PM2.5","United Avenue","13-121-0055","AQS"
"09/23/2006","69","PM2.5","United Avenue","13-121-0055","AQS"
"09/24/2006","55","PM2.5","United Avenue","13-121-0055","AQS"
"09/25/2006","53","PM2.5","United Avenue","13-121-0055","AQS"
"09/26/2006","76","PM2.5","Kennesaw","13-067-0003","AQS"
"09/27/2006","72","PM2.5","United Avenue","13-121-0055","AQS"
"09/28/2006","77","Ozone","Douglasville","13-097-0004","AQS"
"09/29/2006","109","PM2.5","Kennesaw","13-067-0003","AQS"
"09/30/2006","76","PM2.5","United Avenue","13-121-0055","AQS"
"10/01/2006","75","PM2.5","United Avenue","13-121-0055","AQS"
"10/02/2006","80","Ozone","Yorkville, King Farm","13-223-0003","AQS"
"10/03/2006","83","PM2.5","United Avenue","13-121-0055","AQS"
"10/04/2006","93","PM2.5","United Avenue","13-121-0055","AQS"
"10/05/2006","119","PM2.5","E. Rivers School","13-121-0032","AQS"
"10/06/2006","70","PM2.5","Not Available","13-297-0001","AQS"
"10/07/2006","58","PM2.5","United Avenue","13-121-0055","AQS"
"10/08/2006","52","PM2.5","United Avenue","13-121-0055","AQS"
"10/09/2006","52","PM2.5","United Avenue","13-121-0055","AQS"
"10/10/2006","64","Ozone","Georgia Station","13-231-9991","AQS"
"10/11/2006","74","PM2.5","United Avenue","13-121-0055","AQS"
"10/12/2006","58","PM2.5","United Avenue","13-121-0055","AQS"
"10/13/2006","44","PM2.5","United Avenue","13-121-0055","AQS"
"10/14/2006","55","PM2.5","United Avenue","13-121-0055","AQS"
"10/15/2006","57","PM2.5","United Avenue","13-121-0055","AQS"
"10/16/2006","61","PM2.5","United Avenue","13-121-0055","AQS"
"10/17/2006","67","PM2.5","South DeKalb","13-089-0002","AQS"
"10/18/2006","78","PM2.5","United Avenue","13-121-0055","AQS"
"10/19/2006","98","PM2.5","United Avenue","13-121-0055","AQS"
"10/20/2006","43","PM2.5","United Avenue","13-121-0055","AQS"
"10/21/2006","59","PM2.5","United Avenue","13-121-0055","AQS"
"10/22/2006","63","PM2.5","United Avenue","13-121-0055","AQS"
"10/23/2006","55","PM2.5","United Avenue","13-121-0055","AQS"
"10/24/2006","57","PM2.5","United Avenue","13-121-0055","AQS"
"10/25/2006","67","PM2.5","United Avenue","13-121-0055","AQS"
"10/26/2006","75","PM2.5","United Avenue","13-121-0055","AQS"
"10/27/2006","56","PM2.5","United Avenue","13-121-0055","AQS"
"10/28/2006","51","PM2.5","United Avenue","13-121-0055","AQS"
"10/29/2006","60","PM2.5","South DeKalb","13-089-0002","AQS"
"10/30/2006","63","PM2.5","South DeKalb","13-089-0002","AQS"
"10/31/2006","74","PM2.5","United Avenue","13-121-0055","AQS"
"11/01/2006","81","PM2.5","United Avenue","13-121-0055","AQS"
"11/02/2006","52","PM2.5","United Avenue","13-121-0055","AQS"
"11/03/2006","40","PM2.5","United Avenue","13-121-0055","AQS"
"11/04/2006","57","PM2.5","MACLAND AQUATIC CENTER","13-067-0004","AQS"
"11/05/2006","59","PM2.5","United Avenue","13-121-0055","AQS"
"11/06/2006","59","PM2.5","United Avenue","13-121-0055","AQS"
"11/07/2006","64","PM2.5","Georgia Tech, Ford Environmental Science and Technology Bldg, roof","13-121-0048","AQS"
"11/08/2006","70","PM2.5","Doraville","13-089-2001","AQS"
"11/09/2006","76","PM2.5","United Avenue","13-121-0055","AQS"
"11/10/2006","89","PM2.5","United Avenue","13-121-0055","AQS"
"11/11/2006","77","PM2.5","Gwinnett","13-135-0002","AQS"
"11/12/2006","46","PM2.5","E. Rivers School","13-121-0032","AQS"
"11/13/2006","71","PM2.5","South DeKalb","13-089-0002","AQS"
"11/14/2006","68","PM2.5","United Avenue","13-121-0055","AQS"
"11/15/2006","71","PM2.5","United Avenue","13-121-0055","AQS"
"11/16/2006","37","PM2.5","United Avenue","13-121-0055","AQS"
"11/17/2006","54","PM2.5","United Avenue","13-121-0055","AQS"
"11/18/2006","63","PM2.5","Doraville","13-089-2001","AQS"
"11/19/2006","76","PM2.5","Georgia Tech, Ford Environmental Science and Technology Bldg, roof","13-121-0048","AQS"
"11/20/2006","52","PM2.5","South DeKalb","13-089-0002","AQS"
"11/21/2006","66","PM2.5","Doraville","13-089-2001","AQS"
"11/22/2006","54","PM2.5","United Avenue","13-121-0055","AQS"
"11/23/2006","62","PM2.5","E. Rivers School","13-121-0032","AQS"
"11/24/2006","59","PM2.5","South DeKalb","13-089-0002","AQS"
"11/25/2006","71","PM2.5","Gwinnett","13-135-0002","AQS"
"11/26/2006","73","PM2.5","E. Rivers School","13-121-0032","AQS"
"11/27/2006","71","PM2.5","Gwinnett","13-135-0002","AQS"
"11/28/2006","68","PM2.5","Kennesaw","13-067-0003","AQS"
"11/29/2006","56","PM2.5","United Avenue","13-121-0055","AQS"
"11/30/2006","46","PM2.5","United Avenue","13-121-0055","AQS"
"12/01/2006","41","PM2.5","United Avenue","13-121-0055","AQS"
"12/02/2006","59","PM2.5","E. Rivers School","13-121-0032","AQS"
"12/03/2006","58","PM2.5","E. Rivers School","13-121-0032","AQS"
"12/04/2006","55","PM2.5","Forest Park","13-063-0091","AQS"
"12/05/2006","61","PM2.5","United Avenue","13-121-0055","AQS"
"12/06/2006","72","PM2.5","United Avenue","13-121-0055","AQS"
"12/07/2006","154","PM2.5","South DeKalb","13-089-0002","AQS"
"12/08/2006","54","PM2.5","E. Rivers School","13-121-0032","AQS"
"12/09/2006","76","PM2.5","E. Rivers School","13-121-0032","AQS"
"12/10/2006","93","PM2.5","Kennesaw","13-067-0003","AQS"
"12/11/2006","73","PM2.5","Gwinnett","13-135-0002","AQS"
"12/12/2006","62","PM2.5","South DeKalb","13-089-0002","AQS"
"12/13/2006","72","PM2.5","United Avenue","13-121-0055","AQS"
"12/14/2006","82","PM2.5","United Avenue","13-121-0055","AQS"
"12/15/2006","70","PM2.5","South DeKalb","13-089-0002","AQS"
"12/16/2006","77","PM2.5","Forest Park","13-063-0091","AQS"
"12/17/2006","82","PM2.5","United Avenue","13-121-0055","AQS"
"12/18/2006","84","PM2.5","United Avenue","13-121-0055","AQS"
"12/19/2006","88","PM2.5","Forest Park","13-063-0091","AQS"
"12/20/2006","64","PM2.5","Newnan","13-077-0002","AQS"
"12/21/2006","65","PM2.5","E. Rivers School","13-121-0032","AQS"
"12/22/2006","47","PM2.5","United Avenue","13-121-0055","AQS"
"12/23/2006","51","PM2.5","E. Rivers School","13-121-0032","AQS"
"12/24/2006","55","PM2.5","United Avenue","13-121-0055","AQS"
"12/25/2006","33","PM2.5","South DeKalb","13-089-0002","AQS"
"12/26/2006","45","PM2.5","United Avenue","13-121-0055","AQS"
"12/27/2006","60","PM2.5","United Avenue","13-121-0055","AQS"
"12/28/2006","70","PM2.5","South DeKalb","13-089-0002","AQS"
"12/29/2006","60","PM2.5","E. Rivers School","13-121-0032","AQS"
"12/30/2006","59","PM2.5","E. Rivers School","13-121-0032","AQS"
"12/31/2006","51","PM2.5","South DeKalb","13-089-0002","AQS"
"01/01/2007","47","PM2.5","United Avenue","13-121-0055","AQS"
"01/02/2007","52","PM2.5","United Avenue","13-121-0055","AQS"
"01/03/2007","57","PM2.5","South DeKalb","13-089-0002","AQS"
"01/04/2007","60","PM2.5","United Avenue","13-121-0055","AQS"
"01/05/2007","44","PM2.5","United Avenue","13-121-0055","AQS"
"01/06/2007","58","PM2.5","United Avenue","13-121-0055","AQS"
"01/07/2007","62","PM2.5","United Avenue","13-121-0055","AQS"
"01/08/2007","36","PM2.5","United Avenue","13-121-0055","AQS"
"01/09/2007","41","PM2.5","United Avenue","13-121-0055","AQS"
"01/10/2007","48","PM2.5","United Avenue","13-121-0055","AQS"
"01/11/2007","56","PM2.5","South DeKalb","13-089-0002","AQS"
"01/12/2007","63","PM2.5","Doraville","13-089-2001","AQS"
"01/13/2007","68","PM2.5","United Avenue","13-121-0055","AQS"
"01/14/2007","64","PM2.5","United Avenue","13-121-0055","AQS"
"01/15/2007","51","PM2.5","United Avenue","13-121-0055","AQS"
"01/16/2007","48","PM2.5","United Avenue","13-121-0055","AQS"
"01/17/2007","51","PM2.5","United Avenue","13-121-0055","AQS"
"01/18/2007","59","PM2.5","Kennesaw","13-067-0003","AQS"
"01/19/2007","54","PM2.5","United Avenue","13-121-0055","AQS"
"01/20/2007","45","PM2.5","United Avenue","13-121-0055","AQS"
"01/21/2007","53","PM2.5","E. Rivers School","13-121-0032","AQS"
"01/22/2007","52","PM2.5","United Avenue","13-121-0055","AQS"
"01/23/2007","56","PM2.5","United Avenue","13-121-0055","AQS"
"01/24/2007","62","PM2.5","Forest Park","13-063-0091","AQS"
"01/25/2007","54","PM2.5","E. Rivers School","13-121-0032","AQS"
"01/26/2007","60","PM2.5","E. Rivers School","13-121-0032","AQS"
"01/27/2007","64","PM2.5","United Avenue","13-121-0055","AQS"
"01/28/2007","49","PM2.5","United Avenue","13-121-0055","AQS"
"01/29/2007","53","PM2.5","United Avenue","13-121-0055","AQS"
"01/30/2007","57","PM2.5","South DeKalb","13-089-0002","AQS"
"01/31/2007","58","PM2.5","South DeKalb","13-089-0002","AQS"
"02/01/2007","67","PM2.5","E. Rivers School","13-121-0032","AQS"
"02/02/2007","66","PM2.5","Georgia Tech, Ford Environmental Science and Technology Bldg, roof","13-121-0048","AQS"
"02/03/2007","57","PM2.5","South DeKalb","13-089-0002","AQS"
"02/04/2007","57","PM2.5","E. Rivers School","13-121-0032","AQS"
"02/05/2007","46","PM2.5","Forest Park","13-063-0091","AQS"
"02/06/2007","54","PM2.5","United Avenue","13-121-0055","AQS"
"02/07/2007","70","PM2.5","United Avenue","13-121-0055","AQS"
"02/08/2007","59","PM2.5","Yorkville, King Farm","13-223-0003","AQS"
"02/09/2007","53","PM2.5","South DeKalb","13-089-0002","AQS"
"02/10/2007","53","PM2.5","E. Rivers School","13-121-0032","AQS"
"02/11/2007","59","PM2.5","Doraville","13-089-2001","AQS"
"02/12/2007","64","PM2.5","E. Rivers School","13-121-0032","AQS"
"02/13/2007","76","PM2.5","United Avenue","13-121-0055","AQS"
"02/14/2007","57","PM2.5","Doraville","13-089-2001","AQS"
"02/15/2007","53","PM2.5","United Avenue","13-121-0055","AQS"
"02/16/2007","59","PM2.5","E. Rivers School","13-121-0032","AQS"
"02/17/2007","66","PM2.5","E. Rivers School","13-121-0032","AQS"
"02/18/2007","52","PM2.5","United Avenue","13-121-0055","AQS"
"02/19/2007","58","PM2.5","South DeKalb","13-089-0002","AQS"
"02/20/2007","58","PM2.5","United Avenue","13-121-0055","AQS"
"02/21/2007","55","PM2.5","United Avenue","13-121-0055","AQS"
"02/22/2007","47","Ozone","Georgia Station","13-231-9991","AQS"
"02/23/2007","42","PM2.5","United Avenue","13-121-0055","AQS"
"02/24/2007","61","PM2.5","United Avenue","13-121-0055","AQS"
"02/25/2007","56","PM2.5","United Avenue","13-121-0055","AQS"
"02/26/2007","49","Ozone","Georgia Station","13-231-9991","AQS"
"02/27/2007","67","NO2","Georgia Tech, Ford Environmental Science and Technology Bldg, roof","13-121-0048","AQS"
"02/28/2007","106","PM2.5","South DeKalb","13-089-0002","AQS"
"03/01/2007","70","PM2.5","United Avenue","13-121-0055","AQS"
"03/02/2007","47","PM2.5","Doraville","13-089-2001","AQS"
"03/03/2007","47","Ozone","Georgia Station","13-231-9991","AQS"
"03/04/2007","47","PM2.5","United Avenue","13-121-0055","AQS"
"03/05/2007","46","PM2.5","United Avenue","13-121-0055","AQS"
"03/06/2007","54","PM2.5","South DeKalb","13-089-0002","AQS"
"03/07/2007","87","Ozone","Yorkville, King Farm","13-223-0003","AQS"
"03/08/2007","133","Ozone","Dawsonville","13-085-0001","AQS"
"03/09/2007","100","PM2.5","McDonough","13-151-0002","AQS"
"03/10/2007","82","PM2.5","United Avenue","13-121-0055","AQS"
"03/11/2007","93","Ozone","Georgia Station","13-231-9991","AQS"
"03/12/2007","108","Ozone","Georgia Station","13-231-9991","AQS"
"03/13/2007","96","PM2.5","Newnan","13-077-0002","AQS"
"03/14/2007","88","PM2.5","United Avenue","13-121-0055","AQS"
"03/15/2007","80","PM2.5","United Avenue","13-121-0055","AQS"
"03/16/2007","54","PM2.5","United Avenue","13-121-0055","AQS"
"03/17/2007","48","PM2.5","United Avenue","13-121-0055","AQS"
"03/18/2007","54","PM2.5","United Avenue","13-121-0055","AQS"
"03/19/2007","80","Ozone","Georgia Station","13-231-9991","AQS"
"03/20/2007","84","PM2.5","McDonough","13-151-0002","AQS"
"03/21/2007","92","PM2.5","Not Available","13-297-0001","AQS"
"03/22/2007","64","PM2.5","Gwinnett","13-135-0002","AQS"
"03/23/2007","80","Ozone","Dawsonville","13-085-0001","AQS"
"03/24/2007","101","Ozone","South DeKalb","13-089-0002","AQS"
"03/25/2007","115","Ozone","Georgia Station","13-231-9991","AQS"
"03/26/2007","93","PM2.5","United Avenue","13-121-0055","AQS"
"03/27/2007","80","PM2.5","United Avenue","13-121-0055","AQS"
"03/28/2007","88","PM2.5","Doraville","13-089-2001","AQS"
"03/29/2007","86","PM2.5","United Avenue","13-121-0055","AQS"
"03/30/2007","68","PM2.5","United Avenue","13-121-0055","AQS"
"03/31/2007","87","PM2.5","United Avenue","13-121-0055","AQS"
"04/01/2007","60","PM2.5","United Avenue","13-121-0055","AQS"
"04/02/2007","63","PM2.5","United Avenue","13-121-0055","AQS"
"04/03/2007","73","PM2.5","United Avenue","13-121-0055","AQS"
"04/04/2007","50","PM2.5","United Avenue","13-121-0055","AQS"
"04/05/2007","46","PM2.5","United Avenue","13-121-0055","AQS"
"04/06/2007","53","PM2.5","Georgia Tech, Ford Environmental Science and Technology Bldg, roof","13-121-0048","AQS"
"04/07/2007","50","PM2.5","United Avenue","13-121-0055","AQS"
"04/08/2007","51","PM2.5","United Avenue","13-121-0055","AQS"
"04/09/2007","60","PM2.5","Georgia Tech, Ford Environmental Science and Technology Bldg, roof","13-121-0048","AQS"
"04/10/2007","77","Ozone","Georgia Station","13-231-9991","AQS"
"04/11/2007","86","PM2.5","United Avenue","13-121-0055","AQS"
"04/12/2007","54","PM2.5","E. Rivers School","13-121-0032","AQS"
"04/13/2007","67","Ozone","Georgia Station","13-231-9991","AQS"
"04/14/2007","71","PM2.5","United Avenue","13-121-0055","AQS"
"04/15/2007","49","PM2.5","South DeKalb","13-089-0002","AQS"
"04/16/2007","67","Ozone","Gwinnett","13-135-0002","AQS"
"04/17/2007","84","Ozone","Douglasville","13-097-0004","AQS"
"04/18/2007","90","Ozone","Dawsonville","13-085-0001","AQS"
"04/19/2007","108","Ozone","Georgia Station","13-231-9991","AQS"
"04/20/2007","71","PM2.5","United Avenue","13-121-0055","AQS"
"04/21/2007","93","Ozone","Yorkville, King Farm","13-223-0003","AQS"
"04/22/2007","100","Ozone","Dawsonville","13-085-0001","AQS"
"04/23/2007","221","PM2.5","E. Rivers School","13-121-0032","AQS"
"04/24/2007","87","PM2.5","Doraville","13-089-2001","AQS"
"04/25/2007","62","PM2.5","United Avenue","13-121-0055","AQS"
"04/26/2007","58","PM2.5","United Avenue","13-121-0055","AQS"
"04/27/2007","64","Ozone","Newnan","13-077-0002","AQS"
"04/28/2007","64","Ozone","Georgia Station","13-231-9991","AQS"
"04/29/2007","87","Ozone","McDonough","13-151-0002","AQS"
"04/30/2007","133","Ozone","United Avenue","13-121-0055","AQS"
"05/01/2007","164","Ozone","Gwinnett","13-135-0002","AQS"
"05/02/2007","126","Ozone","Gwinnett","13-135-0002","AQS"
"05/03/2007","155","PM2.5","Georgia Tech, Ford Environmental Science and Technology Bldg, roof","13-121-0048","AQS"
"05/04/2007","104","PM2.5","Newnan","13-077-0002","AQS"
"05/05/2007","79","PM2.5","Newnan","13-077-0002","AQS"
"05/06/2007","75","PM2.5","Yorkville, King Farm","13-223-0003","AQS"
"05/07/2007","71","Ozone","Georgia Station","13-231-9991","AQS"
"05/08/2007","93","Ozone","Yorkville, King Farm","13-223-0003","AQS"
"05/09/2007","80","Ozone","Yorkville, King Farm","13-223-0003","AQS"
"05/10/2007","108","Ozone","Douglasville","13-097-0004","AQS"
"05/11/2007","108","Ozone","United Avenue","13-121-0055","AQS"
"05/12/2007","99","PM2.5","Georgia Tech, Ford Environmental Science and Technology Bldg, roof","13-121-0048","AQS"
"05/13/2007","122","Ozone","Newnan","13-077-0002","AQS"
"05/14/2007","90","Ozone","Georgia Station","13-231-9991","AQS"
"05/15/2007","101","Ozone","Dawsonville","13-085-0001","AQS"
"05/16/2007","158","PM2.5","Not Available","13-297-0001","AQS"
"05/17/2007","77","Ozone","McDonough","13-151-0002","AQS"
"05/18/2007","87","Ozone","Conyers","13-247-0001","AQS"
"05/19/2007","101","Ozone","United Avenue","13-121-0055","AQS"
"05/20/2007","119","Ozone","McDonough","13-151-0002","AQS"
"05/21/2007","174","Ozone","United Avenue","13-121-0055","AQS"
"05/22/2007","176","PM2.5","McDonough","13-151-0002","AQS"
"05/23/2007","105","Ozone","Yorkville, King Farm","13-223-0003","AQS"
"05/24/2007","80","Ozone","Yorkville, King Farm","13-223-0003","AQS"
"05/25/2007","108","Ozone","Yorkville, King Farm","13-223-0003","AQS"
"05/26/2007","151","PM2.5","Yorkville, King Farm","13-223-0003","AQS"
"05/27/2007","166","PM2.5","Kennesaw","13-067-0003","AQS"
"05/28/2007","84","PM2.5","Yorkville, King Farm","13-223-0003","AQS"
"05/29/2007","81","PM2.5","South DeKalb","13-089-0002","AQS"
"05/30/2007","96","PM2.5","South DeKalb","13-089-0002","AQS"
"05/31/2007","166","PM2.5","Yorkville, King Farm","13-223-0003","AQS"
"06/01/2007","115","Ozone","Kennesaw","13-067-0003","AQS"
"06/02/2007","68","PM2.5","Yorkville, King Farm","13-223-0003","AQS"
"06/03/2007","93","Ozone","Conyers","13-247-0001","AQS"
"06/04/2007","100","Ozone","Conyers","13-247-0001","AQS"
"06/05/2007","96","PM2.5","E. Rivers School","13-121-0032","AQS"
"06/06/2007","151","Ozone","Gwinnett","13-135-0002","AQS"
"06/07/2007","75","PM2.5","Newnan","13-077-0002","AQS"
"06/08/2007","65","PM2.5","Newnan","13-077-0002","AQS"
"06/09/2007","93","PM2.5","Newnan","13-077-0002","AQS"
"06/10/2007","151","Ozone","Newnan","13-077-0002","AQS"
"06/11/2007","112","Ozone","Douglasville","13-097-0004","AQS"
"06/12/2007","108","Ozone","Yorkville, King Farm","13-223-0003","AQS"
"06/13/2007","151","Ozone","Douglasville","13-097-0004","AQS"
"06/14/2007","105","Ozone","Kennesaw","13-067-0003","AQS"
"06/15/2007","84","Ozone","Kennesaw","13-067-0003","AQS"
"06/16/2007","133","Ozone","Gwinnett","13-135-0002","AQS"
"06/17/2007","140","Ozone","Gwinnett","13-135-0002","AQS"
"06/18/2007","147","Ozone","Gwinnett","13-135-0002","AQS"
"06/19/2007","64","PM2.5","Gwinnett","13-135-0002","AQS"
"06/20/2007","87","Ozone","Georgia Station","13-231-9991","AQS"
"06/21/2007","177","Ozone","Douglasville","13-097-0004","AQS"
"06/22/2007","207","Ozone","Conyers","13-247-0001","AQS"
"06/23/2007","197","Ozone","Conyers","13-247-0001","AQS"
"06/24/2007","159","Ozone","Gwinnett","13-135-0002","AQS"
"06/25/2007","120","PM2.5","United Avenue","13-121-0055","AQS"
"06/26/2007","101","Ozone","Kennesaw","13-067-0003","AQS"
"06/27/2007","82","PM2.5","Yorkville, King Farm","13-223-0003","AQS"
"06/28/2007","90","Ozone","Dawsonville","13-085-0001","AQS"
"06/29/2007","119","Ozone","Kennesaw","13-067-0003","AQS"
"06/30/2007","151","Ozone","McDonough","13-151-0002","AQS"
"07/01/2007","108","Ozone","DOT STORAGE FACILITY","13-113-0001","AQS"
"07/02/2007","80","Ozone","Douglasville","13-097-0004","AQS"
"07/03/2007","73","PM2.5","Yorkville, King Farm","13-223-0003","AQS"
"07/04/2007","90","Ozone","Kennesaw","13-067-0003","AQS"
"07/05/2007","190","Ozone","United Avenue","13-121-0055","AQS"
"07/06/2007","96","PM2.5","South DeKalb","13-089-0002","AQS"
"07/07/2007","77","PM2.5","Gwinnett","13-135-0002","AQS"
"07/08/2007","76","PM2.5","Gwinnett","13-135-0002","AQS"
"07/09/2007","78","PM2.5","South DeKalb","13-089-0002","AQS"
"07/10/2007","69","PM2.5","South DeKalb","13-089-0002","AQS"
"07/11/2007","58","PM2.5","Doraville","13-089-2001","AQS"
"07/12/2007","133","Ozone","Conyers","13-247-0001","AQS"
"07/13/2007","126","Ozone","Conyers","13-247-0001","AQS"
"07/14/2007","90","PM2.5","McDonough","13-151-0002","AQS"
"07/15/2007","78","PM2.5","Doraville","13-089-2001","AQS"
"07/16/2007","80","Ozone","Gwinnett","13-135-0002","AQS"
"07/17/2007","77","PM2.5","South DeKalb","13-089-0002","AQS"
"07/18/2007","65","PM2.5","Newnan","13-077-0002","AQS"
"07/19/2007","69","PM2.5","South DeKalb","13-089-0002","AQS"
"07/20/2007","69","PM2.5","United Avenue","13-121-0055","AQS"
"07/21/2007","133","Ozone","DOT STORAGE FACILITY","13-113-0001","AQS"
"07/22/2007","81","PM2.5","South DeKalb","13-089-0002","AQS"
"07/23/2007","78","PM2.5","United Avenue","13-121-0055","AQS"
"07/24/2007","115","Ozone","Kennesaw","13-067-0003","AQS"
"07/25/2007","90","Ozone","Kennesaw","13-067-0003","AQS"
"07/26/2007","105","Ozone","United Avenue","13-121-0055","AQS"
"07/27/2007","97","Ozone","Conyers","13-247-0001","AQS"
"07/28/2007","79","PM2.5","South DeKalb","13-089-0002","AQS"
"07/29/2007","81","PM2.5","United Avenue","13-121-0055","AQS"
"07/30/2007","112","Ozone","South DeKalb","13-089-0002","AQS"
"07/31/2007","119","Ozone","Douglasville","13-097-0004","AQS"
"08/01/2007","105","Ozone","Kennesaw","13-067-0003","AQS"
"08/02/2007","147","Ozone","Yorkville, King Farm","13-223-0003","AQS"
"08/03/2007","140","Ozone","Douglasville","13-097-0004","AQS"
"08/04/2007","201","Ozone","McDonough","13-151-0002","AQS"
"08/05/2007","139","PM2.5","South DeKalb","13-089-0002","AQS"
"08/06/2007","147","Ozone","McDonough","13-151-0002","AQS"
"08/07/2007","192","Ozone","McDonough","13-151-0002","AQS"
"08/08/2007","150","Ozone","South DeKalb","13-089-0002","AQS"
"08/09/2007","133","Ozone","McDonough","13-151-0002","AQS"
"08/10/2007","161","Ozone","Conyers","13-247-0001","AQS"
"08/11/2007","169","Ozone","South DeKalb","13-089-0002","AQS"
"08/12/2007","93","Ozone","Douglasville","13-097-0004","AQS"
"08/13/2007","200","Ozone","McDonough","13-151-0002","AQS"
"08/14/2007","201","Ozone","Newnan","13-077-0002","AQS"
"08/15/2007","220","Ozone","South DeKalb","13-089-0002","AQS"
"08/16/2007","192","Ozone","South DeKalb","13-089-0002","AQS"
"08/17/2007","182","Ozone","McDonough","13-151-0002","AQS"
"08/18/2007","154","Ozone","Yorkville, King Farm","13-223-0003","AQS"
"08/19/2007","115","Ozone","Kennesaw","13-067-0003","AQS"
"08/20/2007","71","PM2.5","United Avenue","13-121-0055","AQS"
"08/21/2007","73","PM2.5","South DeKalb","13-089-0002","AQS"
"08/22/2007","164","Ozone","McDonough","13-151-0002","AQS"
"08/23/2007","159","Ozone","Kennesaw","13-067-0003","AQS"
"08/24/2007","161","Ozone","Kennesaw","13-067-0003","AQS"
"08/25/2007","151","Ozone","South DeKalb","13-089-0002","AQS"
"08/26/2007","84","Ozone","DOT STORAGE FACILITY","13-113-0001","AQS"
"08/27/2007","147","Ozone","Yorkville, King Farm","13-223-0003","AQS"
"08/28/2007","70","PM2.5","United Avenue","13-121-0055","AQS"
"08/29/2007","74","PM2.5","United Avenue","13-121-0055","AQS"
"08/30/2007","66","PM2.5","South DeKalb","13-089-0002","AQS"
"08/31/2007","93","Ozone","Douglasville","13-097-0004","AQS"
"09/01/2007","87","PM2.5","Gwinnett","13-135-0002","AQS"
"09/02/2007","95","PM2.5","United Avenue","13-121-0055","AQS"
"09/03/2007","115","Ozone","Douglasville","13-097-0004","AQS"
"09/04/2007","154","Ozone","Newnan","13-077-0002","AQS"
"09/05/2007","150","Ozone","Kennesaw","13-067-0003","AQS"
"09/06/2007","83","PM2.5","Newnan","13-077-0002","AQS"
"09/07/2007","63","PM2.5","United Avenue","13-121-0055","AQS"
"09/08/2007","108","Ozone","Kennesaw","13-067-0003","AQS"
"09/09/2007","142","PM2.5","Doraville","13-089-2001","AQS"
"09/10/2007","147","Ozone","Gwinnett","13-135-0002","AQS"
"09/11/2007","77","PM2.5","South DeKalb","13-089-0002","AQS"
"09/12/2007","80","PM2.5","Doraville","13-089-2001","AQS"
"09/13/2007","75","PM2.5","United Avenue","13-121-0055","AQS"
"09/14/2007","47","PM2.5","South DeKalb","13-089-0002","AQS"
"09/15/2007","74","PM2.5","South DeKalb","13-089-0002","AQS"
"09/16/2007","68","PM2.5","South DeKalb","13-089-0002","AQS"
"09/17/2007","75","PM2.5","South DeKalb","13-089-0002","AQS"
"09/18/2007","87","PM2.5","South DeKalb","13-089-0002","AQS"
"09/19/2007","90","Ozone","Newnan","13-077-0002","AQS"
"09/20/2007","59","PM2.5","United Avenue","13-121-0055","AQS"
"09/21/2007","49","PM2.5","Kennesaw","13-067-0003","AQS"
"09/22/2007","56","PM2.5","United Avenue","13-121-0055","AQS"
"09/23/2007","54","PM2.5","United Avenue","13-121-0055","AQS"
"09/24/2007","72","PM2.5","Newnan","13-077-0002","AQS"
"09/25/2007","99","PM2.5","Newnan","13-077-0002","AQS"
"09/26/2007","100","Ozone","Kennesaw","13-067-0003","AQS"
"09/27/2007","78","PM2.5","South DeKalb","13-089-0002","AQS"
"09/28/2007","80","Ozone","Georgia Station","13-231-9991","AQS"
"09/29/2007","93","Ozone","Douglasville","13-097-0004","AQS"
"09/30/2007","71","Ozone","Yorkville, King Farm","13-223-0003","AQS"
"10/01/2007","80","Ozone","Yorkville, King Farm","13-223-0003","AQS"
"10/02/2007","67","Ozone","Yorkville, King Farm","13-223-0003","AQS"
"10/03/2007","64","PM2.5","South DeKalb","13-089-0002","AQS"
"10/04/2007","53","PM2.5","South DeKalb","13-089-0002","AQS"
"10/05/2007","52","PM2.5","United Avenue","13-121-0055","AQS"
"10/06/2007","54","PM2.5","United Avenue","13-121-0055","AQS"
"10/07/2007","59","PM2.5","United Avenue","13-121-0055","AQS"
"10/08/2007","62","PM2.5","E. Rivers School","13-121-0032","AQS"
"10/09/2007","74","PM2.5","Gwinnett","13-135-0002","AQS"
"10/10/2007","58","PM2.5","United Avenue","13-121-0055","AQS"
"10/11/2007","43","PM2.5","United Avenue","13-121-0055","AQS"
"10/12/2007","55","PM2.5","Forest Park","13-063-0091","AQS"
"10/13/2007","67","PM2.5","United Avenue","13-121-0055","AQS"
"10/14/2007","115","Ozone","Yorkville, King Farm","13-223-0003","AQS"
"10/15/2007","87","Ozone","Yorkville, King Farm","13-223-0003","AQS"
"10/16/2007","68","PM2.5","E. Rivers School","13-121-0032","AQS"
"10/17/2007","70","PM2.5","E. Rivers School","13-121-0032","AQS"
"10/18/2007","55","PM2.5","United Avenue","13-121-0055","AQS"
"10/19/2007","50","Ozone","Yorkville, King Farm","13-223-0003","AQS"
"10/20/2007","55","PM2.5","United Avenue","13-121-0055","AQS"
"10/21/2007","61","PM2.5","United Avenue","13-121-0055","AQS"
"10/22/2007","70","PM2.5","E. Rivers School","13-121-0032","AQS"
"10/23/2007","42","PM2.5","Doraville","13-089-2001","AQS"
"10/24/2007","51","PM2.5","Doraville","13-089-2001","AQS"
"10/25/2007","54","PM2.5","South DeKalb","13-089-0002","AQS"
"10/26/2007","61","PM2.5","United Avenue","13-121-0055","AQS"
"10/27/2007","57","PM2.5","South DeKalb","13-089-0002","AQS"
"10/28/2007","58","PM2.5","United Avenue","13-121-0055","AQS"
"10/29/2007","55","PM2.5","E. Rivers School","13-121-0032","AQS"
"10/30/2007","57","PM2.5","South DeKalb","13-089-0002","AQS"
"10/31/2007","59","PM2.5","South DeKalb","13-089-0002","AQS"
"11/01/2007","70","PM2.5","South DeKalb","13-089-0002","AQS"
"11/02/2007","69","PM2.5","Kennesaw","13-067-0003","AQS"
"11/03/2007","68","PM2.5","South DeKalb","13-089-0002","AQS"
"11/04/2007","61","PM2.5","South DeKalb","13-089-0002","AQS"
"11/05/2007","66","PM2.5","South DeKalb","13-089-0002","AQS"
"11/06/2007","56","PM2.5","South DeKalb","13-089-0002","AQS"
"11/07/2007","54","PM2.5","E. Rivers School","13-121-0032","AQS"
"11/08/2007","69","PM2.5","South DeKalb","13-089-0002","AQS"
"11/09/2007","78","PM2.5","South DeKalb","13-089-0002","AQS"
"11/10/2007","66","PM2.5","South DeKalb","13-089-0002","AQS"
"11/11/2007","72","PM2.5","E. Rivers School","13-121-0032","AQS"
"11/12/2007","81","PM2.5","South DeKalb","13-089-0002","AQS"
"11/13/2007","84","PM2.5","South DeKalb","13-089-0002","AQS"
"11/14/2007","78","PM2.5","United Avenue","13-121-0055","AQS"
"11/15/2007","52","PM2.5","United Avenue","13-121-0055","AQS"
"11/16/2007","61","PM2.5","E. Rivers School","13-121-0032","AQS"
"11/17/2007","72","PM2.5","South DeKalb","13-089-0002","AQS"
"11/18/2007","73","PM2.5","Gwinnett","13-135-0002","AQS"
"11/19/2007","71","PM2.5","South DeKalb","13-089-0002","AQS"
"11/20/2007","77","PM2.5","South DeKalb","13-089-0002","AQS"
"11/21/2007","73","PM2.5","South DeKalb","13-089-0002","AQS"
"11/22/2007","48","PM2.5","South DeKalb","13-089-0002","AQS"
"11/23/2007","48","PM2.5","South DeKalb","13-089-0002","AQS"
"11/24/2007","51","PM2.5","United Avenue","13-121-0055","AQS"
"11/25/2007","60","PM2.5","E. Rivers School","13-121-0032","AQS"
"11/26/2007","51","PM2.5","South DeKalb","13-089-0002","AQS"
"11/27/2007","47","PM2.5","South DeKalb","13-089-0002","AQS"
"11/28/2007","58","PM2.5","South DeKalb","13-089-0002","AQS"
"11/29/2007","73","PM2.5","South DeKalb","13-089-0002","AQS"
"11/30/2007","65","PM2.5","South DeKalb","13-089-0002","AQS"
"12/01/2007","63","PM2.5","South DeKalb","13-089-0002","AQS"
"12/02/2007","65","PM2.5","Newnan","13-077-0002","AQS"
"12/03/2007","43","PM2.5","United Avenue","13-121-0055","AQS"
"12/04/2007","47","PM2.5","Doraville","13-089-2001","AQS"
"12/05/2007","63","PM2.5","South DeKalb","13-089-0002","AQS"
"12/06/2007","59","PM2.5","Doraville","13-089-2001","AQS"
"12/07/2007","72","PM2.5","South DeKalb","13-089-0002","AQS"
"12/08/2007","89","PM2.5","Not Available","13-297-0001","AQS"
"12/09/2007","75","PM2.5","United Avenue","13-121-0055","AQS"
"12/10/2007","68","PM2.5","South DeKalb","13-089-0002","AQS"
"12/11/2007","69","PM2.5","South DeKalb","13-089-0002","AQS"
"12/12/2007","61","PM2.5","South DeKalb","13-089-0002","AQS"
"12/13/2007","55","PM2.5","South DeKalb","13-089-0002","AQS"
"12/14/2007","52","PM2.5","E. Rivers School","13-121-0032","AQS"
"12/15/2007","55","PM2.5","South DeKalb","13-089-0002","AQS"
"12/16/2007","46","PM2.5","United Avenue","13-121-0055","AQS"
"12/17/2007","56","PM2.5","Forest Park","13-063-0091","AQS"
"12/18/2007","65","PM2.5","South DeKalb","13-089-0002","AQS"
"12/19/2007","76","PM2.5","Doraville","13-089-2001","AQS"
"12/20/2007","99","PM2.5","E. Rivers School","13-121-0032","AQS"
"12/21/2007","66","PM2.5","South DeKalb","13-089-0002","AQS"
"12/22/2007","66","PM2.5","South DeKalb","13-089-0002","AQS"
"12/23/2007","37","PM2.5","South DeKalb","13-089-0002","AQS"
"12/24/2007","41","PM2.5","United Avenue","13-121-0055","AQS"
"12/25/2007","55","PM2.5","South DeKalb","13-089-0002","AQS"
"12/26/2007","49","PM2.5","Yorkville, King Farm","13-223-0003","AQS"
"12/27/2007","58","PM2.5","United Avenue","13-121-0055","AQS"
"12/28/2007","59","PM2.5","South DeKalb","13-089-0002","AQS"
"12/29/2007","54","PM2.5","E. Rivers School","13-121-0032","AQS"
"12/30/2007","58","PM2.5","E. Rivers School","13-121-0032","AQS"
"12/31/2007","64","PM2.5","E. Rivers School","13-121-0032","AQS"
"01/01/2008","57","PM2.5","Gwinnett","13-135-0002","AQS"
"01/02/2008","39","PM2.5","South DeKalb","13-089-0002","AQS"
"01/03/2008","58","PM2.5","Kennesaw","13-067-0003","AQS"
"01/04/2008","71","PM2.5","Kennesaw","13-067-0003","AQS"
"01/05/2008","67","PM2.5","South DeKalb","13-089-0002","AQS"
"01/06/2008","65","PM2.5","South DeKalb","13-089-0002","AQS"
"01/07/2008","57","PM2.5","South DeKalb","13-089-0002","AQS"
"01/08/2008","51","PM2.5","South DeKalb","13-089-0002","AQS"
"01/09/2008","57","PM2.5","South DeKalb","13-089-0002","AQS"
"01/10/2008","57","PM2.5","Gwinnett","13-135-0002","AQS"
"01/11/2008","48","PM2.5","Doraville","13-089-2001","AQS"
"01/12/2008","58","PM2.5","South DeKalb","13-089-0002","AQS"
"01/13/2008","67","PM2.5","E. Rivers School","13-121-0032","AQS"
"01/14/2008","53","PM2.5","Doraville","13-089-2001","AQS"
"01/15/2008","59","PM2.5","E. Rivers School","13-121-0032","AQS"
"01/16/2008","63","PM2.5","Doraville","13-089-2001","AQS"
"01/17/2008","58","PM2.5","Doraville","13-089-2001","AQS"
"01/18/2008","58","PM2.5","Doraville","13-089-2001","AQS"
"01/19/2008","55","PM2.5","E. Rivers School","13-121-0032","AQS"
"01/20/2008","45","PM2.5","Doraville","13-089-2001","AQS"
"01/21/2008","44","PM2.5","Doraville","13-089-2001","AQS"
"01/22/2008","63","PM2.5","Kennesaw","13-067-0003","AQS"
"01/23/2008","56","PM2.5","E. Rivers School","13-121-0032","AQS"
"01/24/2008","60","PM2.5","Doraville","13-089-2001","AQS"
"01/25/2008","57","PM2.5","Kennesaw","13-067-0003","AQS"
"01/26/2008","56","PM2.5","Doraville","13-089-2001","AQS"
"01/27/2008","63","PM2.5","E. Rivers School","13-121-0032","AQS"
"01/28/2008","61","PM2.5","Forest Park","13-063-0091","AQS"
"01/29/2008","55","PM2.5","South DeKalb","13-089-0002","AQS"
"01/30/2008","38","PM2.5","United Avenue","13-121-0055","AQS"
"01/31/2008","52","PM2.5","South DeKalb","13-089-0002","AQS"
"02/01/2008","42","PM2.5","South DeKalb","13-089-0002","AQS"
"02/02/2008","60","PM2.5","E. Rivers School","13-121-0032","AQS"
"02/03/2008","68","PM2.5","United Avenue","13-121-0055","AQS"
"02/04/2008","63","PM2.5","Doraville","13-089-2001","AQS"
"02/05/2008","76","PM2.5","E. Rivers School","13-121-0032","AQS"
"02/06/2008","45","PM2.5","United Avenue","13-121-0055","AQS"
"02/07/2008","52","PM2.5","United Avenue","13-121-0055","AQS"
"02/08/2008","64","PM2.5","United Avenue","13-121-0055","AQS"
"02/09/2008","65","PM2.5","United Avenue","13-121-0055","AQS"
"02/10/2008","45","Ozone","Georgia Station","13-231-9991","AQS"
"02/11/2008","55","PM2.5","United Avenue","13-121-0055","AQS"
"02/12/2008","75","PM2.5","United Avenue","13-121-0055","AQS"
"02/13/2008","55","PM2.5","South DeKalb","13-089-0002","AQS"
"02/14/2008","62","PM2.5","United Avenue","13-121-0055","AQS"
"02/15/2008","72","PM2.5","South DeKalb","13-089-0002","AQS"
"02/16/2008","67","PM2.5","Newnan","13-077-0002","AQS"
"02/17/2008","73","PM2.5","South DeKalb","13-089-0002","AQS"
"02/18/2008","38","PM2.5","United Avenue","13-121-0055","AQS"
"02/19/2008","44","PM2.5","South DeKalb","13-089-0002","AQS"
"02/20/2008","64","Ozone","Georgia Station","13-231-9991","AQS"
"02/21/2008","73","PM2.5","Doraville","13-089-2001","AQS"
"02/22/2008","58","PM2.5","Doraville","13-089-2001","AQS"
"02/23/2008","60","PM2.5","Doraville","13-089-2001","AQS"
"02/24/2008","59","PM2.5","United Avenue","13-121-0055","AQS"
"02/25/2008","74","PM2.5","United Avenue","13-121-0055","AQS"
"02/26/2008","60","PM2.5","United Avenue","13-121-0055","AQS"
"02/27/2008","53","PM2.5","United Avenue","13-121-0055","AQS"
"02/28/2008","54","PM2.5","United Avenue","13-121-0055","AQS"
"02/29/2008","73","PM2.5","Not Available","13-297-0001","AQS"
"03/01/2008","64","PM2.5","United Avenue","13-121-0055","AQS"
"03/02/2008","67","Ozone","Georgia Station","13-231-9991","AQS"
"03/03/2008","60","PM2.5","United Avenue","13-121-0055","AQS"
"03/04/2008","90","PM2.5","South DeKalb","13-089-0002","AQS"
"03/05/2008","54","PM2.5","South DeKalb","13-089-0002","AQS"
"03/06/2008","58","PM2.5","South DeKalb","13-089-0002","AQS"
"03/07/2008","58","PM2.5","Yorkville, King Farm","13-223-0003","AQS"
"03/08/2008","52","PM2.5","United Avenue","13-121-0055","AQS"
"03/09/2008","58","PM2.5","South DeKalb","13-089-0002","AQS"
"03/10/2008","71","PM2.5","Forest Park","13-063-0091","AQS"
"03/11/2008","75","PM2.5","South DeKalb","13-089-0002","AQS"
"03/12/2008","77","Ozone","Dawsonville","13-085-0001","AQS"
"03/13/2008","100","Ozone","Georgia Station","13-231-9991","AQS"
"03/14/2008","76","PM2.5","United Avenue","13-121-0055","AQS"
"03/15/2008","79","NO2","South DeKalb","13-089-0002","AQS"
"03/16/2008","58","Ozone","Georgia Station","13-231-9991","AQS"
"03/17/2008","64","PM2.5","Yorkville, King Farm","13-223-0003","AQS"
"03/18/2008","69","PM2.5","United Avenue","13-121-0055","AQS"
"03/19/2008","61","PM2.5","United Avenue","13-121-0055","AQS"
"03/20/2008","53","PM2.5","United Avenue","13-121-0055","AQS"
"03/21/2008","80","Ozone","Georgia Station","13-231-9991","AQS"
"03/22/2008","93","Ozone","Georgia Station","13-231-9991","AQS"
"03/23/2008","63","PM2.5","South DeKalb","13-089-0002","AQS"
"03/24/2008","56","PM2.5","South DeKalb","13-089-0002","AQS"
"03/25/2008","74","Ozone","Georgia Station","13-231-9991","AQS"
"03/26/2008","101","Ozone","Dawsonville","13-085-0001","AQS"
"03/27/2008","82","PM2.5","United Avenue","13-121-0055","AQS"
"03/28/2008","77","PM2.5","United Avenue","13-121-0055","AQS"
"03/29/2008","70","PM2.5","United Avenue","13-121-0055","AQS"
"03/30/2008","63","PM2.5","Doraville","13-089-2001","AQS"
"03/31/2008","63","PM2.5","Yorkville, King Farm","13-223-0003","AQS"
"04/01/2008","60","PM2.5","United Avenue","13-121-0055","AQS"
"04/02/2008","56","PM2.5","United Avenue","13-121-0055","AQS"
"04/03/2008","68","PM2.5","Doraville","13-089-2001","AQS"
"04/04/2008","53","PM2.5","Doraville","13-089-2001","AQS"
"04/05/2008","40","PM2.5","South DeKalb","13-089-0002","AQS"
"04/06/2008","74","PM2.5","South DeKalb","13-089-0002","AQS"
"04/07/2008","66","PM2.5","Doraville","13-089-2001","AQS"
"04/08/2008","58","PM2.5","United Avenue","13-121-0055","AQS"
"04/09/2008","67","Ozone","Dawsonville","13-085-0001","AQS"
"04/10/2008","72","PM2.5","United Avenue","13-121-0055","AQS"
"04/11/2008","62","PM2.5","McDonough","13-151-0002","AQS"
"04/12/2008","50","Ozone","Dawsonville","13-085-0001","AQS"
"04/13/2008","49","Ozone","Georgia Station","13-231-9991","AQS"
"04/14/2008","46","PM2.5","United Avenue","13-121-0055","AQS"
"04/15/2008","58","PM2.5","United Avenue","13-121-0055","AQS"
"04/16/2008","87","Ozone","McDonough","13-151-0002","AQS"
"04/17/2008","133","Ozone","Dawsonville","13-085-0001","AQS"
"04/18/2008","105","Ozone","Dawsonville","13-085-0001","AQS"
"04/19/2008","61","Ozone","Georgia Station","13-231-9991","AQS"
"04/20/2008","71","Ozone","Conyers","13-247-0001","AQS"
"04/21/2008","97","Ozone","Georgia Station","13-231-9991","AQS"
"04/22/2008","108","Ozone","Douglasville","13-097-0004","AQS"
"04/23/2008","84","Ozone","Yorkville, King Farm","13-223-0003","AQS"
"04/24/2008","65","PM2.5","McDonough","13-151-0002","AQS"
"04/25/2008","61","PM2.5","United Avenue","13-121-0055","AQS"
"04/26/2008","62","PM2.5","United Avenue","13-121-0055","AQS"
"04/27/2008","61","PM2.5","Forest Park","13-063-0091","AQS"
"04/28/2008","59","PM2.5","South DeKalb","13-089-0002","AQS"
"04/29/2008","74","Ozone","Georgia Station","13-231-9991","AQS"
"04/30/2008","100","Ozone","Georgia Station","13-231-9991","AQS"
"05/01/2008","115","Ozone","Dawsonville","13-085-0001","AQS"
"05/02/2008","97","Ozone","Dawsonville","13-085-0001","AQS"
"05/03/2008","61","PM2.5","United Avenue","13-121-0055","AQS"
"05/04/2008","80","Ozone","Gwinnett","13-135-0002","AQS"
"05/05/2008","105","Ozone","Conyers","13-247-0001","AQS"
"05/06/2008","133","Ozone","United Avenue","13-121-0055","AQS"
"05/07/2008","97","Ozone","Dawsonville","13-085-0001","AQS"
"05/08/2008","80","Ozone","Dawsonville","13-085-0001","AQS"
"05/09/2008","66","PM2.5","South DeKalb","13-089-0002","AQS"
"05/10/2008","82","PM2.5","Newnan","13-077-0002","AQS"
"05/11/2008","59","PM2.5","United Avenue","13-121-0055","AQS"
"05/12/2008","63","PM2.5","Gwinnett","13-135-0002","AQS"
"05/13/2008","90","Ozone","Gwinnett","13-135-0002","AQS"
"05/14/2008","69","PM2.5","United Avenue","13-121-0055","AQS"
"05/15/2008","87","PM2.5","South DeKalb","13-089-0002","AQS"
"05/16/2008","54","PM2.5","South DeKalb","13-089-0002","AQS"
"05/17/2008","84","Ozone","Gwinnett","13-135-0002","AQS"
"05/18/2008","67","Ozone","Gwinnett","13-135-0002","AQS"
"05/19/2008","90","Ozone","Gwinnett","13-135-0002","AQS"
"05/20/2008","93","Ozone","Douglasville","13-097-0004","AQS"
"05/21/2008","64","PM2.5","South DeKalb","13-089-0002","AQS"
"05/22/2008","122","Ozone","South DeKalb","13-089-0002","AQS"
"05/23/2008","87","PM2.5","United Avenue","13-121-0055","AQS"
"05/24/2008","72","PM2.5","United Avenue","13-121-0055","AQS"
"05/25/2008","108","Ozone","Kennesaw","13-067-0003","AQS"
"05/26/2008","79","PM2.5","McDonough","13-151-0002","AQS"
"05/27/2008","100","Ozone","Gwinnett","13-135-0002","AQS"
"05/28/2008","74","PM2.5","United Avenue","13-121-0055","AQS"
"05/29/2008","74","PM2.5","United Avenue","13-121-0055","AQS"
"05/30/2008","92","PM2.5","South DeKalb","13-089-0002","AQS"
"05/31/2008","83","PM2.5","United Avenue","13-121-0055","AQS"
"06/01/2008","77","PM2.5","Newnan","13-077-0002","AQS"
"06/02/2008","97","Ozone","McDonough","13-151-0002","AQS"
"06/03/2008","147","Ozone","Gwinnett","13-135-0002","AQS"
"06/04/2008","87","Ozone","Gwinnett","13-135-0002","AQS"
"06/05/2008","67","Ozone","Gwinnett","13-135-0002","AQS"
"06/06/2008","100","Ozone","Gwinnett","13-135-0002","AQS"
"06/07/2008","133","Ozone","Gwinnett","13-135-0002","AQS"
"06/08/2008","156","Ozone","Gwinnett","13-135-0002","AQS"
"06/09/2008","93","Ozone","Kennesaw","13-067-0003","AQS"
"06/10/2008","80","Ozone","Gwinnett","13-135-0002","AQS"
"06/11/2008","97","Ozone","Kennesaw","13-067-0003","AQS"
"06/12/2008","100","Ozone","Yorkville, King Farm","13-223-0003","AQS"
"06/13/2008","65","PM2.5","United Avenue","13-121-0055","AQS"
"06/14/2008","65","PM2.5","Gwinnett","13-135-0002","AQS"
"06/15/2008","90","Ozone","McDonough","13-151-0002","AQS"
"06/16/2008","159","Ozone","Conyers","13-247-0001","AQS"
"06/17/2008","140","Ozone","Conyers","13-247-0001","AQS"
"06/18/2008","150","Ozone","Conyers","13-247-0001","AQS"
"06/19/2008","159","Ozone","Georgia Station","13-231-9991","AQS"
"06/20/2008","203","Ozone","Conyers","13-247-0001","AQS"
"06/21/2008","105","Ozone","Dawsonville","13-085-0001","AQS"
"06/22/2008","108","PM2.5","United Avenue","13-121-0055","AQS"
"06/23/2008","101","Ozone","Conyers","13-247-0001","AQS"
"06/24/2008","151","Ozone","McDonough","13-151-0002","AQS"
"06/25/2008","172","Ozone","Conyers","13-247-0001","AQS"
"06/26/2008","84","PM2.5","United Avenue","13-121-0055","AQS"
"06/27/2008","66","PM2.5","Gwinnett","13-135-0002","AQS"
"06/28/2008","59","PM2.5","United Avenue","13-121-0055","AQS"
"06/29/2008","65","PM2.5","United Avenue","13-121-0055","AQS"
"06/30/2008","56","PM2.5","United Avenue","13-121-0055","AQS"
"07/01/2008","105","Ozone","McDonough","13-151-0002","AQS"
"07/02/2008","154","Ozone","South DeKalb","13-089-0002","AQS"
"07/03/2008","129","Ozone","Dawsonville","13-085-0001","AQS"
"07/04/2008","85","PM2.5","Gwinnett","13-135-0002","AQS"
"07/05/2008","73","PM2.5","Gwinnett","13-135-0002","AQS"
"07/06/2008","61","PM2.5","United Avenue","13-121-0055","AQS"
"07/07/2008","115","Ozone","Kennesaw","13-067-0003","AQS"
"07/08/2008","73","PM2.5","Gwinnett","13-135-0002","AQS"
"07/09/2008","75","PM2.5","Gwinnett","13-135-0002","AQS"
"07/10/2008","67","PM2.5","Gwinnett","13-135-0002","AQS"
"07/11/2008","68","PM2.5","United Avenue","13-121-0055","AQS"
"07/12/2008","97","Ozone","South DeKalb","13-089-0002","AQS"
"07/13/2008","62","PM2.5","Not Available","13-297-0001","AQS"
"07/14/2008","77","Ozone","Douglasville","13-097-0004","AQS"
"07/15/2008","133","Ozone","Douglasville","13-097-0004","AQS"
"07/16/2008","143","Ozone","Douglasville","13-097-0004","AQS"
"07/17/2008","150","Ozone","Douglasville","13-097-0004","AQS"
"07/18/2008","164","Ozone","Newnan","13-077-0002","AQS"
"07/19/2008","119","Ozone","Georgia Station","13-231-9991","AQS"
"07/20/2008","151","Ozone","McDonough","13-151-0002","AQS"
"07/21/2008","192","Ozone","McDonough","13-151-0002","AQS"
"07/22/2008","169","Ozone","Conyers","13-247-0001","AQS"
"07/23/2008","101","Ozone","Conyers","13-247-0001","AQS"
"07/24/2008","119","Ozone","Conyers","13-247-0001","AQS"
"07/25/2008","101","Ozone","Conyers","13-247-0001","AQS"
"07/26/2008","83","PM2.5","Not Available","13-297-0001","AQS"
"07/27/2008","101","Ozone","McDonough","13-151-0002","AQS"
"07/28/2008","177","Ozone","United Avenue","13-121-0055","AQS"
"07/29/2008","98","PM2.5","United Avenue","13-121-0055","AQS"
"07/30/2008","77","PM2.5","Gwinnett","13-135-0002","AQS"
"07/31/2008","67","PM2.5","Gwinnett","13-135-0002","AQS"
"08/01/2008","87","Ozone","Conyers","13-247-0001","AQS"
"08/02/2008","86","PM2.5","United Avenue","13-121-0055","AQS"
"08/03/2008","74","PM2.5","Not Available","13-297-0001","AQS"
"08/04/2008","87","PM2.5","United Avenue","13-121-0055","AQS"
"08/05/2008","97","Ozone","Conyers","13-247-0001","AQS"
"08/06/2008","97","Ozone","Conyers","13-247-0001","AQS"
"08/07/2008","67","PM2.5","Gwinnett","13-135-0002","AQS"
"08/08/2008","108","Ozone","McDonough","13-151-0002","AQS"
"08/09/2008","129","Ozone","Kennesaw","13-067-0003","AQS"
"08/10/2008","93","Ozone","Conyers","13-247-0001","AQS"
"08/11/2008","136","Ozone","McDonough","13-151-0002","AQS"
"08/12/2008","84","PM2.5","Newnan","13-077-0002","AQS"
"08/13/2008","85","PM2.5","Yorkville, King Farm","13-223-0003","AQS"
"08/14/2008","82","PM2.5","Yorkville, King Farm","13-223-0003","AQS"
"08/15/2008","119","Ozone","Conyers","13-247-0001","AQS"
"08/16/2008","93","Ozone","United Avenue","13-121-0055","AQS"
"08/17/2008","108","Ozone","Douglasville","13-097-0004","AQS"
"08/18/2008","101","Ozone","Yorkville, King Farm","13-223-0003","AQS"
"08/19/2008","147","Ozone","Yorkville, King Farm","13-223-0003","AQS"
"08/20/2008","100","Ozone","Yorkville, King Farm","13-223-0003","AQS"
"08/21/2008","58","PM2.5","United Avenue","13-121-0055","AQS"
"08/22/2008","67","PM2.5","United Avenue","13-121-0055","AQS"
"08/23/2008","54","PM2.5","United Avenue","13-121-0055","AQS"
"08/24/2008","52","PM2.5","United Avenue","13-121-0055","AQS"
"08/25/2008","52","PM2.5","Gwinnett","13-135-0002","AQS"
"08/26/2008","50","PM2.5","Gwinnett","13-135-0002","AQS"
"08/27/2008","45","PM2.5","Gwinnett","13-135-0002","AQS"
"08/28/2008","61","PM2.5","United Avenue","13-121-0055","AQS"
"08/29/2008","115","Ozone","Newnan","13-077-0002","AQS"
"08/30/2008","97","Ozone","Douglasville","13-097-0004","AQS"
"08/31/2008","60","PM2.5","Yorkville, King Farm","13-223-0003","AQS"
"09/01/2008","61","PM2.5","United Avenue","13-121-0055","AQS"
"09/02/2008","78","PM2.5","United Avenue","13-121-0055","AQS"
"09/03/2008","97","Ozone","Yorkville, King Farm","13-223-0003","AQS"
"09/04/2008","69","PM2.5","Gwinnett","13-135-0002","AQS"
"09/05/2008","80","Ozone","Newnan","13-077-0002","AQS"
"09/06/2008","79","PM2.5","United Avenue","13-121-0055","AQS"
"09/07/2008","71","Ozone","South DeKalb","13-089-0002","AQS"
"09/08/2008","77","PM2.5","McDonough","13-151-0002","AQS"
"09/09/2008","66","PM2.5","United Avenue","13-121-0055","AQS"
"09/10/2008","59","PM2.5","United Avenue","13-121-0055","AQS"
"09/11/2008","55","PM2.5","United Avenue","13-121-0055","AQS"
"09/12/2008","54","PM2.5","Kennesaw","13-067-0003","AQS"
"09/13/2008","57","PM2.5","Yorkville, King Farm","13-223-0003","AQS"
"09/14/2008","52","PM2.5","United Avenue","13-121-0055","AQS"
"09/15/2008","55","PM2.5","United Avenue","13-121-0055","AQS"
"09/16/2008","60","PM2.5","United Avenue","13-121-0055","AQS"
"09/17/2008","62","PM2.5","United Avenue","13-121-0055","AQS"
"09/18/2008","65","PM2.5","United Avenue","13-121-0055","AQS"
"09/19/2008","71","Ozone","Yorkville, King Farm","13-223-0003","AQS"
"09/20/2008","62","PM2.5","United Avenue","13-121-0055","AQS"
"09/21/2008","61","PM2.5","Georgia Tech, Ford Environmental Science and Technology Bldg, roof","13-121-0048","AQS"
"09/22/2008","56","PM2.5","United Avenue","13-121-0055","AQS"
"09/23/2008","77","Ozone","Douglasville","13-097-0004","AQS"
"09/24/2008","64","PM2.5","United Avenue","13-121-0055","AQS"
"09/25/2008","51","PM2.5","United Avenue","13-121-0055","AQS"
"09/26/2008","58","Ozone","Georgia Station","13-231-9991","AQS"
"09/27/2008","58","PM2.5","United Avenue","13-121-0055","AQS"
"09/28/2008","118","PM2.5","South DeKalb","13-089-0002","AQS"
"09/29/2008","78","PM2.5","United Avenue","13-121-0055","AQS"
"09/30/2008","87","Ozone","Conyers","13-247-0001","AQS"
"10/01/2008","63","PM2.5","United Avenue","13-121-0055","AQS"
"10/02/2008","63","PM2.5","United Avenue","13-121-0055","AQS"
"10/03/2008","93","Ozone","Dawsonville","13-085-0001","AQS"
"10/04/2008","112","Ozone","Dawsonville","13-085-0001","AQS"
"10/05/2008","105","Ozone","Douglasville","13-097-0004","AQS"
"10/06/2008","89","PM2.5","Kennesaw","13-067-0003","AQS"
"10/07/2008","155","PM2.5","Kennesaw","13-067-0003","AQS"
"10/08/2008","54","PM2.5","United Avenue","13-121-0055","AQS"
"10/09/2008","58","PM2.5","Newnan","13-077-0002","AQS"
"10/10/2008","58","PM2.5","Newnan","13-077-0002","AQS"
"10/11/2008","56","PM2.5","United Avenue","13-121-0055","AQS"
"10/12/2008","51","PM2.5","United Avenue","13-121-0055","AQS"
"10/13/2008","53","PM2.5","Yorkville, King Farm","13-223-0003","AQS"
"10/14/2008","58","PM2.5","South DeKalb","13-089-0002","AQS"
"10/15/2008","64","Ozone","Dawsonville","13-085-0001","AQS"
"10/16/2008","65","PM2.5","Newnan","13-077-0002","AQS"
"10/17/2008","63","PM2.5","Newnan","13-077-0002","AQS"
"10/18/2008","58","PM2.5","United Avenue","13-121-0055","AQS"
"10/19/2008","63","PM2.5","United Avenue","13-121-0055","AQS"
"10/20/2008","55","PM2.5","Kennesaw","13-067-0003","AQS"
"10/21/2008","69","PM2.5","United Avenue","13-121-0055","AQS"
"10/22/2008","65","PM2.5","United Avenue","13-121-0055","AQS"
"10/23/2008","49","PM2.5","United Avenue","13-121-0055","AQS"
"10/24/2008","51","PM2.5","Kennesaw","13-067-0003","AQS"
"10/25/2008","39","PM2.5","United Avenue","13-121-0055","AQS"
"10/26/2008","53","PM2.5","United Avenue","13-121-0055","AQS"
"10/27/2008","40","PM2.5","United Avenue","13-121-0055","AQS"
"10/28/2008","43","PM2.5","United Avenue","13-121-0055","AQS"
"10/29/2008","44","PM2.5","United Avenue","13-121-0055","AQS"
"10/30/2008","58","PM2.5","South DeKalb","13-089-0002","AQS"
"10/31/2008","65","PM2.5","United Avenue","13-121-0055","AQS"
"11/01/2008","76","PM2.5","United Avenue","13-121-0055","AQS"
"11/02/2008","80","PM2.5","United Avenue","13-121-0055","AQS"
"11/03/2008","62","PM2.5","United Avenue","13-121-0055","AQS"
"11/04/2008","55","PM2.5","United Avenue","13-121-0055","AQS"
"11/05/2008","211","PM2.5","Georgia Tech, Ford Environmental Science and Technology Bldg, roof","13-121-0048","AQS"
"11/06/2008","72","PM2.5","Doraville","13-089-2001","AQS"
"11/07/2008","65","PM2.5","United Avenue","13-121-0055","AQS"
"11/08/2008","52","PM2.5","South DeKalb","13-089-0002","AQS"
"11/09/2008","52","PM2.5","United Avenue","13-121-0055","AQS"
"11/10/2008","59","PM2.5","United Avenue","13-121-0055","AQS"
"11/11/2008","68","PM2.5","South DeKalb","13-089-0002","AQS"
"11/12/2008","64","PM2.5","United Avenue","13-121-0055","AQS"
"11/13/2008","83","PM2.5","Kennesaw","13-067-0003","AQS"
"11/14/2008","63","PM2.5","Kennesaw","13-067-0003","AQS"
"11/15/2008","31","Ozone","Georgia Station","13-231-9991","AQS"
"11/16/2008","37","PM2.5","United Avenue","13-121-0055","AQS"
"11/17/2008","48","PM2.5","United Avenue","13-121-0055","AQS"
"11/18/2008","42","PM2.5","United Avenue","13-121-0055","AQS"
"11/19/2008","49","PM2.5","Doraville","13-089-2001","AQS"
"11/20/2008","64","PM2.5","United Avenue","13-121-0055","AQS"
"11/21/2008","58","PM2.5","United Avenue","13-121-0055","AQS"
"11/22/2008","61","PM2.5","Kennesaw","13-067-0003","AQS"
"11/23/2008","63","PM2.5","South DeKalb","13-089-0002","AQS"
"11/24/2008","61","PM2.5","Kennesaw","13-067-0003","AQS"
"11/25/2008","51","PM2.5","United Avenue","13-121-0055","AQS"
"11/26/2008","88","PM2.5","Kennesaw","13-067-0003","AQS"
"11/27/2008","67","PM2.5","Kennesaw","13-067-0003","AQS"
"11/28/2008","79","PM2.5","Doraville","13-089-2001","AQS"
"11/29/2008","112","PM2.5","E. Rivers School","13-121-0032","AQS"
"11/30/2008","44","PM2.5","E. Rivers School","13-121-0032","AQS"
"12/01/2008","51","PM2.5","United Avenue","13-121-0055","AQS"
"12/02/2008","60","PM2.5","Fire Station #8","13-121-0039","AQS"
"12/03/2008","76","PM2.5","E. Rivers School","13-121-0032","AQS"
"12/04/2008","60","PM2.5","United Avenue","13-121-0055","AQS"
"12/05/2008","56","PM2.5","Kennesaw","13-067-0003","AQS"
"12/06/2008","64","PM2.5","Kennesaw","13-067-0003","AQS"
"12/07/2008","51","PM2.5","Kennesaw","13-067-0003","AQS"
"12/08/2008","61","PM2.5","Fire Station #8","13-121-0039","AQS"
"12/09/2008","57","PM2.5","Kennesaw","13-067-0003","AQS"
"12/10/2008","48","PM2.5","Doraville","13-089-2001","AQS"
"12/11/2008","57","PM2.5","Georgia Tech, Ford Environmental Science and Technology Bldg, roof","13-121-0048","AQS"
"12/12/2008","39","PM2.5","United Avenue","13-121-0055","AQS"
"12/13/2008","54","PM2.5","United Avenue","13-121-0055","AQS"
"12/14/2008","56","PM2.5","Kennesaw","13-067-0003","AQS"
"12/15/2008","74","PM2.5","Kennesaw","13-067-0003","AQS"
"12/16/2008","66","PM2.5","United Avenue","13-121-0055","AQS"
"12/17/2008","54","PM2.5","United Avenue","13-121-0055","AQS"
"12/18/2008","53","PM2.5","United Avenue","13-121-0055","AQS"
"12/19/2008","56","PM2.5","E. Rivers School","13-121-0032","AQS"
"12/20/2008","57","PM2.5","United Avenue","13-121-0055","AQS"
"12/21/2008","46","PM2.5","United Avenue","13-121-0055","AQS"
"12/22/2008","55","PM2.5","E. Rivers School","13-121-0032","AQS"
"12/23/2008","90","PM2.5","E. Rivers School","13-121-0032","AQS"
"12/24/2008","53","PM2.5","United Avenue","13-121-0055","AQS"
"12/25/2008","47","PM2.5","E. Rivers School","13-121-0032","AQS"
"12/26/2008","61","PM2.5","Yorkville, King Farm","13-223-0003","AQS"
"12/27/2008","46","PM2.5","Doraville","13-089-2001","AQS"
"12/28/2008","34","PM2.5","United Avenue","13-121-0055","AQS"
"12/29/2008","39","NO2","Georgia Tech, Ford Environmental Science and Technology Bldg, roof","13-121-0048","AQS"
"12/30/2008","44","PM2.5","South DeKalb","13-089-0002","AQS"
"12/31/2008","48","PM2.5","United Avenue","13-121-0055","AQS"
"01/01/2009","55","PM2.5","South DeKalb","13-089-0002","AQS"
"01/02/2009","57","PM2.5","E. Rivers School","13-121-0032","AQS"
"01/03/2009","71","PM2.5","E. Rivers School","13-121-0032","AQS"
"01/04/2009","53","PM2.5","Doraville","13-089-2001","AQS"
"01/05/2009","51","PM2.5","South DeKalb","13-089-0002","AQS"
"01/06/2009","41","PM2.5","United Avenue","13-121-0055","AQS"
"01/07/2009","34","Ozone","Georgia Station","13-231-9991","AQS"
"01/08/2009","36","PM2.5","United Avenue","13-121-0055","AQS"
"01/09/2009","49","PM2.5","United Avenue","13-121-0055","AQS"
"01/10/2009","62","PM2.5","United Avenue","13-121-0055","AQS"
"01/11/2009","60","PM2.5","United Avenue","13-121-0055","AQS"
"01/12/2009","58","PM2.5","United Avenue","13-121-0055","AQS"
"01/13/2009","61","PM2.5","South DeKalb","13-089-0002","AQS"
"01/14/2009","52","PM2.5","United Avenue","13-121-0055","AQS"
"01/15/2009","46","PM2.5","United Avenue","13-121-0055","AQS"
"01/16/2009","46","PM2.5","Forest Park","13-063-0091","AQS"
"01/17/2009","57","PM2.5","Doraville","13-089-2001","AQS"
"01/18/2009","53","PM2.5","Doraville","13-089-2001","AQS"
"01/19/2009","54","PM2.5","Gwinnett","13-135-0002","AQS"
"01/20/2009","59","PM2.5","United Avenue","13-121-0055","AQS"
"01/21/2009","75","PM2.5","E. Rivers School","13-121-0032","AQS"
"01/22/2009","78","PM2.5","Yorkville, King Farm","13-223-0003","AQS"
"01/23/2009","69","PM2.5","Kennesaw","13-067-0003","AQS"
"01/24/2009","63","PM2.5","Kennesaw","13-067-0003","AQS"
"01/25/2009","85","PM2.5","Kennesaw","13-067-0003","AQS"
"01/26/2009","81","PM2.5","Doraville","13-089-2001","AQS"
"01/27/2009","68","PM2.5","Kennesaw","13-067-0003","AQS"
"01/28/2009","54","PM2.5","South DeKalb","13-089-0002","AQS"
"01/29/2009","53","PM2.5","United Avenue","13-121-0055","AQS"
"01/30/2009","58","PM2.5","Kennesaw","13-067-0003","AQS"
"01/31/2009","58","PM2.5","E. Rivers School","13-121-0032","AQS"
"02/01/2009","72","PM2.5","E. Rivers School","13-121-0032","AQS"
"02/02/2009","65","PM2.5","United Avenue","13-121-0055","AQS"
"02/03/2009","40","Ozone","Georgia Station","13-231-9991","AQS"
"02/04/2009","86","PM2.5","South DeKalb","13-089-0002","AQS"
"02/05/2009","65","PM2.5","E. Rivers School","13-121-0032","AQS"
"02/06/2009","73","PM2.5","South DeKalb","13-089-0002","AQS"
"02/07/2009","87","PM2.5","Doraville","13-089-2001","AQS"
"02/08/2009","69","PM2.5","United Avenue","13-121-0055","AQS"
"02/09/2009","93","PM2.5","South DeKalb","13-089-0002","AQS"
"02/10/2009","81","PM2.5","United Avenue","13-121-0055","AQS"
"02/11/2009","61","PM2.5","United Avenue","13-121-0055","AQS"
"02/12/2009","53","NO2","Georgia Tech, Ford Environmental Science and Technology Bldg, roof","13-121-0048","AQS"
"02/13/2009","142","PM2.5","South DeKalb","13-089-0002","AQS"
"02/14/2009","70","PM2.5","United Avenue","13-121-0055","AQS"
"02/15/2009","63","PM2.5","United Avenue","13-121-0055","AQS"
"02/16/2009","52","PM2.5","Kennesaw","13-067-0003","AQS"
"02/17/2009","60","PM2.5","United Avenue","13-121-0055","AQS"
"02/18/2009","70","PM2.5","Gwinnett","13-135-0002","AQS"
"02/19/2009","54","PM2.5","United Avenue","13-121-0055","AQS"
"02/20/2009","50","PM2.5","E. Rivers School","13-121-0032","AQS"
"02/21/2009","61","PM2.5","Fire Station #8","13-121-0039","AQS"
"02/22/2009","56","PM2.5","United Avenue","13-121-0055","AQS"
"02/23/2009","48","PM2.5","Kennesaw","13-067-0003","AQS"
"02/24/2009","81","PM2.5","McDonough","13-151-0002","AQS"
"02/25/2009","96","PM2.5","United Avenue","13-121-0055","AQS"
"02/26/2009","69","PM2.5","Doraville","13-089-2001","AQS"
"02/27/2009","59","PM2.5","Doraville","13-089-2001","AQS"
"02/28/2009","37","Ozone","Georgia Station","13-231-9991","AQS"
"03/01/2009","34","Ozone","Douglasville","13-097-0004","AQS"
"03/02/2009","51","PM2.5","Doraville","13-089-2001","AQS"
"03/03/2009","52","PM2.5","United Avenue","13-121-0055","AQS"
"03/04/2009","61","PM2.5","E. Rivers School","13-121-0032","AQS"
"03/05/2009","78","PM2.5","Newnan","13-077-0002","AQS"
"03/06/2009","69","PM2.5","United Avenue","13-121-0055","AQS"
"03/07/2009","66","PM2.5","United Avenue","13-121-0055","AQS"
"03/08/2009","65","PM2.5","United Avenue","13-121-0055","AQS"
"03/09/2009","67","PM2.5","United Avenue","13-121-0055","AQS"
"03/10/2009","70","PM2.5","United Avenue","13-121-0055","AQS"
"03/11/2009","67","PM2.5","Fire Station #8","13-121-0039","AQS"
"03/12/2009","52","PM2.5","United Avenue","13-121-0055","AQS"
"03/13/2009","64","PM2.5","United Avenue","13-121-0055","AQS"
"03/14/2009","52","PM2.5","South DeKalb","13-089-0002","AQS"
"03/15/2009","27","PM2.5","United Avenue","13-121-0055","AQS"
"03/16/2009","41","PM2.5","Doraville","13-089-2001","AQS"
"03/17/2009","54","PM2.5","Forest Park","13-063-0091","AQS"
"03/18/2009","65","PM2.5","United Avenue","13-121-0055","AQS"
"03/19/2009","67","PM2.5","United Avenue","13-121-0055","AQS"
"03/20/2009","106","PM2.5","Doraville","13-089-2001","AQS"
"03/21/2009","77","Ozone","Georgia Station","13-231-9991","AQS"
"03/22/2009","77","Ozone","Dawsonville","13-085-0001","AQS"
"03/23/2009","90","Ozone","Dawsonville","13-085-0001","AQS"
"03/24/2009","69","PM2.5","Gwinnett","13-135-0002","AQS"
"03/25/2009","56","PM2.5","Doraville","13-089-2001","AQS"
"03/26/2009","55","PM2.5","South DeKalb","13-089-0002","AQS"
"03/27/2009","37","Ozone","Georgia Station","13-231-9991","AQS"
"03/28/2009","35","Ozone","Yorkville, King Farm","13-223-0003","AQS"
"03/29/2009","51","PM2.5","Forest Park","13-063-0091","AQS"
"03/30/2009","58","Ozone","Georgia Station","13-231-9991","AQS"
"03/31/2009","60","PM2.5","Doraville","13-089-2001","AQS"
"04/01/2009","55","PM2.5","South DeKalb","13-089-0002","AQS"
"04/02/2009","58","PM2.5","South DeKalb","13-089-0002","AQS"
"04/03/2009","60","PM2.5","Newnan","13-077-0002","AQS"
"04/04/2009","67","Ozone","Newnan","13-077-0002","AQS"
"04/05/2009","69","PM2.5","United Avenue","13-121-0055","AQS"
"04/06/2009","52","PM2.5","South DeKalb","13-089-0002","AQS"
"04/07/2009","43","Ozone","Douglasville","13-097-0004","AQS"
"04/08/2009","87","Ozone","Dawsonville","13-085-0001","AQS"
"04/09/2009","101","Ozone","Dawsonville","13-085-0001","AQS"
"04/10/2009","59","PM2.5","United Avenue","13-121-0055","AQS"
"04/11/2009","64","PM2.5","United Avenue","13-121-0055","AQS"
"04/12/2009","63","PM2.5","United Avenue","13-121-0055","AQS"
"04/13/2009","64","PM2.5","South DeKalb","13-089-0002","AQS"
"04/14/2009","42","PM2.5","United Avenue","13-121-0055","AQS"
"04/15/2009","55","PM2.5","United Avenue","13-121-0055","AQS"
"04/16/2009","59","PM2.5","United Avenue","13-121-0055","AQS"
"04/17/2009","84","Ozone","Dawsonville","13-085-0001","AQS"
"04/18/2009","97","Ozone","Dawsonville","13-085-0001","AQS"
"04/19/2009","66","PM2.5","MACLAND AQUATIC CENTER","13-067-0004","AQS"
"04/20/2009","46","Ozone","Georgia Station","13-231-9991","AQS"
"04/21/2009","64","Ozone","Dawsonville","13-085-0001","AQS"
"04/22/2009","64","Ozone","Douglasville","13-097-0004","AQS"
"04/23/2009","93","Ozone","Dawsonville","13-085-0001","AQS"
"04/24/2009","90","Ozone","Dawsonville","13-085-0001","AQS"
"04/25/2009","87","Ozone","Conyers","13-247-0001","AQS"
"04/26/2009","58","PM2.5","United Avenue","13-121-0055","AQS"
"04/27/2009","62","PM2.5","United Avenue","13-121-0055","AQS"
"04/28/2009","58","PM2.5","Fire Station #8","13-121-0039","AQS"
"04/29/2009","63","PM2.5","United Avenue","13-121-0055","AQS"
"04/30/2009","61","PM2.5","United Avenue","13-121-0055","AQS"
"05/01/2009","58","PM2.5","United Avenue","13-121-0055","AQS"
"05/02/2009","52","PM2.5","Doraville","13-089-2001","AQS"
"05/03/2009","52","PM2.5","United Avenue","13-121-0055","AQS"
"05/04/2009","49","PM2.5","United Avenue","13-121-0055","AQS"
"05/05/2009","58","PM2.5","United Avenue","13-121-0055","AQS"
"05/06/2009","53","PM2.5","United Avenue","13-121-0055","AQS"
"05/07/2009","59","PM2.5","Gwinnett","13-135-0002","AQS"
"05/08/2009","66","PM2.5","United Avenue","13-121-0055","AQS"
"05/09/2009","72","PM2.5","United Avenue","13-121-0055","AQS"
"05/10/2009","54","PM2.5","United Avenue","13-121-0055","AQS"
"05/11/2009","59","PM2.5","United Avenue","13-121-0055","AQS"
"05/12/2009","55","PM2.5","United Avenue","13-121-0055","AQS"
"05/13/2009","58","PM2.5","United Avenue","13-121-0055","AQS"
"05/14/2009","63","PM2.5","United Avenue","13-121-0055","AQS"
"05/15/2009","60","PM2.5","Newnan","13-077-0002","AQS"
"05/16/2009","48","PM2.5","United Avenue","13-121-0055","AQS"
"05/17/2009","43","PM2.5","United Avenue","13-121-0055","AQS"
"05/18/2009","52","PM2.5","United Avenue","13-121-0055","AQS"
"05/19/2009","80","Ozone","United Avenue","13-121-0055","AQS"
"05/20/2009","54","Ozone","Dawsonville","13-085-0001","AQS"
"05/21/2009","49","PM2.5","United Avenue","13-121-0055","AQS"
"05/22/2009","44","PM2.5","Doraville","13-089-2001","AQS"
"05/23/2009","41","PM2.5","E. Rivers School","13-121-0032","AQS"
"05/24/2009","44","PM2.5","United Avenue","13-121-0055","AQS"
"05/25/2009","57","PM2.5","South DeKalb","13-089-0002","AQS"
"05/26/2009","52","PM2.5","United Avenue","13-121-0055","AQS"
"05/27/2009","52","PM2.5","E. Rivers School","13-121-0032","AQS"
"05/28/2009","63","PM2.5","United Avenue","13-121-0055","AQS"
"05/29/2009","56","PM2.5","United Avenue","13-121-0055","AQS"
"05/30/2009","90","Ozone","McDonough","13-151-0002","AQS"
"05/31/2009","74","Ozone","McDonough","13-151-0002","AQS"
"06/01/2009","151","Ozone","United Avenue","13-121-0055","AQS"
"06/02/2009","164","Ozone","Kennesaw","13-067-0003","AQS"
"06/03/2009","74","Ozone","Kennesaw","13-067-0003","AQS"
"06/04/2009","56","PM2.5","Kennesaw","13-067-0003","AQS"
"06/05/2009","58","PM2.5","United Avenue","13-121-0055","AQS"
"06/06/2009","61","PM2.5","Forest Park","13-063-0091","AQS"
"06/07/2009","64","Ozone","Douglasville","13-097-0004","AQS"
"06/08/2009","87","Ozone","South DeKalb","13-089-0002","AQS"
"06/09/2009","136","Ozone","Conyers","13-247-0001","AQS"
"06/10/2009","82","PM2.5","United Avenue","13-121-0055","AQS"
"06/11/2009","65","PM2.5","South DeKalb","13-089-0002","AQS"
"06/12/2009","67","PM2.5","Gwinnett","13-135-0002","AQS"
"06/13/2009","57","PM2.5","South DeKalb","13-089-0002","AQS"
"06/14/2009","66","PM2.5","United Avenue","13-121-0055","AQS"
"06/15/2009","100","Ozone","McDonough","13-151-0002","AQS"
"06/16/2009","71","Ozone","Gwinnett","13-135-0002","AQS"
"06/17/2009","82","PM2.5","United Avenue","13-121-0055","AQS"
"06/18/2009","75","PM2.5","United Avenue","13-121-0055","AQS"
"06/19/2009","97","Ozone","McDonough","13-151-0002","AQS"
"06/20/2009","69","PM2.5","United Avenue","13-121-0055","AQS"
"06/21/2009","71","PM2.5","United Avenue","13-121-0055","AQS"
"06/22/2009","71","Ozone","McDonough","13-151-0002","AQS"
"06/23/2009","122","Ozone","South DeKalb","13-089-0002","AQS"
"06/24/2009","164","Ozone","United Avenue","13-121-0055","AQS"
"06/25/2009","147","Ozone","Gwinnett","13-135-0002","AQS"
"06/26/2009","154","Ozone","Conyers","13-247-0001","AQS"
"06/27/2009","99","PM2.5","McDonough","13-151-0002","AQS"
"06/28/2009","101","Ozone","McDonough","13-151-0002","AQS"
"06/29/2009","119","Ozone","Conyers","13-247-0001","AQS"
"06/30/2009","97","Ozone","McDonough","13-151-0002","AQS"
"07/01/2009","87","Ozone","Newnan","13-077-0002","AQS"
"07/02/2009","77","Ozone","Georgia Station","13-231-9991","AQS"
"07/03/2009","90","Ozone","McDonough","13-151-0002","AQS"
"07/04/2009","105","Ozone","South DeKalb","13-089-0002","AQS"
"07/05/2009","96","PM2.5","United Avenue","13-121-0055","AQS"
"07/06/2009","56","PM2.5","United Avenue","13-121-0055","AQS"
"07/07/2009","64","PM2.5","United Avenue","13-121-0055","AQS"
"07/08/2009","67","Ozone","Yorkville, King Farm","13-223-0003","AQS"
"07/09/2009","93","Ozone","Douglasville","13-097-0004","AQS"
"07/10/2009","77","Ozone","Yorkville, King Farm","13-223-0003","AQS"
"07/11/2009","74","Ozone","Gwinnett","13-135-0002","AQS"
"07/12/2009","76","PM2.5","Gwinnett","13-135-0002","AQS"
"07/13/2009","52","PM2.5","United Avenue","13-121-0055","AQS"
"07/14/2009","101","Ozone","Douglasville","13-097-0004","AQS"
"07/15/2009","100","Ozone","United Avenue","13-121-0055","AQS"
"07/16/2009","79","PM2.5","United Avenue","13-121-0055","AQS"
"07/17/2009","63","PM2.5","United Avenue","13-121-0055","AQS"
"07/18/2009","67","PM2.5","Gwinnett","13-135-0002","AQS"
"07/19/2009","57","PM2.5","United Avenue","13-121-0055","AQS"
"07/20/2009","64","Ozone","McDonough","13-151-0002","AQS"
"07/21/2009","172","Ozone","United Avenue","13-121-0055","AQS"
"07/22/2009","74","PM2.5","United Avenue","13-121-0055","AQS"
"07/23/2009","78","PM2.5","Gwinnett","13-135-0002","AQS"
"07/24/2009","122","Ozone","McDonough","13-151-0002","AQS"
"07/25/2009","84","Ozone","Conyers","13-247-0001","AQS"
"07/26/2009","86","PM2.5","United Avenue","13-121-0055","AQS"
"07/27/2009","71","Ozone","Gwinnett","13-135-0002","AQS"
"07/28/2009","62","PM2.5","United Avenue","13-121-0055","AQS"
"07/29/2009","58","PM2.5","United Avenue","13-121-0055","AQS"
"07/30/2009","66","PM2.5","United Avenue","13-121-0055","AQS"
"07/31/2009","57","PM2.5","United Avenue","13-121-0055","AQS"
"08/01/2009","63","PM2.5","United Avenue","13-121-0055","AQS"
"08/02/2009","56","PM2.5","United Avenue","13-121-0055","AQS"
"08/03/2009","67","PM2.5","United Avenue","13-121-0055","AQS"
"08/04/2009","77","PM2.5","United Avenue","13-121-0055","AQS"
"08/05/2009","72","PM2.5","South DeKalb","13-089-0002","AQS"
"08/06/2009","136","Ozone","McDonough","13-151-0002","AQS"
"08/07/2009","156","Ozone","Kennesaw","13-067-0003","AQS"
"08/08/2009","119","Ozone","Kennesaw","13-067-0003","AQS"
"08/09/2009","112","Ozone","United Avenue","13-121-0055","AQS"
"08/10/2009","71","PM2.5","United Avenue","13-121-0055","AQS"
"08/11/2009","70","PM2.5","Yorkville, King Farm","13-223-0003","AQS"
"08/12/2009","53","PM2.5","United Avenue","13-121-0055","AQS"
"08/13/2009","101","Ozone","Douglasville","13-097-0004","AQS"
"08/14/2009","97","Ozone","Douglasville","13-097-0004","AQS"
"08/15/2009","67","Ozone","Yorkville, King Farm","13-223-0003","AQS"
"08/16/2009","56","PM2.5","United Avenue","13-121-0055","AQS"
"08/17/2009","56","PM2.5","Gwinnett","13-135-0002","AQS"
"08/18/2009","51","PM2.5","United Avenue","13-121-0055","AQS"
"08/19/2009","53","PM2.5","United Avenue","13-121-0055","AQS"
"08/20/2009","53","PM2.5","United Avenue","13-121-0055","AQS"
"08/21/2009","52","PM2.5","United Avenue","13-121-0055","AQS"
"08/22/2009","52","PM2.5","United Avenue","13-121-0055","AQS"
"08/23/2009","61","PM2.5","United Avenue","13-121-0055","AQS"
"08/24/2009","105","Ozone","Douglasville","13-097-0004","AQS"
"08/25/2009","77","PM2.5","United Avenue","13-121-0055","AQS"
"08/26/2009","69","PM2.5","United Avenue","13-121-0055","AQS"
"08/27/2009","58","PM2.5","United Avenue","13-121-0055","AQS"
"08/28/2009","38","Ozone","Georgia Station","13-231-9991","AQS"
"08/29/2009","63","PM2.5","United Avenue","13-121-0055","AQS"
"08/30/2009","70","PM2.5","United Avenue","13-121-0055","AQS"
"08/31/2009","63","PM2.5","Newnan","13-077-0002","AQS"
"09/01/2009","63","PM2.5","United Avenue","13-121-0055","AQS"
"09/02/2009","67","Ozone","Douglasville","13-097-0004","AQS"
"09/03/2009","58","PM2.5","United Avenue","13-121-0055","AQS"
"09/04/2009","93","Ozone","Douglasville","13-097-0004","AQS"
"09/05/2009","76","PM2.5","United Avenue","13-121-0055","AQS"
"09/06/2009","77","PM2.5","United Avenue","13-121-0055","AQS"
"09/07/2009","86","PM2.5","United Avenue","13-121-0055","AQS"
"09/08/2009","122","Ozone","United Avenue","13-121-0055","AQS"
"09/09/2009","102","PM2.5","Newnan","13-077-0002","AQS"
"09/10/2009","66","PM2.5","Yorkville, King Farm","13-223-0003","AQS"
"09/11/2009","75","PM2.5","United Avenue","13-121-0055","AQS"
"09/12/2009","79","PM2.5","United Avenue","13-121-0055","AQS"
"09/13/2009","75","PM2.5","United Avenue","13-121-0055","AQS"
"09/14/2009","82","PM2.5","United Avenue","13-121-0055","AQS"
"09/15/2009","86","PM2.5","Kennesaw","13-067-0003","AQS"
"09/16/2009","58","PM2.5","United Avenue","13-121-0055","AQS"
"09/17/2009","52","PM2.5","Gwinnett","13-135-0002","AQS"
"09/18/2009","54","PM2.5","South DeKalb","13-089-0002","AQS"
"09/19/2009","57","PM2.5","South DeKalb","13-089-0002","AQS"
"09/20/2009","52","PM2.5","United Avenue","13-121-0055","AQS"
"09/21/2009","40","PM2.5","South DeKalb","13-089-0002","AQS"
"09/22/2009","56","PM2.5","United Avenue","13-121-0055","AQS"
"09/23/2009","55","PM2.5","South DeKalb","13-089-0002","AQS"
"09/24/2009","58","PM2.5","Doraville","13-089-2001","AQS"
"09/25/2009","57","PM2.5","Gwinnett","13-135-0002","AQS"
"09/26/2009","52","PM2.5","United Avenue","13-121-0055","AQS"
"09/27/2009","47","PM2.5","United Avenue","13-121-0055","AQS"
"09/28/2009","61","PM2.5","South DeKalb","13-089-0002","AQS"
"09/29/2009","40","PM2.5","South DeKalb","13-089-0002","AQS"
"09/30/2009","54","PM2.5","South DeKalb","13-089-0002","AQS"
"10/01/2009","96","PM2.5","E. Rivers School","13-121-0032","AQS"
"10/02/2009","67","PM2.5","United Avenue","13-121-0055","AQS"
"10/03/2009","56","PM2.5","South DeKalb","13-089-0002","AQS"
"10/04/2009","55","PM2.5","United Avenue","13-121-0055","AQS"
"10/05/2009","37","Ozone","Gwinnett","13-135-0002","AQS"
"10/06/2009","52","PM2.5","United Avenue","13-121-0055","AQS"
"10/07/2009","54","PM2.5","United Avenue","13-121-0055","AQS"
"10/08/2009","56","PM2.5","United Avenue","13-121-0055","AQS"
"10/09/2009","55","PM2.5","United Avenue","13-121-0055","AQS"
"10/10/2009","43","PM2.5","South DeKalb","13-089-0002","AQS"
"10/11/2009","51","PM2.5","United Avenue","13-121-0055","AQS"
"10/12/2009","33","PM2.5","South DeKalb","13-089-0002","AQS"
"10/13/2009","47","PM2.5","United Avenue","13-121-0055","AQS"
"10/14/2009","32","PM2.5","South DeKalb","13-089-0002","AQS"
"10/15/2009","32","PM2.5","United Avenue","13-121-0055","AQS"
"10/16/2009","38","PM2.5","United Avenue","13-121-0055","AQS"
"10/17/2009","43","PM2.5","United Avenue","13-121-0055","AQS"
"10/18/2009","49","PM2.5","United Avenue","13-121-0055","AQS"
"10/19/2009","64","PM2.5","Forest Park","13-063-0091","AQS"
"10/20/2009","69","PM2.5","South DeKalb","13-089-0002","AQS"
"10/21/2009","67","PM2.5","South DeKalb","13-089-0002","AQS"
"10/22/2009","60","PM2.5","South DeKalb","13-089-0002","AQS"
"10/23/2009","42","PM2.5","South DeKalb","13-089-0002","AQS"
"10/24/2009","37","PM2.5","United Avenue","13-121-0055","AQS"
"10/25/2009","49","PM2.5","United Avenue","13-121-0055","AQS"
"10/26/2009","54","PM2.5","United Avenue","13-121-0055","AQS"
"10/27/2009","46","PM2.5","South DeKalb","13-089-0002","AQS"
"10/28/2009","57","PM2.5","Fire Station #8","13-121-0039","AQS"
"10/29/2009","66","PM2.5","South DeKalb","13-089-0002","AQS"
"10/30/2009","63","PM2.5","Gwinnett","13-135-0002","AQS"
"10/31/2009","41","PM2.5","South DeKalb","13-089-0002","AQS"
"11/01/2009","47","PM2.5","E. Rivers School","13-121-0032","AQS"
"11/02/2009","63","PM2.5","South DeKalb","13-089-0002","AQS"
"11/03/2009","64","PM2.5","Forest Park","13-063-0091","AQS"
"11/04/2009","64","PM2.5","South DeKalb","13-089-0002","AQS"
"11/05/2009","58","PM2.5","South DeKalb","13-089-0002","AQS"
"11/06/2009","62","PM2.5","Fire Station #8","13-121-0039","AQS"
"11/07/2009","71","PM2.5","E. Rivers School","13-121-0032","AQS"
"11/08/2009","79","PM2.5","Kennesaw","13-067-0003","AQS"
"11/09/2009","67","PM2.5","Doraville","13-089-2001","AQS"
"11/10/2009","42","PM2.5","South DeKalb","13-089-0002","AQS"
"11/11/2009","33","Ozone","Georgia Station","13-231-9991","AQS"
"11/12/2009","48","PM2.5","Forest Park","13-063-0091","AQS"
"11/13/2009","55","PM2.5","United Avenue","13-121-0055","AQS"
"11/14/2009","65","PM2.5","South DeKalb","13-089-0002","AQS"
"11/15/2009","74","PM2.5","Fire Station #8","13-121-0039","AQS"
"11/16/2009","88","PM2.5","E. Rivers School","13-121-0032","AQS"
"11/17/2009","83","PM2.5","Gwinnett","13-135-0002","AQS"
"11/18/2009","71","PM2.5","Doraville","13-089-2001","AQS"
"11/19/2009","82","PM2.5","E. Rivers School","13-121-0032","AQS"
"11/20/2009","55","PM2.5","South DeKalb","13-089-0002","AQS"
"11/21/2009","69","PM2.5","E. Rivers School","13-121-0032","AQS"
"11/22/2009","56","PM2.5","Doraville","13-089-2001","AQS"
"11/23/2009","42","PM2.5","Doraville","13-089-2001","AQS"
"11/24/2009","58","PM2.5","Doraville","13-089-2001","AQS"
"11/25/2009","62","PM2.5","E. Rivers School","13-121-0032","AQS"
"11/26/2009","51","PM2.5","South DeKalb","13-089-0002","AQS"
"11/27/2009","59","PM2.5","Gwinnett","13-135-0002","AQS"
"11/28/2009","59","PM2.5","Kennesaw","13-067-0003","AQS"
"11/29/2009","61","PM2.5","Kennesaw","13-067-0003","AQS"
"11/30/2009","52","PM2.5","Forest Park","13-063-0091","AQS"
"12/01/2009","42","PM2.5","United Avenue","13-121-0055","AQS"
"12/02/2009","30","Ozone","Georgia Station","13-231-9991","AQS"
"12/03/2009","42","PM2.5","United Avenue","13-121-0055","AQS"
"12/04/2009","61","PM2.5","E. Rivers School","13-121-0032","AQS"
"12/05/2009","61","PM2.5","E. Rivers School","13-121-0032","AQS"
"12/06/2009","63","PM2.5","South DeKalb","13-089-0002","AQS"
"12/07/2009","76","PM2.5","Doraville","13-089-2001","AQS"
"12/08/2009","61","PM2.5","Kennesaw","13-067-0003","AQS"
"12/09/2009","40","Ozone","Georgia Station","13-231-9991","AQS"
"12/10/2009","52","PM2.5","United Avenue","13-121-0055","AQS"
"12/11/2009","40","PM2.5","United Avenue","13-121-0055","AQS"
"12/12/2009","44","PM2.5","E. Rivers School","13-121-0032","AQS"
"12/13/2009","67","PM2.5","E. Rivers School","13-121-0032","AQS"
"12/14/2009","64","PM2.5","E. Rivers School","13-121-0032","AQS"
"12/15/2009","51","PM2.5","Forest Park","13-063-0091","AQS"
"12/16/2009","58","PM2.5","Kennesaw","13-067-0003","AQS"
"12/17/2009","67","PM2.5","South DeKalb","13-089-0002","AQS"
"12/18/2009","37","PM2.5","E. Rivers School","13-121-0032","AQS"
"12/19/2009","47","PM2.5","United Avenue","13-121-0055","AQS"
"12/20/2009","58","PM2.5","United Avenue","13-121-0055","AQS"
"12/21/2009","81","PM2.5","E. Rivers School","13-121-0032","AQS"
"12/22/2009","88","PM2.5","Doraville","13-089-2001","AQS"
"12/23/2009","75","PM2.5","Doraville","13-089-2001","AQS"
"12/24/2009","66","PM2.5","Gwinnett","13-135-0002","AQS"
"12/25/2009","37","Ozone","Georgia Station","13-231-9991","AQS"
"12/26/2009","63","PM2.5","E. Rivers School","13-121-0032","AQS"
"12/27/2009","58","PM2.5","Gwinnett","13-135-0002","AQS"
"12/28/2009","41","PM2.5","United Avenue","13-121-0055","AQS"
"12/29/2009","56","PM2.5","E. Rivers School","13-121-0032","AQS"
"12/30/2009","65","PM2.5","Forest Park","13-063-0091","AQS"
"12/31/2009","77","PM2.5","E. Rivers School","13-121-0032","AQS"
"01/01/2010","47","PM2.5","United Avenue","13-121-0055","AQS"
"01/02/2010","39","PM2.5","South DeKalb","13-089-0002","AQS"
"01/03/2010","45","PM2.5","Doraville","13-089-2001","AQS"
"01/04/2010","49","PM2.5","United Avenue","13-121-0055","AQS"
"01/05/2010","55","PM2.5","Forest Park","13-063-0091","AQS"
"01/06/2010","57","PM2.5","E. Rivers School","13-121-0032","AQS"
"01/07/2010","57","PM2.5","Kennesaw","13-067-0003","AQS"
"01/08/2010","60","PM2.5","South DeKalb","13-089-0002","AQS"
"01/09/2010","56","PM2.5","Kennesaw","13-067-0003","AQS"
"01/10/2010","61","PM2.5","Doraville","13-089-2001","AQS"
"01/11/2010","59","PM2.5","South DeKalb","13-089-0002","AQS"
"01/12/2010","55","PM2.5","South DeKalb","13-089-0002","AQS"
"01/13/2010","80","PM2.5","Doraville","13-089-2001","AQS"
"01/14/2010","111","PM2.5","Fire Station #8","13-121-0039","AQS"
"01/15/2010","97","PM2.5","Doraville","13-089-2001","AQS"
"01/16/2010","77","PM2.5","E. Rivers School","13-121-0032","AQS"
"01/17/2010","32","Ozone","Georgia Station","13-231-9991","AQS"
"01/18/2010","53","PM2.5","South DeKalb","13-089-0002","AQS"
"01/19/2010","62","PM2.5","South DeKalb","13-089-0002","AQS"
"01/20/2010","61","PM2.5","South DeKalb","13-089-0002","AQS"
"01/21/2010","35","Ozone","Georgia Station","13-231-9991","AQS"
"01/22/2010","58","PM2.5","United Avenue","13-121-0055","AQS"
"01/23/2010","52","PM2.5","Gwinnett","13-135-0002","AQS"
"01/24/2010","38","PM2.5","South DeKalb","13-089-0002","AQS"
"01/25/2010","36","PM2.5","South DeKalb","13-089-0002","AQS"
"01/26/2010","57","PM2.5","South DeKalb","13-089-0002","AQS"
"01/27/2010","52","PM2.5","South DeKalb","13-089-0002","AQS"
"01/28/2010","60","PM2.5","South DeKalb","13-089-0002","AQS"
"01/29/2010","53","PM2.5","South DeKalb","13-089-0002","AQS"
"01/30/2010","41","PM2.5","Doraville","13-089-2001","AQS"
"01/31/2010","61","PM2.5","South DeKalb","13-089-0002","AQS"
"02/01/2010","66","PM2.5","Fire Station #8","13-121-0039","AQS"
"02/02/2010","57","PM2.5","Kennesaw","13-067-0003","AQS"
"02/03/2010","60","PM2.5","South DeKalb","13-089-0002","AQS"
"02/04/2010","70","PM2.5","Doraville","13-089-2001","AQS"
"02/05/2010","28","PM2.5","Doraville","13-089-2001","AQS"
"02/06/2010","47","PM2.5","United Avenue","13-121-0055","AQS"
"02/07/2010","63","PM2.5","E. Rivers School","13-121-0032","AQS"
"02/08/2010","63","PM2.5","South DeKalb","13-089-0002","AQS"
"02/09/2010","55","PM2.5","United Avenue","13-121-0055","AQS"
"02/10/2010","52","PM2.5","United Avenue","13-121-0055","AQS"
"02/11/2010","44","PM2.5","United Avenue","13-121-0055","AQS"
"02/12/2010","53","PM2.5","Doraville","13-089-2001","AQS"
"02/13/2010","59","PM2.5","United Avenue","13-121-0055","AQS"
"02/14/2010","63","PM2.5","Doraville","13-089-2001","AQS"
"02/15/2010","45","PM2.5","United Avenue","13-121-0055","AQS"
"02/16/2010","41","PM2.5","United Avenue","13-121-0055","AQS"
"02/17/2010","42","PM2.5","United Avenue","13-121-0055","AQS"
"02/18/2010","44","PM2.5","United Avenue","13-121-0055","AQS"
"02/19/2010","54","PM2.5","South DeKalb","13-089-0002","AQS"
"02/20/2010","60","PM2.5","South DeKalb","13-089-0002","AQS"
"02/21/2010","71","PM2.5","United Avenue","13-121-0055","AQS"
"02/22/2010","66","PM2.5","South DeKalb","13-089-0002","AQS"
"02/23/2010","56","PM2.5","South DeKalb","13-089-0002","AQS"
"02/24/2010","63","PM2.5","South DeKalb","13-089-0002","AQS"
"02/25/2010","55","PM2.5","South DeKalb","13-089-0002","AQS"
"02/26/2010","53","PM2.5","South DeKalb","13-089-0002","AQS"
"02/27/2010","52","PM2.5","South DeKalb","13-089-0002","AQS"
"02/28/2010","53","PM2.5","South DeKalb","13-089-0002","AQS"
"03/01/2010","55","PM2.5","South DeKalb","13-089-0002","AQS"
"03/02/2010","53","PM2.5","South DeKalb","13-089-0002","AQS"
"03/03/2010","55","PM2.5","South DeKalb","13-089-0002","AQS"
"03/04/2010","56","PM2.5","South DeKalb","13-089-0002","AQS"
"03/05/2010","53","PM2.5","South DeKalb","13-089-0002","AQS"
"03/06/2010","55","PM2.5","South DeKalb","13-089-0002","AQS"
"03/07/2010","62","PM2.5","South DeKalb","13-089-0002","AQS"
"03/08/2010","80","Ozone","Dawsonville","13-085-0001","AQS"
"03/09/2010","83","PM2.5","South DeKalb","13-089-0002","AQS"
"03/10/2010","60","PM2.5","E. Rivers School","13-121-0032","AQS"
"03/11/2010","53","PM2.5","Kennesaw","13-067-0003","AQS"
"03/12/2010","69","PM2.5","Fire Station #8","13-121-0039","AQS"
"03/13/2010","43","PM2.5","South DeKalb","13-089-0002","AQS"
"03/14/2010","38","PM2.5","South DeKalb","13-089-0002","AQS"
"03/15/2010","44","PM2.5","South DeKalb","13-089-0002","AQS"
"03/16/2010","54","PM2.5","South DeKalb","13-089-0002","AQS"
"03/17/2010","57","PM2.5","South DeKalb","13-089-0002","AQS"
"03/18/2010","59","PM2.5","South DeKalb","13-089-0002","AQS"
"03/19/2010","74","Ozone","Georgia Station","13-231-9991","AQS"
"03/20/2010","84","Ozone","Dawsonville","13-085-0001","AQS"
"03/21/2010","63","PM2.5","South DeKalb","13-089-0002","AQS"
"03/22/2010","33","PM2.5","South DeKalb","13-089-0002","AQS"
"03/23/2010","56","PM2.5","South DeKalb","13-089-0002","AQS"
"03/24/2010","74","Ozone","Dawsonville","13-085-0001","AQS"
"03/25/2010","77","PM2.5","South DeKalb","13-089-0002","AQS"
"03/26/2010","46","PM2.5","South DeKalb","13-089-0002","AQS"
"03/27/2010","55","PM2.5","South DeKalb","13-089-0002","AQS"
"03/28/2010","52","PM2.5","South DeKalb","13-089-0002","AQS"
"03/29/2010","48","PM2.5","South DeKalb","13-089-0002","AQS"
"03/30/2010","57","PM2.5","South DeKalb","13-089-0002","AQS"
"03/31/2010","67","PM2.5","South DeKalb","13-089-0002","AQS"
"04/01/2010","105","Ozone","Dawsonville","13-085-0001","AQS"
"04/02/2010","151","Ozone","Dawsonville","13-085-0001","AQS"
"04/03/2010","75","PM2.5","South DeKalb","13-089-0002","AQS"
"04/04/2010","74","PM2.5","South DeKalb","13-089-0002","AQS"
"04/05/2010","74","PM2.5","South DeKalb","13-089-0002","AQS"
"04/06/2010","90","Ozone","Dawsonville","13-085-0001","AQS"
"04/07/2010","74","Ozone","Dawsonville","13-085-0001","AQS"
"04/08/2010","55","PM2.5","South DeKalb","13-089-0002","AQS"
"04/09/2010","54","Ozone","Georgia Station","13-231-9991","AQS"
"04/10/2010","71","Ozone","Dawsonville","13-085-0001","AQS"
"04/11/2010","105","Ozone","Douglasville","13-097-0004","AQS"
"04/12/2010","101","Ozone","Dawsonville","13-085-0001","AQS"
"04/13/2010","180","PM2.5","South DeKalb","13-089-0002","AQS"
"04/14/2010","108","Ozone","Dawsonville","13-085-0001","AQS"
"04/15/2010","93","Ozone","Georgia Station","13-231-9991","AQS"
"04/16/2010","100","Ozone","United Avenue","13-121-0055","AQS"
"04/17/2010","87","Ozone","Georgia Station","13-231-9991","AQS"
"04/18/2010","90","Ozone","Georgia Station","13-231-9991","AQS"
"04/19/2010","74","Ozone","Dawsonville","13-085-0001","AQS"
"04/20/2010","67","PM2.5","MACLAND AQUATIC CENTER","13-067-0004","AQS"
"04/21/2010","74","Ozone","Georgia Station","13-231-9991","AQS"
"04/22/2010","97","Ozone","Gwinnett","13-135-0002","AQS"
"04/23/2010","101","Ozone","Dawsonville","13-085-0001","AQS"
"04/24/2010","68","PM2.5","Gwinnett","13-135-0002","AQS"
"04/25/2010","58","PM2.5","South DeKalb","13-089-0002","AQS"
"04/26/2010","49","PM2.5","South DeKalb","13-089-0002","AQS"
"04/27/2010","55","PM2.5","Doraville","13-089-2001","AQS"
"04/28/2010","79","PM2.5","Doraville","13-089-2001","AQS"
"04/29/2010","80","Ozone","Dawsonville","13-085-0001","AQS"
"04/30/2010","90","Ozone","Dawsonville","13-085-0001","AQS"
"05/01/2010","61","PM2.5","Newnan","13-077-0002","AQS"
"05/02/2010","90","PM2.5","Newnan","13-077-0002","AQS"
"05/03/2010","63","PM2.5","Newnan","13-077-0002","AQS"
"05/04/2010","80","Ozone","Georgia Station","13-231-9991","AQS"
"05/05/2010","119","Ozone","Kennesaw","13-067-0003","AQS"
"05/06/2010","150","Ozone","Conyers","13-247-0001","AQS"
"05/07/2010","143","Ozone","Dawsonville","13-085-0001","AQS"
"05/08/2010","58","PM2.5","South DeKalb","13-089-0002","AQS"
"05/09/2010","46","Ozone","McDonough","13-151-0002","AQS"
"05/10/2010","53","PM2.5","South DeKalb","13-089-0002","AQS"
"05/11/2010","59","PM2.5","South DeKalb","13-089-0002","AQS"
"05/12/2010","67","PM2.5","South DeKalb","13-089-0002","AQS"
"05/13/2010","73","PM2.5","South DeKalb","13-089-0002","AQS"
"05/14/2010","80","PM2.5","Fire Station #8","13-121-0039","AQS"
"05/15/2010","75","PM2.5","South DeKalb","13-089-0002","AQS"
"05/16/2010","61","PM2.5","South DeKalb","13-089-0002","AQS"
"05/17/2010","50","PM2.5","South DeKalb","13-089-0002","AQS"
"05/18/2010","56","PM2.5","South DeKalb","13-089-0002","AQS"
"05/19/2010","61","Ozone","Conyers","13-247-0001","AQS"
"05/20/2010","105","Ozone","Kennesaw","13-067-0003","AQS"
"05/21/2010","55","PM2.5","South DeKalb","13-089-0002","AQS"
"05/22/2010","72","PM2.5","South DeKalb","13-089-0002","AQS"
"05/23/2010","87","Ozone","Georgia Station","13-231-9991","AQS"
"05/24/2010","84","Ozone","Douglasville","13-097-0004","AQS"
"05/25/2010","45","PM2.5","South DeKalb","13-089-0002","AQS"
"05/26/2010","58","PM2.5","South DeKalb","13-089-0002","AQS"
"05/27/2010","74","Ozone","South DeKalb","13-089-0002","AQS"
"05/28/2010","93","Ozone","Douglasville","13-097-0004","AQS"
"05/29/2010","66","PM2.5","Newnan","13-077-0002","AQS"
"05/30/2010","52","PM2.5","South DeKalb","13-089-0002","AQS"
"05/31/2010","52","PM2.5","South DeKalb","13-089-0002","AQS"
"06/01/2010","68","PM2.5","South DeKalb","13-089-0002","AQS"
"06/02/2010","66","PM2.5","United Avenue","13-121-0055","AQS"
"06/03/2010","74","Ozone","South DeKalb","13-089-0002","AQS"
"06/04/2010","64","PM2.5","E. Rivers School","13-121-0032","AQS"
"06/05/2010","54","PM2.5","South DeKalb","13-089-0002","AQS"
"06/06/2010","62","PM2.5","South DeKalb","13-089-0002","AQS"
"06/07/2010","97","Ozone","McDonough","13-151-0002","AQS"
"06/08/2010","87","Ozone","United Avenue","13-121-0055","AQS"
"06/09/2010","81","PM2.5","South DeKalb","13-089-0002","AQS"
"06/10/2010","78","PM2.5","United Avenue","13-121-0055","AQS"
"06/11/2010","88","PM2.5","South DeKalb","13-089-0002","AQS"
"06/12/2010","83","PM2.5","McDonough","13-151-0002","AQS"
"06/13/2010","76","PM2.5","South DeKalb","13-089-0002","AQS"
"06/14/2010","68","PM2.5","South DeKalb","13-089-0002","AQS"
"06/15/2010","108","Ozone","Conyers","13-247-0001","AQS"
"06/16/2010","90","Ozone","McDonough","13-151-0002","AQS"
"06/17/2010","100","Ozone","McDonough","13-151-0002","AQS"
"06/18/2010","126","Ozone","United Avenue","13-121-0055","AQS"
"06/19/2010","90","Ozone","United Avenue","13-121-0055","AQS"
"06/20/2010","61","Ozone","McDonough","13-151-0002","AQS"
"06/21/2010","129","Ozone","Douglasville","13-097-0004","AQS"
"06/22/2010","143","Ozone","Kennesaw","13-067-0003","AQS"
"06/23/2010","101","Ozone","Conyers","13-247-0001","AQS"
"06/24/2010","69","PM2.5","South DeKalb","13-089-0002","AQS"
"06/25/2010","65","PM2.5","South DeKalb","13-089-0002","AQS"
"06/26/2010","80","Ozone","Conyers","13-247-0001","AQS"
"06/27/2010","63","PM2.5","South DeKalb","13-089-0002","AQS"
"06/28/2010","69","PM2.5","E. Rivers School","13-121-0032","AQS"
"06/29/2010","59","PM2.5","South DeKalb","13-089-0002","AQS"
"06/30/2010","64","PM2.5","South DeKalb","13-089-0002","AQS"
"07/01/2010","97","Ozone","Douglasville","13-097-0004","AQS"
"07/02/2010","74","PM2.5","Yorkville, King Farm","13-223-0003","AQS"
"07/03/2010","93","Ozone","Yorkville, King Farm","13-223-0003","AQS"
"07/04/2010","97","Ozone","Yorkville, King Farm","13-223-0003","AQS"
"07/05/2010","88","PM2.5","Gwinnett","13-135-0002","AQS"
"07/06/2010","101","Ozone","Yorkville, King Farm","13-223-0003","AQS"
"07/07/2010","182","Ozone","South DeKalb","13-089-0002","AQS"
"07/08/2010","166","Ozone","Georgia Station","13-231-9991","AQS"
"07/09/2010","115","Ozone","Conyers","13-247-0001","AQS"
"07/10/2010","61","PM2.5","South DeKalb","13-089-0002","AQS"
"07/11/2010","84","Ozone","South DeKalb","13-089-0002","AQS"
"07/12/2010","66","PM2.5","South DeKalb","13-089-0002","AQS"
"07/13/2010","63","PM2.5","Forest Park","13-063-0091","AQS"
"07/14/2010","80","Ozone","McDonough","13-151-0002","AQS"
"07/15/2010","147","Ozone","United Avenue","13-121-0055","AQS"
"07/16/2010","80","Ozone","Dawsonville","13-085-0001","AQS"
"07/17/2010","58","PM2.5","Doraville","13-089-2001","AQS"
"07/18/2010","53","PM2.5","South DeKalb","13-089-0002","AQS"
"07/19/2010","60","PM2.5","Fire Station #8","13-121-0039","AQS"
"07/20/2010","68","PM2.5","South DeKalb","13-089-0002","AQS"
"07/21/2010","66","PM2.5","South DeKalb","13-089-0002","AQS"
"07/22/2010","84","Ozone","Conyers","13-247-0001","AQS"
"07/23/2010","74","Ozone","South DeKalb","13-089-0002","AQS"
"07/24/2010","79","PM2.5","South DeKalb","13-089-0002","AQS"
"07/25/2010","57","PM2.5","Gwinnett","13-135-0002","AQS"
"07/26/2010","84","Ozone","United Avenue","13-121-0055","AQS"
"07/27/2010","55","PM2.5","South DeKalb","13-089-0002","AQS"
"07/28/2010","67","PM2.5","Forest Park","13-063-0091","AQS"
"07/29/2010","100","Ozone","McDonough","13-151-0002","AQS"
"07/30/2010","143","Ozone","McDonough","13-151-0002","AQS"
"07/31/2010","100","Ozone","Georgia Station","13-231-9991","AQS"
"08/01/2010","84","Ozone","United Avenue","13-121-0055","AQS"
"08/02/2010","88","PM2.5","Newnan","13-077-0002","AQS"
"08/03/2010","115","Ozone","Kennesaw","13-067-0003","AQS"
"08/04/2010","150","Ozone","Kennesaw","13-067-0003","AQS"
"08/05/2010","97","Ozone","Gwinnett","13-135-0002","AQS"
"08/06/2010","71","Ozone","Gwinnett","13-135-0002","AQS"
"08/07/2010","64","PM2.5","South DeKalb","13-089-0002","AQS"
"08/08/2010","93","Ozone","Douglasville","13-097-0004","AQS"
"08/09/2010","119","Ozone","Kennesaw","13-067-0003","AQS"
"08/10/2010","122","Ozone","Kennesaw","13-067-0003","AQS"
"08/11/2010","129","Ozone","Kennesaw","13-067-0003","AQS"
"08/12/2010","101","Ozone","United Avenue","13-121-0055","AQS"
"08/13/2010","65","PM2.5","McDonough","13-151-0002","AQS"
"08/14/2010","59","PM2.5","South DeKalb","13-089-0002","AQS"
"08/15/2010","54","PM2.5","Yorkville, King Farm","13-223-0003","AQS"
"08/16/2010","52","PM2.5","Newnan","13-077-0002","AQS"
"08/17/2010","54","PM2.5","South DeKalb","13-089-0002","AQS"
"08/18/2010","55","PM2.5","South DeKalb","13-089-0002","AQS"
"08/19/2010","55","PM2.5","South DeKalb","13-089-0002","AQS"
"08/20/2010","59","PM2.5","South DeKalb","13-089-0002","AQS"
"08/21/2010","62","PM2.5","South DeKalb","13-089-0002","AQS"
"08/22/2010","61","Ozone","McDonough","13-151-0002","AQS"
"08/23/2010","87","Ozone","Douglasville","13-097-0004","AQS"
"08/24/2010","151","Ozone","United Avenue","13-121-0055","AQS"
"08/25/2010","100","Ozone","Kennesaw","13-067-0003","AQS"
"08/26/2010","86","PM2.5","United Avenue","13-121-0055","AQS"
"08/27/2010","87","Ozone","Yorkville, King Farm","13-223-0003","AQS"
"08/28/2010","57","PM2.5","Kennesaw","13-067-0003","AQS"
"08/29/2010","69","PM2.5","Doraville","13-089-2001","AQS"
"08/30/2010","68","PM2.5","McDonough","13-151-0002","AQS"
"08/31/2010","90","Ozone","Yorkville, King Farm","13-223-0003","AQS"
"09/01/2010","156","Ozone","Kennesaw","13-067-0003","AQS"
"09/02/2010","105","Ozone","Douglasville","13-097-0004","AQS"
"09/03/2010","90","Ozone","Conyers","13-247-0001","AQS"
"09/04/2010","77","Ozone","McDonough","13-151-0002","AQS"
"09/05/2010","97","Ozone","Newnan","13-077-0002","AQS"
"09/06/2010","112","Ozone","Kennesaw","13-067-0003","AQS"
"09/07/2010","115","Ozone","Kennesaw","13-067-0003","AQS"
"09/08/2010","83","PM2.5","United Avenue","13-121-0055","AQS"
"09/09/2010","70","PM2.5","McDonough","13-151-0002","AQS"
"09/10/2010","122","Ozone","United Avenue","13-121-0055","AQS"
"09/11/2010","67","PM2.5","South DeKalb","13-089-0002","AQS"
"09/12/2010","51","Ozone","McDonough","13-151-0002","AQS"
"09/13/2010","87","Ozone","Douglasville","13-097-0004","AQS"
"09/14/2010","133","Ozone","United Avenue","13-121-0055","AQS"
"09/15/2010","129","Ozone","Kennesaw","13-067-0003","AQS"
"09/16/2010","65","PM2.5","United Avenue","13-121-0055","AQS"
"09/17/2010","126","Ozone","McDonough","13-151-0002","AQS"
"09/18/2010","119","Ozone","Douglasville","13-097-0004","AQS"
"09/19/2010","93","Ozone","United Avenue","13-121-0055","AQS"
"09/20/2010","159","Ozone","McDonough","13-151-0002","AQS"
"09/21/2010","126","Ozone","Kennesaw","13-067-0003","AQS"
"09/22/2010","122","Ozone","Kennesaw","13-067-0003","AQS"
"09/23/2010","87","Ozone","Kennesaw","13-067-0003","AQS"
"09/24/2010","61","PM2.5","South DeKalb","13-089-0002","AQS"
"09/25/2010","62","PM2.5","South DeKalb","13-089-0002","AQS"
"09/26/2010","66","PM2.5","Yorkville, King Farm","13-223-0003","AQS"
"09/27/2010","39","PM2.5","South DeKalb","13-089-0002","AQS"
"09/28/2010","57","PM2.5","South DeKalb","13-089-0002","AQS"
"09/29/2010","61","PM2.5","South DeKalb","13-089-0002","AQS"
"09/30/2010","50","Ozone","Yorkville, King Farm","13-223-0003","AQS"
"10/01/2010","80","Ozone","Georgia Station","13-231-9991","AQS"
"10/02/2010","64","Ozone","United Avenue","13-121-0055","AQS"
"10/03/2010","51","PM2.5","South DeKalb","13-089-0002","AQS"
"10/04/2010","37","PM2.5","South DeKalb","13-089-0002","AQS"
"10/05/2010","52","PM2.5","South DeKalb","13-089-0002","AQS"
"10/06/2010","52","PM2.5","South DeKalb","13-089-0002","AQS"
"10/07/2010","64","Ozone","Dawsonville","13-085-0001","AQS"
"10/08/2010","90","Ozone","United Avenue","13-121-0055","AQS"
"10/09/2010","101","Ozone","Conyers","13-247-0001","AQS"
"10/10/2010","105","Ozone","Conyers","13-247-0001","AQS"
"10/11/2010","84","Ozone","Georgia Station","13-231-9991","AQS"
"10/12/2010","70","PM2.5","Kennesaw","13-067-0003","AQS"
"10/13/2010","65","PM2.5","McDonough","13-151-0002","AQS"
"10/14/2010","51","PM2.5","Fire Station #8","13-121-0039","AQS"
"10/15/2010","54","Ozone","Georgia Station","13-231-9991","AQS"
"10/16/2010","54","Ozone","Georgia Station","13-231-9991","AQS"
"10/17/2010","67","Ozone","Georgia Station","13-231-9991","AQS"
"10/18/2010","65","PM2.5","E. Rivers School","13-121-0032","AQS"
"10/19/2010","105","Ozone","Georgia Station","13-231-9991","AQS"
"10/20/2010","71","PM2.5","McDonough","13-151-0002","AQS"
"10/21/2010","64","Ozone","Georgia Station","13-231-9991","AQS"
"10/22/2010","52","PM2.5","McDonough","13-151-0002","AQS"
"10/23/2010","74","Ozone","Georgia Station","13-231-9991","AQS"
"10/24/2010","53","PM2.5","Newnan","13-077-0002","AQS"
"10/25/2010","44","PM2.5","South DeKalb","13-089-0002","AQS"
"10/26/2010","37","PM2.5","Fire Station #8","13-121-0039","AQS"
"10/27/2010","36","PM2.5","Gwinnett","13-135-0002","AQS"
"10/28/2010","44","PM2.5","Kennesaw","13-067-0003","AQS"
"10/29/2010","39","PM2.5","Forest Park","13-063-0091","AQS"
"10/30/2010","58","PM2.5","E. Rivers School","13-121-0032","AQS"
"10/31/2010","66","PM2.5","United Avenue","13-121-0055","AQS"
"11/01/2010","72","PM2.5","Forest Park","13-063-0091","AQS"
"11/02/2010","55","PM2.5","Newnan","13-077-0002","AQS"
"11/03/2010","51","PM2.5","Doraville","13-089-2001","AQS"
"11/04/2010","78","PM2.5","Fire Station #8","13-121-0039","AQS"
"11/05/2010","41","PM2.5","E. Rivers School","13-121-0032","AQS"
"11/06/2010","56","PM2.5","E. Rivers School","13-121-0032","AQS"
"11/07/2010","59","PM2.5","E. Rivers School","13-121-0032","AQS"
"11/08/2010","54","PM2.5","E. Rivers School","13-121-0032","AQS"
"11/09/2010","53","PM2.5","Kennesaw","13-067-0003","AQS"
"11/10/2010","76","PM2.5","Forest Park","13-063-0091","AQS"
"11/11/2010","71","PM2.5","United Avenue","13-121-0055","AQS"
"11/12/2010","65","PM2.5","E. Rivers School","13-121-0032","AQS"
"11/13/2010","69","PM2.5","E. Rivers School","13-121-0032","AQS"
"11/14/2010","70","PM2.5","Kennesaw","13-067-0003","AQS"
"11/15/2010","62","PM2.5","Kennesaw","13-067-0003","AQS"
"11/16/2010","42","PM2.5","Gwinnett","13-135-0002","AQS"
"11/17/2010","43","PM2.5","South DeKalb","13-089-0002","AQS"
"11/18/2010","61","PM2.5","South DeKalb","13-089-0002","AQS"
"11/19/2010","70","PM2.5","Fire Station #8","13-121-0039","AQS"
"11/20/2010","71","PM2.5","E. Rivers School","13-121-0032","AQS"
"11/21/2010","69","PM2.5","E. Rivers School","13-121-0032","AQS"
"11/22/2010","55","PM2.5","MACLAND AQUATIC CENTER","13-067-0004","AQS"
"11/23/2010","55","PM2.5","Gwinnett","13-135-0002","AQS"
"11/24/2010","36","PM2.5","Kennesaw","13-067-0003","AQS"
"11/25/2010","89","PM2.5","South DeKalb","13-089-0002","AQS"
"11/26/2010","30","Ozone","Georgia Station","13-231-9991","AQS"
"11/27/2010","57","PM2.5","E. Rivers School","13-121-0032","AQS"
"11/28/2010","56","PM2.5","E. Rivers School","13-121-0032","AQS"
"11/29/2010","51","PM2.5","Doraville","13-089-2001","AQS"
"11/30/2010","31","Ozone","Georgia Station","13-231-9991","AQS"
"12/01/2010","43","PM2.5","Fire Station #8","13-121-0039","AQS"
"12/02/2010","51","PM2.5","E. Rivers School","13-121-0032","AQS"
"12/03/2010","82","PM2.5","E. Rivers School","13-121-0032","AQS"
"12/04/2010","70","PM2.5","Gwinnett","13-135-0002","AQS"
"12/05/2010","44","PM2.5","E. Rivers School","13-121-0032","AQS"
"12/06/2010","35","Ozone","Georgia Station","13-231-9991","AQS"
"12/07/2010","141","PM2.5","Kennesaw","13-067-0003","AQS"
"12/08/2010","57","PM2.5","South DeKalb","13-089-0002","AQS"
"12/09/2010","65","PM2.5","E. Rivers School","13-121-0032","AQS"
"12/10/2010","79","PM2.5","E. Rivers School","13-121-0032","AQS"
"12/11/2010","64","PM2.5","Kennesaw","13-067-0003","AQS"
"12/12/2010","44","PM2.5","E. Rivers School","13-121-0032","AQS"
"12/13/2010","33","PM2.5","Forest Park","13-063-0091","AQS"
"12/14/2010","38","NO2","South DeKalb","13-089-0002","AQS"
"12/15/2010","33","PM2.5","United Avenue","13-121-0055","AQS"
"12/16/2010","54","PM2.5","Doraville","13-089-2001","AQS"
"12/17/2010","47","PM2.5","Doraville","13-089-2001","AQS"
"12/18/2010","75","PM2.5","Doraville","13-089-2001","AQS"
"12/19/2010","63","PM2.5","Forest Park","13-063-0091","AQS"
"12/20/2010","63","PM2.5","E. Rivers School","13-121-0032","AQS"
"12/21/2010","62","PM2.5","Doraville","13-089-2001","AQS"
"12/22/2010","55","PM2.5","United Avenue","13-121-0055","AQS"
"12/23/2010","51","PM2.5","E. Rivers School","13-121-0032","AQS"
"12/24/2010","76","PM2.5","E. Rivers School","13-121-0032","AQS"
"12/25/2010","108","PM2.5","E. Rivers School","13-121-0032","AQS"
"12/26/2010","47","PM2.5","E. Rivers School","13-121-0032","AQS"
"12/27/2010","35","Ozone","Georgia Station","13-231-9991","AQS"
"12/28/2010","54","PM2.5","Gwinnett","13-135-0002","AQS"
"12/29/2010","62","PM2.5","E. Rivers School","13-121-0032","AQS"
"12/30/2010","58","PM2.5","South DeKalb","13-089-0002","AQS"
"12/31/2010","63","PM2.5","Gwinnett","13-135-0002","AQS"
"01/01/2011","54","PM2.5","Doraville","13-089-2001","AQS"
"01/02/2011","28","Ozone","South DeKalb","13-089-0002","AQS"
"01/03/2011","52","PM2.5","South DeKalb","13-089-0002","AQS"
"01/04/2011","61","PM2.5","Kennesaw","13-067-0003","AQS"
"01/05/2011","60","PM2.5","Gwinnett","13-135-0002","AQS"
"01/06/2011","54","PM2.5","MACLAND AQUATIC CENTER","13-067-0004","AQS"
"01/07/2011","41","Ozone","Georgia Station","13-231-9991","AQS"
"01/08/2011","38","Ozone","Georgia Station","13-231-9991","AQS"
"01/09/2011","49","PM2.5","South DeKalb","13-089-0002","AQS"
"01/10/2011","49","PM2.5","South DeKalb","13-089-0002","AQS"
"01/11/2011","53","PM2.5","South DeKalb","13-089-0002","AQS"
"01/12/2011","60","PM2.5","South DeKalb","13-089-0002","AQS"
"01/13/2011","58","PM2.5","South DeKalb","13-089-0002","AQS"
"01/14/2011","65","PM2.5","South DeKalb","13-089-0002","AQS"
"01/15/2011","64","PM2.5","South DeKalb","13-089-0002","AQS"
"01/16/2011","61","PM2.5","South DeKalb","13-089-0002","AQS"
"01/17/2011","71","PM2.5","South DeKalb","13-089-0002","AQS"
"01/18/2011","72","PM2.5","South DeKalb","13-089-0002","AQS"
"01/19/2011","54","PM2.5","South DeKalb","13-089-0002","AQS"
"01/20/2011","60","PM2.5","South DeKalb","13-089-0002","AQS"
"01/21/2011","37","Ozone","Georgia Station","13-231-9991","AQS"
"01/22/2011","48","PM2.5","South DeKalb","13-089-0002","AQS"
"01/23/2011","56","PM2.5","South DeKalb","13-089-0002","AQS"
"01/24/2011","65","PM2.5","South DeKalb","13-089-0002","AQS"
"01/25/2011","62","PM2.5","South DeKalb","13-089-0002","AQS"
"01/26/2011","41","PM2.5","South DeKalb","13-089-0002","AQS"
"01/27/2011","58","PM2.5","South DeKalb","13-089-0002","AQS"
"01/28/2011","53","PM2.5","South DeKalb","13-089-0002","AQS"
"01/29/2011","58","PM2.5","South DeKalb","13-089-0002","AQS"
"01/30/2011","62","PM2.5","Gwinnett","13-135-0002","AQS"
"01/31/2011","66","PM2.5","Gwinnett","13-135-0002","AQS"
"02/01/2011","78","PM2.5","South DeKalb","13-089-0002","AQS"
"02/02/2011","32","PM2.5","South DeKalb","13-089-0002","AQS"
"02/03/2011","42","PM2.5","United Avenue","13-121-0055","AQS"
"02/04/2011","24","Ozone","Georgia Station","13-231-9991","AQS"
"02/05/2011","29","Ozone","Georgia Station","13-231-9991","AQS"
"02/06/2011","49","PM2.5","South DeKalb","13-089-0002","AQS"
"02/07/2011","66","PM2.5","South DeKalb","13-089-0002","AQS"
"02/08/2011","55","PM2.5","South DeKalb","13-089-0002","AQS"
"02/09/2011","52","PM2.5","South DeKalb","13-089-0002","AQS"
"02/10/2011","52","PM2.5","South DeKalb","13-089-0002","AQS"
"02/11/2011","59","PM2.5","South DeKalb","13-089-0002","AQS"
"02/12/2011","43","PM2.5","South DeKalb","13-089-0002","AQS"
"02/13/2011","52","PM2.5","South DeKalb","13-089-0002","AQS"
"02/14/2011","67","Ozone","Georgia Station","13-231-9991","AQS"
"02/15/2011","85","PM2.5","McDonough","13-151-0002","AQS"
"02/16/2011","69","PM2.5","South DeKalb","13-089-0002","AQS"
"02/17/2011","83","PM2.5","South DeKalb","13-089-0002","AQS"
"02/18/2011","83","PM2.5","Newnan","13-077-0002","AQS"
"02/19/2011","77","PM2.5","South DeKalb","13-089-0002","AQS"
"02/20/2011","65","PM2.5","Newnan","13-077-0002","AQS"
"02/21/2011","64","PM2.5","United Avenue","13-121-0055","AQS"
"02/22/2011","53","PM2.5","Newnan","13-077-0002","AQS"
"02/23/2011","87","PM2.5","McDonough","13-151-0002","AQS"
"02/24/2011","99","PM2.5","McDonough","13-151-0002","AQS"
"02/25/2011","49","PM2.5","McDonough","13-151-0002","AQS"
"02/26/2011","56","PM2.5","South DeKalb","13-089-0002","AQS"
"02/27/2011","60","PM2.5","Gwinnett","13-135-0002","AQS"
"02/28/2011","59","PM2.5","United Avenue","13-121-0055","AQS"
"03/01/2011","47","PM2.5","Kennesaw","13-067-0003","AQS"
"03/02/2011","53","PM2.5","South DeKalb","13-089-0002","AQS"
"03/03/2011","71","Ozone","Georgia Station","13-231-9991","AQS"
"03/04/2011","60","PM2.5","Yorkville, King Farm","13-223-0003","AQS"
"03/05/2011","51","PM2.5","E. Rivers School","13-121-0032","AQS"
"03/06/2011","59","PM2.5","Fire Station #8","13-121-0039","AQS"
"03/07/2011","51","PM2.5","Doraville","13-089-2001","AQS"
"03/08/2011","55","PM2.5","Yorkville, King Farm","13-223-0003","AQS"
"03/09/2011","55","PM2.5","Gwinnett","13-135-0002","AQS"
"03/10/2011","46","PM2.5","Yorkville, King Farm","13-223-0003","AQS"
"03/11/2011","59","PM2.5","Yorkville, King Farm","13-223-0003","AQS"
"03/12/2011","74","Ozone","Dawsonville","13-085-0001","AQS"
"03/13/2011","64","Ozone","Conyers","13-247-0001","AQS"
"03/14/2011","63","PM2.5","South DeKalb","13-089-0002","AQS"
"03/15/2011","58","PM2.5","E. Rivers School","13-121-0032","AQS"
"03/16/2011","52","PM2.5","Forest Park","13-063-0091","AQS"
"03/17/2011","56","PM2.5","South DeKalb","13-089-0002","AQS"
"03/18/2011","86","PM2.5","McDonough","13-151-0002","AQS"
"03/19/2011","79","PM2.5","McDonough","13-151-0002","AQS"
"03/20/2011","67","PM2.5","Yorkville, King Farm","13-223-0003","AQS"
"03/21/2011","71","Ozone","Yorkville, King Farm","13-223-0003","AQS"
"03/22/2011","76","PM2.5","Yorkville, King Farm","13-223-0003","AQS"
"03/23/2011","65","PM2.5","Yorkville, King Farm","13-223-0003","AQS"
"03/24/2011","50","PM2.5","Yorkville, King Farm","13-223-0003","AQS"
"03/25/2011","52","PM2.5","Forest Park","13-063-0091","AQS"
"03/26/2011","73","PM2.5","Newnan","13-077-0002","AQS"
"03/27/2011","54","PM2.5","Doraville","13-089-2001","AQS"
"03/28/2011","38","PM2.5","Doraville","13-089-2001","AQS"
"03/29/2011","60","PM2.5","Yorkville, King Farm","13-223-0003","AQS"
"03/30/2011","52","PM2.5","Doraville","13-089-2001","AQS"
"03/31/2011","58","PM2.5","Yorkville, King Farm","13-223-0003","AQS"
"04/01/2011","62","PM2.5","E. Rivers School","13-121-0032","AQS"
"04/02/2011","51","Ozone","Conyers","13-247-0001","AQS"
"04/03/2011","58","Ozone","Dawsonville","13-085-0001","AQS"
"04/04/2011","56","PM2.5","Doraville","13-089-2001","AQS"
"04/05/2011","47","Ozone","Dawsonville","13-085-0001","AQS"
"04/06/2011","58","Ozone","Dawsonville","13-085-0001","AQS"
"04/07/2011","74","Ozone","Dawsonville","13-085-0001","AQS"
"04/08/2011","75","PM2.5","Gwinnett","13-135-0002","AQS"
"04/09/2011","72","PM2.5","Fire Station #8","13-121-0039","AQS"
"04/10/2011","63","PM2.5","Yorkville, King Farm","13-223-0003","AQS"
"04/11/2011","57","PM2.5","Gwinnett","13-135-0002","AQS"
"04/12/2011","59","PM2.5","Kennesaw","13-067-0003","AQS"
"04/13/2011","71","Ozone","Douglasville","13-097-0004","AQS"
"04/14/2011","100","Ozone","Yorkville, King Farm","13-223-0003","AQS"
"04/15/2011","68","PM2.5","Yorkville, King Farm","13-223-0003","AQS"
"04/16/2011","47","PM2.5","Yorkville, King Farm","13-223-0003","AQS"
"04/17/2011","67","Ozone","Conyers","13-247-0001","AQS"
"04/18/2011","77","Ozone","Dawsonville","13-085-0001","AQS"
"04/19/2011","84","Ozone","Conyers","13-247-0001","AQS"
"04/20/2011","62","PM2.5","Gwinnett","13-135-0002","AQS"
"04/21/2011","53","PM2.5","Forest Park","13-063-0091","AQS"
"04/22/2011","68","PM2.5","Yorkville, King Farm","13-223-0003","AQS"
"04/23/2011","54","PM2.5","Yorkville, King Farm","13-223-0003","AQS"
"04/24/2011","62","PM2.5","Fire Station #8","13-121-0039","AQS"
"04/25/2011","60","PM2.5","McDonough","13-151-0002","AQS"
"04/26/2011","55","PM2.5","McDonough","13-151-0002","AQS"
"04/27/2011","63","PM2.5","Newnan","13-077-0002","AQS"
"04/28/2011","48","Ozone","Conyers","13-247-0001","AQS"
"04/29/2011","74","Ozone","Conyers","13-247-0001","AQS"
"04/30/2011","97","Ozone","Kennesaw","13-067-0003","AQS"
"05/01/2011","100","Ozone","Kennesaw","13-067-0003","AQS"
"05/02/2011","64","PM2.5","Gwinnett","13-135-0002","AQS"
"05/03/2011","60","PM2.5","Gwinnett","13-135-0002","AQS"
"05/04/2011","51","Ozone","Conyers","13-247-0001","AQS"
"05/05/2011","53","PM2.5","Forest Park","13-063-0091","AQS"
"05/06/2011","77","Ozone","Conyers","13-247-0001","AQS"
"05/07/2011","93","Ozone","Conyers","13-247-0001","AQS"
"05/08/2011","87","Ozone","Conyers","13-247-0001","AQS"
"05/09/2011","147","Ozone","United Avenue","13-121-0055","AQS"
"05/10/2011","97","Ozone","Conyers","13-247-0001","AQS"
"05/11/2011","115","Ozone","Conyers","13-247-0001","AQS"
"05/12/2011","150","Ozone","Gwinnett","13-135-0002","AQS"
"05/13/2011","66","PM2.5","Gwinnett","13-135-0002","AQS"
"05/14/2011","52","PM2.5","Yorkville, King Farm","13-223-0003","AQS"
"05/15/2011","36","PM2.5","Yorkville, King Farm","13-223-0003","AQS"
"05/16/2011","33","PM2.5","Yorkville, King Farm","13-223-0003","AQS"
"05/17/2011","52","PM2.5","Yorkville, King Farm","13-223-0003","AQS"
"05/18/2011","63","PM2.5","Yorkville, King Farm","13-223-0003","AQS"
"05/19/2011","105","Ozone","Conyers","13-247-0001","AQS"
"05/20/2011","136","Ozone","Gwinnett","13-135-0002","AQS"
"05/21/2011","119","Ozone","Gwinnett","13-135-0002","AQS"
"05/22/2011","79","PM2.5","Gwinnett","13-135-0002","AQS"
"05/23/2011","77","PM2.5","Gwinnett","13-135-0002","AQS"
"05/24/2011","70","PM2.5","Fire Station #8","13-121-0039","AQS"
"05/25/2011","93","Ozone","Dawsonville","13-085-0001","AQS"
"05/26/2011","61","PM2.5","Doraville","13-089-2001","AQS"
"05/27/2011","62","PM2.5","South DeKalb","13-089-0002","AQS"
"05/28/2011","136","Ozone","United Avenue","13-121-0055","AQS"
"05/29/2011","94","PM2.5","McDonough","13-151-0002","AQS"
"05/30/2011","83","PM2.5","Yorkville, King Farm","13-223-0003","AQS"
"05/31/2011","129","Ozone","McDonough","13-151-0002","AQS"
"06/01/2011","112","Ozone","Georgia Station","13-231-9991","AQS"
"06/02/2011","166","Ozone","United Avenue","13-121-0055","AQS"
"06/03/2011","147","Ozone","McDonough","13-151-0002","AQS"
"06/04/2011","129","Ozone","United Avenue","13-121-0055","AQS"
"06/05/2011","105","Ozone","McDonough","13-151-0002","AQS"
"06/06/2011","140","Ozone","Douglasville","13-097-0004","AQS"
"06/07/2011","126","Ozone","Kennesaw","13-067-0003","AQS"
"06/08/2011","140","Ozone","Gwinnett","13-135-0002","AQS"
"06/09/2011","108","Ozone","Conyers","13-247-0001","AQS"
"06/10/2011","147","Ozone","United Avenue","13-121-0055","AQS"
"06/11/2011","122","Ozone","Kennesaw","13-067-0003","AQS"
"06/12/2011","108","Ozone","Conyers","13-247-0001","AQS"
"06/13/2011","129","Ozone","Conyers","13-247-0001","AQS"
"06/14/2011","129","Ozone","McDonough","13-151-0002","AQS"
"06/15/2011","126","Ozone","United Avenue","13-121-0055","AQS"
"06/16/2011","90","Ozone","Conyers","13-247-0001","AQS"
"06/17/2011","90","Ozone","Conyers","13-247-0001","AQS"
"06/18/2011","59","PM2.5","Yorkville, King Farm","13-223-0003","AQS"
"06/19/2011","59","PM2.5","Yorkville, King Farm","13-223-0003","AQS"
"06/20/2011","69","PM2.5","Gwinnett","13-135-0002","AQS"
"06/21/2011","57","PM2.5","Gwinnett","13-135-0002","AQS"
"06/22/2011","47","PM2.5","Yorkville, King Farm","13-223-0003","AQS"
"06/23/2011","53","PM2.5","Yorkville, King Farm","13-223-0003","AQS"
"06/24/2011","55","PM2.5","Yorkville, King Farm","13-223-0003","AQS"
"06/25/2011","119","Ozone","Conyers","13-247-0001","AQS"
"06/26/2011","90","Ozone","Conyers","13-247-0001","AQS"
"06/27/2011","63","PM2.5","Yorkville, King Farm","13-223-0003","AQS"
"06/28/2011","90","Ozone","Conyers","13-247-0001","AQS"
"06/29/2011","112","Ozone","McDonough","13-151-0002","AQS"
"06/30/2011","115","Ozone","Douglasville","13-097-0004","AQS"
"07/01/2011","151","Ozone","United Avenue","13-121-0055","AQS"
"07/02/2011","172","Ozone","South DeKalb","13-089-0002","AQS"
"07/03/2011","115","Ozone","United Avenue","13-121-0055","AQS"
"07/04/2011","91","PM2.5","Gwinnett","13-135-0002","AQS"
"07/05/2011","122","Ozone","Conyers","13-247-0001","AQS"
"07/06/2011","90","Ozone","McDonough","13-151-0002","AQS"
"07/07/2011","156","Ozone","Gwinnett","13-135-0002","AQS"
"07/08/2011","93","Ozone","Conyers","13-247-0001","AQS"
"07/09/2011","79","PM2.5","Yorkville, King Farm","13-223-0003","AQS"
"07/10/2011","84","Ozone","Douglasville","13-097-0004","AQS"
"07/11/2011","100","Ozone","United Avenue","13-121-0055","AQS"
"07/12/2011","98","PM2.5","United Avenue","13-121-0055","AQS"
"07/13/2011","140","Ozone","McDonough","13-151-0002","AQS"
"07/14/2011","115","Ozone","Yorkville, King Farm","13-223-0003","AQS"
"07/15/2011","64","PM2.5","Yorkville, King Farm","13-223-0003","AQS"
"07/16/2011","55","PM2.5","Yorkville, King Farm","13-223-0003","AQS"
"07/17/2011","55","PM2.5","South DeKalb","13-089-0002","AQS"
"07/18/2011","122","Ozone","United Avenue","13-121-0055","AQS"
"07/19/2011","115","Ozone","McDonough","13-151-0002","AQS"
"07/20/2011","82","PM2.5","Gwinnett","13-135-0002","AQS"
"07/21/2011","101","Ozone","Gwinnett","13-135-0002","AQS"
"07/22/2011","105","Ozone","Gwinnett","13-135-0002","AQS"
"07/23/2011","72","PM2.5","Fire Station #8","13-121-0039","AQS"
"07/24/2011","56","PM2.5","Yorkville, King Farm","13-223-0003","AQS"
"07/25/2011","59","PM2.5","Yorkville, King Farm","13-223-0003","AQS"
"07/26/2011","105","Ozone","Georgia Station","13-231-9991","AQS"
"07/27/2011","108","Ozone","Yorkville, King Farm","13-223-0003","AQS"
"07/28/2011","58","PM2.5","Yorkville, King Farm","13-223-0003","AQS"
"07/29/2011","52","PM2.5","Yorkville, King Farm","13-223-0003","AQS"
"07/30/2011","54","PM2.5","South DeKalb","13-089-0002","AQS"
"07/31/2011","60","PM2.5","Yorkville, King Farm","13-223-0003","AQS"
"08/01/2011","119","Ozone","Douglasville","13-097-0004","AQS"
"08/02/2011","119","Ozone","Conyers","13-247-0001","AQS"
"08/03/2011","140","Ozone","Conyers","13-247-0001","AQS"
"08/04/2011","67","PM2.5","Gwinnett","13-135-0002","AQS"
"08/05/2011","133","Ozone","United Avenue","13-121-0055","AQS"
"08/06/2011","80","Ozone","United Avenue","13-121-0055","AQS"
"08/07/2011","74","PM2.5","Gwinnett","13-135-0002","AQS"
"08/08/2011","64","PM2.5","Gwinnett","13-135-0002","AQS"
"08/09/2011","59","PM2.5","Gwinnett","13-135-0002","AQS"
"08/10/2011","147","Ozone","Conyers","13-247-0001","AQS"
"08/11/2011","119","Ozone","Conyers","13-247-0001","AQS"
"08/12/2011","140","Ozone","McDonough","13-151-0002","AQS"
"08/13/2011","100","Ozone","United Avenue","13-121-0055","AQS"
"08/14/2011","74","Ozone","Conyers","13-247-0001","AQS"
"08/15/2011","100","Ozone","McDonough","13-151-0002","AQS"
"08/16/2011","119","Ozone","Kennesaw","13-067-0003","AQS"
"08/17/2011","122","Ozone","Kennesaw","13-067-0003","AQS"
"08/18/2011","100","Ozone","Gwinnett","13-135-0002","AQS"
"08/19/2011","136","Ozone","Conyers","13-247-0001","AQS"
"08/20/2011","105","Ozone","Kennesaw","13-067-0003","AQS"
"08/21/2011","100","Ozone","Gwinnett","13-135-0002","AQS"
"08/22/2011","112","Ozone","McDonough","13-151-0002","AQS"
"08/23/2011","115","Ozone","Douglasville","13-097-0004","AQS"
"08/24/2011","129","Ozone","Kennesaw","13-067-0003","AQS"
"08/25/2011","126","Ozone","United Avenue","13-121-0055","AQS"
"08/26/2011","150","Ozone","Georgia Station","13-231-9991","AQS"
"08/27/2011","105","Ozone","McDonough","13-151-0002","AQS"
"08/28/2011","119","Ozone","McDonough","13-151-0002","AQS"
"08/29/2011","136","Ozone","Georgia Station","13-231-9991","AQS"
"08/30/2011","119","Ozone","Yorkville, King Farm","13-223-0003","AQS"
"08/31/2011","97","Ozone","Yorkville, King Farm","13-223-0003","AQS"
"09/01/2011","136","Ozone","Douglasville","13-097-0004","AQS"
"09/02/2011","154","Ozone","Yorkville, King Farm","13-223-0003","AQS"
"09/03/2011","140","Ozone","Yorkville, King Farm","13-223-0003","AQS"
"09/04/2011","73","PM2.5","Yorkville, King Farm","13-223-0003","AQS"
"09/05/2011","40","PM2.5","United Avenue","13-121-0055","AQS"
"09/06/2011","30","Ozone","Conyers","13-247-0001","AQS"
"09/07/2011","41","PM2.5","Yorkville, King Farm","13-223-0003","AQS"
"09/08/2011","53","PM2.5","South DeKalb","13-089-0002","AQS"
"09/09/2011","58","PM2.5","South DeKalb","13-089-0002","AQS"
"09/10/2011","112","Ozone","Conyers","13-247-0001","AQS"
"09/11/2011","101","Ozone","Conyers","13-247-0001","AQS"
"09/12/2011","101","Ozone","Conyers","13-247-0001","AQS"
"09/13/2011","115","Ozone","McDonough","13-151-0002","AQS"
"09/14/2011","129","Ozone","Kennesaw","13-067-0003","AQS"
"09/15/2011","93","PM2.5","Gwinnett","13-135-0002","AQS"
"09/16/2011","51","PM2.5","Yorkville, King Farm","13-223-0003","AQS"
"09/17/2011","54","PM2.5","South DeKalb","13-089-0002","AQS"
"09/18/2011","51","PM2.5","Yorkville, King Farm","13-223-0003","AQS"
"09/19/2011","51","PM2.5","South DeKalb","13-089-0002","AQS"
"09/20/2011","56","PM2.5","Gwinnett","13-135-0002","AQS"
"09/21/2011","54","PM2.5","Yorkville, King Farm","13-223-0003","AQS"
"09/22/2011","57","PM2.5","Gwinnett","13-135-0002","AQS"
"09/23/2011","49","PM2.5","South DeKalb","13-089-0002","AQS"
"09/24/2011","64","Ozone","Conyers","13-247-0001","AQS"
"09/25/2011","61","PM2.5","Gwinnett","13-135-0002","AQS"
"09/26/2011","61","PM2.5","Yorkville, King Farm","13-223-0003","AQS"
"09/27/2011","62","PM2.5","Gwinnett","13-135-0002","AQS"
"09/28/2011","68","PM2.5","Gwinnett","13-135-0002","AQS"
"09/29/2011","66","PM2.5","Gwinnett","13-135-0002","AQS"
"09/30/2011","64","PM2.5","Gwinnett","13-135-0002","AQS"
"10/01/2011","36","Ozone","Newnan","13-077-0002","AQS"
"10/02/2011","39","Ozone","Conyers","13-247-0001","AQS"
"10/03/2011","47","NO2","South DeKalb","13-089-0002","AQS"
"10/04/2011","67","Ozone","Georgia Station","13-231-9991","AQS"
"10/05/2011","90","Ozone","Douglasville","13-097-0004","AQS"
"10/06/2011","74","Ozone","Yorkville, King Farm","13-223-0003","AQS"
"10/07/2011","67","Ozone","Yorkville, King Farm","13-223-0003","AQS"
"10/08/2011","56","PM2.5","South DeKalb","13-089-0002","AQS"
"10/09/2011","52","PM2.5","Gwinnett","13-135-0002","AQS"
"10/10/2011","48","PM2.5","Gwinnett","13-135-0002","AQS"
"10/11/2011","37","Ozone","Dawsonville","13-085-0001","AQS"
"10/12/2011","34","PM2.5","Gwinnett","13-135-0002","AQS"
"10/13/2011","50","PM2.5","Yorkville, King Farm","13-223-0003","AQS"
"10/14/2011","49","PM2.5","Gwinnett","13-135-0002","AQS"
"10/15/2011","56","PM2.5","Gwinnett","13-135-0002","AQS"
"10/16/2011","54","PM2.5","Gwinnett","13-135-0002","AQS"
"10/17/2011","69","PM2.5","Gwinnett","13-135-0002","AQS"
"10/18/2011","67","PM2.5","McDonough","13-151-0002","AQS"
"10/19/2011","39","PM2.5","Yorkville, King Farm","13-223-0003","AQS"
"10/20/2011","45","PM2.5","Gwinnett","13-135-0002","AQS"
"10/21/2011","53","PM2.5","South DeKalb","13-089-0002","AQS"
"10/22/2011","57","PM2.5","South DeKalb","13-089-0002","AQS"
"10/23/2011","67","PM2.5","Gwinnett","13-135-0002","AQS"
"10/24/2011","63","PM2.5","Fire Station #8","13-121-0039","AQS"
"10/25/2011","67","Ozone","Georgia Station","13-231-9991","AQS"
"10/26/2011","73","PM2.5","Gwinnett","13-135-0002","AQS"
"10/27/2011","76","PM2.5","Gwinnett","13-135-0002","AQS"
"10/28/2011","58","PM2.5","McDonough","13-151-0002","AQS"
"10/29/2011","39","PM2.5","South DeKalb","13-089-0002","AQS"
"10/30/2011","61","PM2.5","Gwinnett","13-135-0002","AQS"
"10/31/2011","60","PM2.5","South DeKalb","13-089-0002","AQS"
"11/01/2011","64","PM2.5","Gwinnett","13-135-0002","AQS"
"11/02/2011","65","PM2.5","South DeKalb","13-089-0002","AQS"
"11/03/2011","57","PM2.5","South DeKalb","13-089-0002","AQS"
"11/04/2011","47","PM2.5","Yorkville, King Farm","13-223-0003","AQS"
"11/05/2011","61","PM2.5","Yorkville, King Farm","13-223-0003","AQS"
"11/06/2011","52","PM2.5","Gwinnett","13-135-0002","AQS"
"11/07/2011","54","PM2.5","South DeKalb","13-089-0002","AQS"
"11/08/2011","55","PM2.5","South DeKalb","13-089-0002","AQS"
"11/09/2011","61","PM2.5","Gwinnett","13-135-0002","AQS"
"11/10/2011","34","Ozone","Georgia Station","13-231-9991","AQS"
"11/11/2011","52","PM2.5","E. Rivers School","13-121-0032","AQS"
"11/12/2011","67","PM2.5","South DeKalb","13-089-0002","AQS"
"11/13/2011","63","PM2.5","Gwinnett","13-135-0002","AQS"
"11/14/2011","56","PM2.5","Gwinnett","13-135-0002","AQS"
"11/15/2011","63","PM2.5","Gwinnett","13-135-0002","AQS"
"11/16/2011","43","PM2.5","South DeKalb","13-089-0002","AQS"
"11/17/2011","34","NO2","South DeKalb","13-089-0002","AQS"
"11/18/2011","54","PM2.5","South DeKalb","13-089-0002","AQS"
"11/19/2011","57","PM2.5","Yorkville, King Farm","13-223-0003","AQS"
"11/20/2011","71","PM2.5","Yorkville, King Farm","13-223-0003","AQS"
"11/21/2011","74","PM2.5","Gwinnett","13-135-0002","AQS"
"11/22/2011","60","PM2.5","McDonough","13-151-0002","AQS"
"11/23/2011","31","PM2.5","South DeKalb","13-089-0002","AQS"
"11/24/2011","53","PM2.5","E. Rivers School","13-121-0032","AQS"
"11/25/2011","62","PM2.5","Kennesaw","13-067-0003","AQS"
"11/26/2011","58","PM2.5","Gwinnett","13-135-0002","AQS"
"11/27/2011","35","PM2.5","Gwinnett","13-135-0002","AQS"
"11/28/2011","28","Ozone","Georgia Station","13-231-9991","AQS"
"11/29/2011","27","PM2.5","Forest Park","13-063-0091","AQS"
"11/30/2011","40","PM2.5","Yorkville, King Farm","13-223-0003","AQS"
"12/01/2011","60","PM2.5","South DeKalb","13-089-0002","AQS"
"12/02/2011","78","PM2.5","Forest Park","13-063-0091","AQS"
"12/03/2011","75","PM2.5","E. Rivers School","13-121-0032","AQS"
"12/04/2011","62","PM2.5","South DeKalb","13-089-0002","AQS"
"12/05/2011","59","PM2.5","Gwinnett","13-135-0002","AQS"
"12/06/2011","44","PM2.5","Gwinnett","13-135-0002","AQS"
"12/07/2011","19","Ozone","Georgia Station","13-231-9991","AQS"
"12/08/2011","55","PM2.5","South DeKalb","13-089-0002","AQS"
"12/09/2011","62","PM2.5","South DeKalb","13-089-0002","AQS"
"12/10/2011","61","PM2.5","South DeKalb","13-089-0002","AQS"
"12/11/2011","62","PM2.5","South DeKalb","13-089-0002","AQS"
"12/12/2011","57","PM2.5","South DeKalb","13-089-0002","AQS"
"12/13/2011","59","PM2.5","South DeKalb","13-089-0002","AQS"
"12/14/2011","67","PM2.5","Forest Park","13-063-0091","AQS"
"12/15/2011","63","PM2.5","South DeKalb","13-089-0002","AQS"
"12/16/2011","55","PM2.5","South DeKalb","13-089-0002","AQS"
"12/17/2011","43","PM2.5","E. Rivers School","13-121-0032","AQS"
"12/18/2011","62","PM2.5","E. Rivers School","13-121-0032","AQS"
"12/19/2011","73","PM2.5","E. Rivers School","13-121-0032","AQS"
"12/20/2011","67","PM2.5","South DeKalb","13-089-0002","AQS"
"12/21/2011","33","PM2.5","South DeKalb","13-089-0002","AQS"
"12/22/2011","31","PM2.5","Gwinnett","13-135-0002","AQS"
"12/23/2011","44","PM2.5","South DeKalb","13-089-0002","AQS"
"12/24/2011","59","PM2.5","South DeKalb","13-089-0002","AQS"
"12/25/2011","72","PM2.5","E. Rivers School","13-121-0032","AQS"
"12/26/2011","56","PM2.5","South DeKalb","13-089-0002","AQS"
"12/27/2011","38","PM2.5","South DeKalb","13-089-0002","AQS"
"12/28/2011","46","PM2.5","South DeKalb","13-089-0002","AQS"
"12/29/2011","70","PM2.5","South DeKalb","13-089-0002","AQS"
"12/30/2011","65","PM2.5","South DeKalb","13-089-0002","AQS"
"12/31/2011","55","PM2.5","South DeKalb","13-089-0002","AQS"
"01/01/2012","134","PM2.5","Gwinnett","13-135-0002","AQS"
"01/02/2012","31","Ozone","South DeKalb","13-089-0002","AQS"
"01/03/2012","41","PM2.5","South DeKalb","13-089-0002","AQS"
"01/04/2012","61","PM2.5","Fire Station #8","13-121-0039","AQS"
"01/05/2012","61","PM2.5","South DeKalb","13-089-0002","AQS"
"01/06/2012","91","PM2.5","Newnan","13-077-0002","AQS"
"01/07/2012","64","PM2.5","Fire Station #8","13-121-0039","AQS"
"01/08/2012","58","PM2.5","E. Rivers School","13-121-0032","AQS"
"01/09/2012","53","PM2.5","South DeKalb","13-089-0002","AQS"
"01/10/2012","55","PM2.5","Fire Station #8","13-121-0039","AQS"
"01/11/2012","47","PM2.5","South DeKalb","13-089-0002","AQS"
"01/12/2012","35","PM2.5","Yorkville, King Farm","13-223-0003","AQS"
"01/13/2012","35","PM2.5","South DeKalb","13-089-0002","AQS"
"01/14/2012","42","PM2.5","South DeKalb","13-089-0002","AQS"
"01/15/2012","55","PM2.5","E. Rivers School","13-121-0032","AQS"
"01/16/2012","67","PM2.5","Fire Station #8","13-121-0039","AQS"
"01/17/2012","57","PM2.5","Gwinnett","13-135-0002","AQS"
"01/18/2012","53","PM2.5","South DeKalb","13-089-0002","AQS"
"01/19/2012","57","PM2.5","South DeKalb","13-089-0002","AQS"
"01/20/2012","55","PM2.5","Kennesaw","13-067-0003","AQS"
"01/21/2012","38","PM2.5","Yorkville, King Farm","13-223-0003","AQS"
"01/22/2012","46","PM2.5","Kennesaw","13-067-0003","AQS"
"01/23/2012","45","PM2.5","Yorkville, King Farm","13-223-0003","AQS"
"01/24/2012","43","PM2.5","South DeKalb","13-089-0002","AQS"
"01/25/2012","55","PM2.5","South DeKalb","13-089-0002","AQS"
"01/26/2012","52","PM2.5","Yorkville, King Farm","13-223-0003","AQS"
"01/27/2012","32","PM2.5","Yorkville, King Farm","13-223-0003","AQS"
"01/28/2012","53","PM2.5","South DeKalb","13-089-0002","AQS"
"01/29/2012","41","PM2.5","South DeKalb","13-089-0002","AQS"
"01/30/2012","56","PM2.5","South DeKalb","13-089-0002","AQS"
"01/31/2012","72","PM2.5","Forest Park","13-063-0091","AQS"
"02/01/2012","68","PM2.5","Gwinnett","13-135-0002","AQS"
"02/02/2012","46","PM2.5","Yorkville, King Farm","13-223-0003","AQS"
"02/03/2012","43","PM2.5","South DeKalb","13-089-0002","AQS"
"02/04/2012","65","PM2.5","Kennesaw","13-067-0003","AQS"
"02/05/2012","42","PM2.5","Gwinnett","13-135-0002","AQS"
"02/06/2012","53","PM2.5","South DeKalb","13-089-0002","AQS"
"02/07/2012","59","PM2.5","South DeKalb","13-089-0002","AQS"
"02/08/2012","56","PM2.5","South DeKalb","13-089-0002","AQS"
"02/09/2012","68","PM2.5","South DeKalb","13-089-0002","AQS"
"02/10/2012","82","PM2.5","South DeKalb","13-089-0002","AQS"
"02/11/2012","46","PM2.5","South DeKalb","13-089-0002","AQS"
"02/12/2012","52","PM2.5","E. Rivers School","13-121-0032","AQS"
"02/13/2012","65","PM2.5","South DeKalb","13-089-0002","AQS"
"02/14/2012","97","PM2.5","South DeKalb","13-089-0002","AQS"
"02/15/2012","72","PM2.5","Fire Station #8","13-121-0039","AQS"
"02/16/2012","62","PM2.5","Doraville","13-089-2001","AQS"
"02/17/2012","54","PM2.5","South DeKalb","13-089-0002","AQS"
"02/18/2012","64","PM2.5","South DeKalb","13-089-0002","AQS"
"02/19/2012","42","Ozone","Georgia Station","13-231-9991","AQS"
"02/20/2012","52","PM2.5","South DeKalb","13-089-0002","AQS"
"02/21/2012","49","PM2.5","Yorkville, King Farm","13-223-0003","AQS"
"02/22/2012","51","PM2.5","Yorkville, King Farm","13-223-0003","AQS"
"02/23/2012","57","PM2.5","Yorkville, King Farm","13-223-0003","AQS"
"02/24/2012","55","PM2.5","South DeKalb","13-089-0002","AQS"
"02/25/2012","42","Ozone","Georgia Station","13-231-9991","AQS"
"02/26/2012","52","PM2.5","South DeKalb","13-089-0002","AQS"
"02/27/2012","53","PM2.5","Yorkville, King Farm","13-223-0003","AQS"
"02/28/2012","56","PM2.5","Kennesaw","13-067-0003","AQS"
"02/29/2012","37","PM2.5","Kennesaw","13-067-0003","AQS"
"03/01/2012","54","PM2.5","Fire Station #8","13-121-0039","AQS"
"03/02/2012","53","PM2.5","E. Rivers School","13-121-0032","AQS"
"03/03/2012","38","Ozone","Dawsonville","13-085-0001","AQS"
"03/04/2012","43","Ozone","Newnan","13-077-0002","AQS"
"03/05/2012","44","Ozone","Newnan","13-077-0002","AQS"
"03/06/2012","54","PM2.5","South DeKalb","13-089-0002","AQS"
"03/07/2012","66","PM2.5","Doraville","13-089-2001","AQS"
"03/08/2012","60","PM2.5","Newnan","13-077-0002","AQS"
"03/09/2012","40","Ozone","Dawsonville","13-085-0001","AQS"
"03/10/2012","51","PM2.5","Yorkville, King Farm","13-223-0003","AQS"
"03/11/2012","65","PM2.5","Yorkville, King Farm","13-223-0003","AQS"
"03/12/2012","55","PM2.5","Yorkville, King Farm","13-223-0003","AQS"
"03/13/2012","56","PM2.5","Fire Station #8","13-121-0039","AQS"
"03/14/2012","58","PM2.5","South DeKalb","13-089-0002","AQS"
"03/15/2012","63","PM2.5","South DeKalb","13-089-0002","AQS"
"03/16/2012","54","PM2.5","Newnan","13-077-0002","AQS"
"03/17/2012","64","PM2.5","McDonough","13-151-0002","AQS"
"03/18/2012","69","PM2.5","South DeKalb","13-089-0002","AQS"
"03/19/2012","79","PM2.5","Kennesaw","13-067-0003","AQS"
"03/20/2012","79","PM2.5","United Avenue","13-121-0055","AQS"
"03/21/2012","61","PM2.5","South DeKalb","13-089-0002","AQS"
"03/22/2012","58","PM2.5","Doraville","13-089-2001","AQS"
"03/23/2012","52","PM2.5","South DeKalb","13-089-0002","AQS"
"03/24/2012","58","Ozone","Georgia Station","13-231-9991","AQS"
"03/25/2012","54","Ozone","Georgia Station","13-231-9991","AQS"
"03/26/2012","90","Ozone","Georgia Station","13-231-9991","AQS"
"03/27/2012","77","Ozone","Yorkville, King Farm","13-223-0003","AQS"
"03/28/2012","75","PM2.5","Yorkville, King Farm","13-223-0003","AQS"
"03/29/2012","77","Ozone","Dawsonville","13-085-0001","AQS"
"03/30/2012","66","PM2.5","South DeKalb","13-089-0002","AQS"
"03/31/2012","67","PM2.5","Yorkville, King Farm","13-223-0003","AQS"
"04/01/2012","55","PM2.5","Yorkville, King Farm","13-223-0003","AQS"
"04/02/2012","65","PM2.5","E. Rivers School","13-121-0032","AQS"
"04/03/2012","69","PM2.5","Forest Park","13-063-0091","AQS"
"04/04/2012","104","PM2.5","Yorkville, King Farm","13-223-0003","AQS"
"04/05/2012","55","PM2.5","Yorkville, King Farm","13-223-0003","AQS"
"04/06/2012","53","PM2.5","Yorkville, King Farm","13-223-0003","AQS"
"04/07/2012","71","Ozone","Conyers","13-247-0001","AQS"
"04/08/2012","67","Ozone","Conyers","13-247-0001","AQS"
"04/09/2012","87","Ozone","Georgia Station","13-231-9991","AQS"
"04/10/2012","67","Ozone","Douglasville","13-097-0004","AQS"
"04/11/2012","67","Ozone","Douglasville","13-097-0004","AQS"
"04/12/2012","51","PM2.5","Yorkville, King Farm","13-223-0003","AQS"
"04/13/2012","97","Ozone","Gwinnett","13-135-0002","AQS"
"04/14/2012","84","Ozone","Kennesaw","13-067-0003","AQS"
"04/15/2012","61","PM2.5","South DeKalb","13-089-0002","AQS"
"04/16/2012","60","PM2.5","South DeKalb","13-089-0002","AQS"
"04/17/2012","63","PM2.5","South DeKalb","13-089-0002","AQS"
"04/18/2012","62","PM2.5","Gwinnett","13-135-0002","AQS"
"04/19/2012","56","PM2.5","South DeKalb","13-089-0002","AQS"
"04/20/2012","67","PM2.5","Newnan","13-077-0002","AQS"
"04/21/2012","69","PM2.5","Yorkville, King Farm","13-223-0003","AQS"
"04/22/2012","47","Ozone","Georgia Station","13-231-9991","AQS"
"04/23/2012","51","PM2.5","Yorkville, King Farm","13-223-0003","AQS"
"04/24/2012","53","PM2.5","Fire Station #8","13-121-0039","AQS"
"04/25/2012","93","Ozone","Dawsonville","13-085-0001","AQS"
"04/26/2012","71","PM2.5","Yorkville, King Farm","13-223-0003","AQS"
"04/27/2012","76","PM2.5","South DeKalb","13-089-0002","AQS"
"04/28/2012","72","PM2.5","McDonough","13-151-0002","AQS"
"04/29/2012","84","Ozone","Gwinnett","13-135-0002","AQS"
"04/30/2012","87","Ozone","Gwinnett","13-135-0002","AQS"
"05/01/2012","71","PM2.5","South DeKalb","13-089-0002","AQS"
"05/02/2012","69","PM2.5","South DeKalb","13-089-0002","AQS"
"05/03/2012","63","PM2.5","South DeKalb","13-089-0002","AQS"
"05/04/2012","63","PM2.5","South DeKalb","13-089-0002","AQS"
"05/05/2012","66","PM2.5","Yorkville, King Farm","13-223-0003","AQS"
"05/06/2012","64","Ozone","Douglasville","13-097-0004","AQS"
"05/07/2012","60","PM2.5","Yorkville, King Farm","13-223-0003","AQS"
"05/08/2012","55","PM2.5","Yorkville, King Farm","13-223-0003","AQS"
"05/09/2012","56","PM2.5","Yorkville, King Farm","13-223-0003","AQS"
"05/10/2012","64","Ozone","Douglasville","13-097-0004","AQS"
"05/11/2012","87","Ozone","Yorkville, King Farm","13-223-0003","AQS"
"05/12/2012","71","PM2.5","McDonough","13-151-0002","AQS"
"05/13/2012","67","PM2.5","McDonough","13-151-0002","AQS"
"05/14/2012","51","PM2.5","E. Rivers School","13-121-0032","AQS"
"05/15/2012","60","PM2.5","McDonough","13-151-0002","AQS"
"05/16/2012","74","Ozone","Conyers","13-247-0001","AQS"
"05/17/2012","90","Ozone","Douglasville","13-097-0004","AQS"
"05/18/2012","93","Ozone","Douglasville","13-097-0004","AQS"
"05/19/2012","100","Ozone","Douglasville","13-097-0004","AQS"
"05/20/2012","100","Ozone","Georgia Station","13-231-9991","AQS"
"05/21/2012","108","Ozone","Conyers","13-247-0001","AQS"
"05/22/2012","64","Ozone","Conyers","13-247-0001","AQS"
"05/23/2012","97","Ozone","Conyers","13-247-0001","AQS"
"05/24/2012","122","Ozone","United Avenue","13-121-0055","AQS"
"05/25/2012","154","Ozone","United Avenue","13-121-0055","AQS"
"05/26/2012","112","Ozone","Georgia Station","13-231-9991","AQS"
"05/27/2012","64","PM2.5","Yorkville, King Farm","13-223-0003","AQS"
"05/28/2012","71","Ozone","United Avenue","13-121-0055","AQS"
"05/29/2012","53","PM2.5","Yorkville, King Farm","13-223-0003","AQS"
"05/30/2012","97","Ozone","Georgia Station","13-231-9991","AQS"
"05/31/2012","87","Ozone","Conyers","13-247-0001","AQS"
"06/01/2012","52","PM2.5","Yorkville, King Farm","13-223-0003","AQS"
"06/02/2012","54","Ozone","Conyers","13-247-0001","AQS"
"06/03/2012","68","PM2.5","United Avenue","13-121-0055","AQS"
"06/04/2012","57","PM2.5","Newnan","13-077-0002","AQS"
"06/05/2012","54","PM2.5","Yorkville, King Farm","13-223-0003","AQS"
"06/06/2012","67","Ozone","United Avenue","13-121-0055","AQS"
"06/07/2012","93","Ozone","Douglasville","13-097-0004","AQS"
"06/08/2012","93","Ozone","Yorkville, King Farm","13-223-0003","AQS"
"06/09/2012","71","Ozone","Yorkville, King Farm","13-223-0003","AQS"
"06/10/2012","42","PM2.5","Gwinnett","13-135-0002","AQS"
"06/11/2012","41","PM2.5","Yorkville, King Farm","13-223-0003","AQS"
"06/12/2012","71","Ozone","Conyers","13-247-0001","AQS"
"06/13/2012","100","Ozone","United Avenue","13-121-0055","AQS"
"06/14/2012","71","Ozone","Douglasville","13-097-0004","AQS"
"06/15/2012","90","Ozone","Yorkville, King Farm","13-223-0003","AQS"
"06/16/2012","61","Ozone","Douglasville","13-097-0004","AQS"
"06/17/2012","115","Ozone","Kennesaw","13-067-0003","AQS"
"06/18/2012","84","Ozone","Kennesaw","13-067-0003","AQS"
"06/19/2012","93","Ozone","Yorkville, King Farm","13-223-0003","AQS"
"06/20/2012","71","Ozone","Yorkville, King Farm","13-223-0003","AQS"
"06/21/2012","119","Ozone","Kennesaw","13-067-0003","AQS"
"06/22/2012","147","Ozone","United Avenue","13-121-0055","AQS"
"06/23/2012","101","Ozone","Kennesaw","13-067-0003","AQS"
"06/24/2012","67","PM2.5","Yorkville, King Farm","13-223-0003","AQS"
"06/25/2012","74","Ozone","Douglasville","13-097-0004","AQS"
"06/26/2012","108","Ozone","Douglasville","13-097-0004","AQS"
"06/27/2012","187","Ozone","Georgia Station","13-231-9991","AQS"
"06/28/2012","179","Ozone","Conyers","13-247-0001","AQS"
"06/29/2012","218","Ozone","McDonough","13-151-0002","AQS"
"06/30/2012","166","Ozone","McDonough","13-151-0002","AQS"
"07/01/2012","129","Ozone","McDonough","13-151-0002","AQS"
"07/02/2012","112","Ozone","Conyers","13-247-0001","AQS"
"07/03/2012","156","Ozone","McDonough","13-151-0002","AQS"
"07/04/2012","79","PM2.5","United Avenue","13-121-0055","AQS"
"07/05/2012","129","Ozone","McDonough","13-151-0002","AQS"
"07/06/2012","159","Ozone","McDonough","13-151-0002","AQS"
"07/07/2012","119","Ozone","Gwinnett","13-135-0002","AQS"
"07/08/2012","72","PM2.5","Yorkville, King Farm","13-223-0003","AQS"
"07/09/2012","93","Ozone","Conyers","13-247-0001","AQS"
"07/10/2012","93","Ozone","Gwinnett","13-135-0002","AQS"
"07/11/2012","74","Ozone","Gwinnett","13-135-0002","AQS"
"07/12/2012","55","PM2.5","E. Rivers School","13-121-0032","AQS"
"07/13/2012","49","PM2.5","Yorkville, King Farm","13-223-0003","AQS"
"07/14/2012","53","PM2.5","Yorkville, King Farm","13-223-0003","AQS"
"07/15/2012","53","PM2.5","Yorkville, King Farm","13-223-0003","AQS"
"07/16/2012","57","PM2.5","Yorkville, King Farm","13-223-0003","AQS"
"07/17/2012","61","PM2.5","Yorkville, King Farm","13-223-0003","AQS"
"07/18/2012","71","Ozone","Conyers","13-247-0001","AQS"
"07/19/2012","77","Ozone","Gwinnett","13-135-0002","AQS"
"07/20/2012","62","PM2.5","Forest Park","13-063-0091","AQS"
"07/21/2012","58","PM2.5","Yorkville, King Farm","13-223-0003","AQS"
"07/22/2012","56","PM2.5","Yorkville, King Farm","13-223-0003","AQS"
"07/23/2012","74","Ozone","South DeKalb","13-089-0002","AQS"
"07/24/2012","64","PM2.5","Yorkville, King Farm","13-223-0003","AQS"
"07/25/2012","68","PM2.5","Yorkville, King Farm","13-223-0003","AQS"
"07/26/2012","73","PM2.5","South DeKalb","13-089-0002","AQS"
"07/27/2012","62","PM2.5","South DeKalb","13-089-0002","AQS"
"07/28/2012","101","Ozone","Conyers","13-247-0001","AQS"
"07/29/2012","97","Ozone","McDonough","13-151-0002","AQS"
"07/30/2012","154","Ozone","McDonough","13-151-0002","AQS"
"07/31/2012","63","PM2.5","South DeKalb","13-089-0002","AQS"
"08/01/2012","126","Ozone","Conyers","13-247-0001","AQS"
"08/02/2012","108","Ozone","Conyers","13-247-0001","AQS"
"08/03/2012","69","PM2.5","Yorkville, King Farm","13-223-0003","AQS"
"08/04/2012","66","PM2.5","Yorkville, King Farm","13-223-0003","AQS"
"08/05/2012","55","PM2.5","Yorkville, King Farm","13-223-0003","AQS"
"08/06/2012","51","PM2.5","Gwinnett","13-135-0002","AQS"
"08/07/2012","53","PM2.5","Yorkville, King Farm","13-223-0003","AQS"
"08/08/2012","77","Ozone","South DeKalb","13-089-0002","AQS"
"08/09/2012","55","PM2.5","Yorkville, King Farm","13-223-0003","AQS"
"08/10/2012","61","PM2.5","Yorkville, King Farm","13-223-0003","AQS"
"08/11/2012","52","PM2.5","South DeKalb","13-089-0002","AQS"
"08/12/2012","97","Ozone","Conyers","13-247-0001","AQS"
"08/13/2012","97","Ozone","Conyers","13-247-0001","AQS"
"08/14/2012","58","PM2.5","South DeKalb","13-089-0002","AQS"
"08/15/2012","67","PM2.5","Yorkville, King Farm","13-223-0003","AQS"
"08/16/2012","154","Ozone","McDonough","13-151-0002","AQS"
"08/17/2012","84","Ozone","Conyers","13-247-0001","AQS"
"08/18/2012","63","PM2.5","Yorkville, King Farm","13-223-0003","AQS"
"08/19/2012","53","PM2.5","Yorkville, King Farm","13-223-0003","AQS"
"08/20/2012","90","Ozone","United Avenue","13-121-0055","AQS"
"08/21/2012","100","Ozone","United Avenue","13-121-0055","AQS"
"08/22/2012","74","Ozone","Douglasville","13-097-0004","AQS"
"08/23/2012","71","Ozone","Douglasville","13-097-0004","AQS"
"08/24/2012","64","Ozone","Douglasville","13-097-0004","AQS"
"08/25/2012","108","Ozone","Kennesaw","13-067-0003","AQS"
"08/26/2012","87","Ozone","Yorkville, King Farm","13-223-0003","AQS"
"08/27/2012","93","Ozone","Douglasville","13-097-0004","AQS"
"08/28/2012","39","PM2.5","Gwinnett","13-135-0002","AQS"
"08/29/2012","53","PM2.5","Yorkville, King Farm","13-223-0003","AQS"
"08/30/2012","43","PM2.5","Yorkville, King Farm","13-223-0003","AQS"
"08/31/2012","53","PM2.5","Yorkville, King Farm","13-223-0003","AQS"
"09/01/2012","61","PM2.5","South DeKalb","13-089-0002","AQS"
"09/02/2012","57","PM2.5","Yorkville, King Farm","13-223-0003","AQS"
"09/03/2012","55","PM2.5","South DeKalb","13-089-0002","AQS"
"09/04/2012","51","PM2.5","South DeKalb","13-089-0002","AQS"
"09/05/2012","53","PM2.5","Yorkville, King Farm","13-223-0003","AQS"
"09/06/2012","56","PM2.5","South DeKalb","13-089-0002","AQS"
"09/07/2012","136","Ozone","United Avenue","13-121-0055","AQS"
"09/08/2012","52","PM2.5","Yorkville, King Farm","13-223-0003","AQS"
"09/09/2012","49","Ozone","McDonough","13-151-0002","AQS"
"09/10/2012","67","PM2.5","South DeKalb","13-089-0002","AQS"
"09/11/2012","70","PM2.5","South DeKalb","13-089-0002","AQS"
"09/12/2012","73","PM2.5","South DeKalb","13-089-0002","AQS"
"09/13/2012","70","PM2.5","South DeKalb","13-089-0002","AQS"
"09/14/2012","67","PM2.5","South DeKalb","13-089-0002","AQS"
"09/15/2012","70","PM2.5","South DeKalb","13-089-0002","AQS"
"09/16/2012","69","PM2.5","South DeKalb","13-089-0002","AQS"
"09/17/2012","58","PM2.5","Yorkville, King Farm","13-223-0003","AQS"
"09/18/2012","44","PM2.5","Yorkville, King Farm","13-223-0003","AQS"
"09/19/2012","62","PM2.5","South DeKalb","13-089-0002","AQS"
"09/20/2012","70","PM2.5","South DeKalb","13-089-0002","AQS"
"09/21/2012","71","PM2.5","South DeKalb","13-089-0002","AQS"
"09/22/2012","73","PM2.5","South DeKalb","13-089-0002","AQS"
"09/23/2012","64","PM2.5","South DeKalb","13-089-0002","AQS"
"09/24/2012","61","PM2.5","South DeKalb","13-089-0002","AQS"
"09/25/2012","71","Ozone","Kennesaw","13-067-0003","AQS"
"09/26/2012","97","Ozone","United Avenue","13-121-0055","AQS"
"09/27/2012","93","Ozone","Conyers","13-247-0001","AQS"
"09/28/2012","67","PM2.5","South DeKalb","13-089-0002","AQS"
"09/29/2012","71","PM2.5","Yorkville, King Farm","13-223-0003","AQS"
"09/30/2012","65","PM2.5","South DeKalb","13-089-0002","AQS"
"10/01/2012","25","Ozone","Georgia Station","13-231-9991","AQS"
"10/02/2012","36","PM2.5","Yorkville, King Farm","13-223-0003","AQS"
"10/03/2012","59","PM2.5","South DeKalb","13-089-0002","AQS"
"10/04/2012","77","Ozone","Georgia Station","13-231-9991","AQS"
"10/05/2012","79","PM2.5","South DeKalb","13-089-0002","AQS"
"10/06/2012","74","PM2.5","South DeKalb","13-089-0002","AQS"
"10/07/2012","60","PM2.5","South DeKalb","13-089-0002","AQS"
"10/08/2012","62","PM2.5","South DeKalb","13-089-0002","AQS"
"10/09/2012","69","PM2.5","South DeKalb","13-089-0002","AQS"
"10/10/2012","69","PM2.5","South DeKalb","13-089-0002","AQS"
"10/11/2012","71","PM2.5","South DeKalb","13-089-0002","AQS"
"10/12/2012","69","PM2.5","South DeKalb","13-089-0002","AQS"
"10/13/2012","66","PM2.5","South DeKalb","13-089-0002","AQS"
"10/14/2012","68","PM2.5","South DeKalb","13-089-0002","AQS"
"10/15/2012","61","PM2.5","South DeKalb","13-089-0002","AQS"
"10/16/2012","66","PM2.5","South DeKalb","13-089-0002","AQS"
"10/17/2012","71","PM2.5","South DeKalb","13-089-0002","AQS"
"10/18/2012","68","PM2.5","South DeKalb","13-089-0002","AQS"
"10/19/2012","68","PM2.5","South DeKalb","13-089-0002","AQS"
"10/20/2012","63","PM2.5","South DeKalb","13-089-0002","AQS"
"10/21/2012","63","PM2.5","South DeKalb","13-089-0002","AQS"
"10/22/2012","82","PM2.5","South DeKalb","13-089-0002","AQS"
"10/23/2012","69","PM2.5","South DeKalb","13-089-0002","AQS"
"10/24/2012","72","PM2.5","South DeKalb","13-089-0002","AQS"
"10/25/2012","65","PM2.5","South DeKalb","13-089-0002","AQS"
"10/26/2012","58","PM2.5","South DeKalb","13-089-0002","AQS"
"10/27/2012","64","PM2.5","South DeKalb","13-089-0002","AQS"
"10/28/2012","55","PM2.5","South DeKalb","13-089-0002","AQS"
"10/29/2012","61","PM2.5","South DeKalb","13-089-0002","AQS"
"10/30/2012","62","PM2.5","South DeKalb","13-089-0002","AQS"
"10/31/2012","44","Ozone","Georgia Station","13-231-9991","AQS"
"11/01/2012","43","Ozone","Georgia Station","13-231-9991","AQS"
"11/02/2012","66","PM2.5","Fire Station #8","13-121-0039","AQS"
"11/03/2012","83","PM2.5","South DeKalb","13-089-0002","AQS"
"11/04/2012","76","PM2.5","South DeKalb","13-089-0002","AQS"
"11/05/2012","67","PM2.5","South DeKalb","13-089-0002","AQS"
"11/06/2012","74","PM2.5","South DeKalb","13-089-0002","AQS"
"11/07/2012","73","PM2.5","South DeKalb","13-089-0002","AQS"
"11/08/2012","74","PM2.5","South DeKalb","13-089-0002","AQS"
"11/09/2012","66","PM2.5","Yorkville, King Farm","13-223-0003","AQS"
"11/10/2012","73","PM2.5","E. Rivers School","13-121-0032","AQS"
"11/11/2012","65","PM2.5","E. Rivers School","13-121-0032","AQS"
"11/12/2012","39","PM2.5","E. Rivers School","13-121-0032","AQS"
"11/13/2012","37","PM2.5","E. Rivers School","13-121-0032","AQS"
"11/14/2012","51","PM2.5","E. Rivers School","13-121-0032","AQS"
"11/15/2012","61","PM2.5","Doraville","13-089-2001","AQS"
"11/16/2012","76","PM2.5","South DeKalb","13-089-0002","AQS"
"11/17/2012","72","PM2.5","South DeKalb","13-089-0002","AQS"
"11/18/2012","56","PM2.5","South DeKalb","13-089-0002","AQS"
"11/19/2012","53","PM2.5","South DeKalb","13-089-0002","AQS"
"11/20/2012","65","PM2.5","Kennesaw","13-067-0003","AQS"
"11/21/2012","69","PM2.5","South DeKalb","13-089-0002","AQS"
"11/22/2012","74","PM2.5","South DeKalb","13-089-0002","AQS"
"11/23/2012","73","PM2.5","Gwinnett","13-135-0002","AQS"
"11/24/2012","58","PM2.5","South DeKalb","13-089-0002","AQS"
"11/25/2012","62","PM2.5","South DeKalb","13-089-0002","AQS"
"11/26/2012","70","PM2.5","South DeKalb","13-089-0002","AQS"
"11/27/2012","70","PM2.5","South DeKalb","13-089-0002","AQS"
"11/28/2012","66","PM2.5","South DeKalb","13-089-0002","AQS"
"11/29/2012","80","PM2.5","E. Rivers School","13-121-0032","AQS"
"11/30/2012","79","PM2.5","South DeKalb","13-089-0002","AQS"
"12/01/2012","82","PM2.5","E. Rivers School","13-121-0032","AQS"
"12/02/2012","65","PM2.5","Gwinnett","13-135-0002","AQS"
"12/03/2012","62","PM2.5","South DeKalb","13-089-0002","AQS"
"12/04/2012","61","PM2.5","South DeKalb","13-089-0002","AQS"
"12/05/2012","58","PM2.5","South DeKalb","13-089-0002","AQS"
"12/06/2012","53","PM2.5","South DeKalb","13-089-0002","AQS"
"12/07/2012","60","PM2.5","South DeKalb","13-089-0002","AQS"
"12/08/2012","69","PM2.5","Kennesaw","13-067-0003","AQS"
"12/09/2012","57","PM2.5","Kennesaw","13-067-0003","AQS"
"12/10/2012","31","Ozone","Georgia Station","13-231-9991","AQS"
"12/11/2012","61","PM2.5","South DeKalb","13-089-0002","AQS"
"12/12/2012","62","PM2.5","South DeKalb","13-089-0002","AQS"
"12/13/2012","66","PM2.5","South DeKalb","13-089-0002","AQS"
"12/14/2012","71","PM2.5","South DeKalb","13-089-0002","AQS"
"12/15/2012","70","PM2.5","South DeKalb","13-089-0002","AQS"
"12/16/2012","64","PM2.5","South DeKalb","13-089-0002","AQS"
"12/17/2012","34","PM2.5","South DeKalb","13-089-0002","AQS"
"12/18/2012","58","PM2.5","South DeKalb","13-089-0002","AQS"
"12/19/2012","73","PM2.5","South DeKalb","13-089-0002","AQS"
"12/20/2012","64","PM2.5","South DeKalb","13-089-0002","AQS"
"12/21/2012","51","PM2.5","South DeKalb","13-089-0002","AQS"
"12/22/2012","42","PM2.5","E. Rivers School","13-121-0032","AQS"
"12/23/2012","67","PM2.5","South DeKalb","13-089-0002","AQS"
"12/24/2012","50","PM2.5","E. Rivers School","13-121-0032","AQS"
"12/25/2012","47","PM2.5","South DeKalb","13-089-0002","AQS"
"12/26/2012","31","Ozone","Georgia Station","13-231-9991","AQS"
"12/27/2012","52","PM2.5","Yorkville, King Farm","13-223-0003","AQS"
"12/28/2012","74","PM2.5","South DeKalb","13-089-0002","AQS"
"12/29/2012","52","PM2.5","South DeKalb","13-089-0002","AQS"
"12/30/2012","58","PM2.5","E. Rivers School","13-121-0032","AQS"
"12/31/2012","77","PM2.5","South DeKalb","13-089-0002","AQS"
"01/01/2013","68","PM2.5","Gwinnett","13-135-0002","AQS"
"01/02/2013","58","PM2.5","McDonough","13-151-0002","AQS"
"01/03/2013","60","PM2.5","Yorkville, King Farm","13-223-0003","AQS"
"01/04/2013","54","PM2.5","Fire Station #8","13-121-0039","AQS"
"01/05/2013","74","PM2.5","South DeKalb","13-089-0002","AQS"
"01/06/2013","46","PM2.5","Kennesaw","13-067-0003","AQS"
"01/07/2013","62","PM2.5","South DeKalb","13-089-0002","AQS"
"01/08/2013","68","PM2.5","South DeKalb","13-089-0002","AQS"
"01/09/2013","65","PM2.5","South DeKalb","13-089-0002","AQS"
"01/10/2013","60","PM2.5","South DeKalb","13-089-0002","AQS"
"01/11/2013","54","PM2.5","United Avenue","13-121-0055","AQS"
"01/12/2013","53","PM2.5","South DeKalb","13-089-0002","AQS"
"01/13/2013","55","PM2.5","South DeKalb","13-089-0002","AQS"
"01/14/2013","41","PM2.5","South DeKalb","13-089-0002","AQS"
"01/15/2013","51","PM2.5","South DeKalb","13-089-0002","AQS"
"01/16/2013","35","PM2.5","Forest Park","13-063-0091","AQS"
"01/17/2013","30","PM2.5","Yorkville, King Farm","13-223-0003","AQS"
"01/18/2013","49","PM2.5","Kennesaw","13-067-0003","AQS"
"01/19/2013","55","PM2.5","South DeKalb","13-089-0002","AQS"
"01/20/2013","56","PM2.5","Kennesaw","13-067-0003","AQS"
"01/21/2013","53","PM2.5","South DeKalb","13-089-0002","AQS"
"01/22/2013","37","Ozone","Georgia Station","13-231-9991","AQS"
"01/23/2013","56","PM2.5","Yorkville, King Farm","13-223-0003","AQS"
"01/24/2013","58","PM2.5","Kennesaw","13-067-0003","AQS"
"01/25/2013","62","PM2.5","Kennesaw","13-067-0003","AQS"
"01/26/2013","57","PM2.5","Kennesaw","13-067-0003","AQS"
"01/27/2013","63","PM2.5","Yorkville, King Farm","13-223-0003","AQS"
"01/28/2013","83","PM2.5","Gwinnett","13-135-0002","AQS"
"01/29/2013","78","PM2.5","Kennesaw","13-067-0003","AQS"
"01/30/2013","36","Ozone","Georgia Station","13-231-9991","AQS"
"01/31/2013","38","NO2","South DeKalb","13-089-0002","AQS"
"02/01/2013","39","Ozone","Georgia Station","13-231-9991","AQS"
"02/02/2013","62","PM2.5","Kennesaw","13-067-0003","AQS"
"02/03/2013","52","PM2.5","South DeKalb","13-089-0002","AQS"
"02/04/2013","52","PM2.5","South DeKalb","13-089-0002","AQS"
"02/05/2013","68","PM2.5","South DeKalb","13-089-0002","AQS"
"02/06/2013","60","PM2.5","South DeKalb","13-089-0002","AQS"
"02/07/2013","59","PM2.5","South DeKalb","13-089-0002","AQS"
"02/08/2013","55","PM2.5","Kennesaw","13-067-0003","AQS"
"02/09/2013","54","PM2.5","Yorkville, King Farm","13-223-0003","AQS"
"02/10/2013","49","PM2.5","Yorkville, King Farm","13-223-0003","AQS"
"02/11/2013","33","NO2","South DeKalb","13-089-0002","AQS"
"02/12/2013","32","PM2.5","Forest Park","13-063-0091","AQS"
"02/13/2013","33","PM2.5","Yorkville, King Farm","13-223-0003","AQS"
"02/14/2013","48","PM2.5","Yorkville, King Farm","13-223-0003","AQS"
"02/15/2013","57","PM2.5","Fire Station #8","13-121-0039","AQS"
"02/16/2013","40","Ozone","Georgia Station","13-231-9991","AQS"
"02/17/2013","42","Ozone","Georgia Station","13-231-9991","AQS"
"02/18/2013","64","PM2.5","South DeKalb","13-089-0002","AQS"
"02/19/2013","55","PM2.5","Yorkville, King Farm","13-223-0003","AQS"
"02/20/2013","43","Ozone","Georgia Station","13-231-9991","AQS"
"02/21/2013","55","PM2.5","South DeKalb","13-089-0002","AQS"
"02/22/2013","53","PM2.5","Yorkville, King Farm","13-223-0003","AQS"
"02/23/2013","26","PM2.5","South DeKalb","13-089-0002","AQS"
"02/24/2013","52","PM2.5","South DeKalb","13-089-0002","AQS"
"02/25/2013","53","PM2.5","South DeKalb","13-089-0002","AQS"
"02/26/2013","41","Ozone","Georgia Station","13-231-9991","AQS"
"02/27/2013","48","PM2.5","Yorkville, King Farm","13-223-0003","AQS"
"02/28/2013","48","PM2.5","Yorkville, King Farm","13-223-0003","AQS"
"03/01/2013","54","PM2.5","South DeKalb","13-089-0002","AQS"
"03/02/2013","47","PM2.5","South DeKalb","13-089-0002","AQS"
"03/03/2013","55","PM2.5","South DeKalb","13-089-0002","AQS"
"03/04/2013","65","PM2.5","South DeKalb","13-089-0002","AQS"
"03/05/2013","55","PM2.5","Yorkville, King Farm","13-223-0003","AQS"
"03/06/2013","55","PM2.5","South DeKalb","13-089-0002","AQS"
"03/07/2013","59","PM2.5","South DeKalb","13-089-0002","AQS"
"03/08/2013","59","PM2.5","South DeKalb","13-089-0002","AQS"
"03/09/2013","71","PM2.5","McDonough","13-151-0002","AQS"
"03/10/2013","61","PM2.5","South DeKalb","13-089-0002","AQS"
"03/11/2013","40","Ozone","Georgia Station","13-231-9991","AQS"
"03/12/2013","44","Ozone","Georgia Station","13-231-9991","AQS"
"03/13/2013","48","Ozone","Georgia Station","13-231-9991","AQS"
"03/14/2013","54","PM2.5","South DeKalb","13-089-0002","AQS"
"03/15/2013","105","Ozone","Dawsonville","13-085-0001","AQS"
"03/16/2013","80","Ozone","Dawsonville","13-085-0001","AQS"
"03/17/2013","58","PM2.5","Yorkville, King Farm","13-223-0003","AQS"
"03/18/2013","54","PM2.5","Kennesaw","13-067-0003","AQS"
"03/19/2013","44","Ozone","Dawsonville","13-085-0001","AQS"
"03/20/2013","47","Ozone","Douglasville","13-097-0004","AQS"
"03/21/2013","53","PM2.5","South DeKalb","13-089-0002","AQS"
"03/22/2013","56","PM2.5","South DeKalb","13-089-0002","AQS"
"03/23/2013","66","PM2.5","South DeKalb","13-089-0002","AQS"
"03/24/2013","42","Ozone","Douglasville","13-097-0004","AQS"
"03/25/2013","47","PM2.5","Yorkville, King Farm","13-223-0003","AQS"
"03/26/2013","53","PM2.5","South DeKalb","13-089-0002","AQS"
"03/27/2013","57","PM2.5","South DeKalb","13-089-0002","AQS"
"03/28/2013","71","Ozone","Georgia Station","13-231-9991","AQS"
"03/29/2013","87","Ozone","Georgia Station","13-231-9991","AQS"
"03/30/2013","74","Ozone","Dawsonville","13-085-0001","AQS"
"03/31/2013","58","PM2.5","South DeKalb","13-089-0002","AQS"
"04/01/2013","49","Ozone","Georgia Station","13-231-9991","AQS"
"04/02/2013","61","Ozone","Georgia Station","13-231-9991","AQS"
"04/03/2013","59","PM2.5","McDonough","13-151-0002","AQS"
"04/04/2013","53","PM2.5","South DeKalb","13-089-0002","AQS"
"04/05/2013","51","Ozone","Douglasville","13-097-0004","AQS"
"04/06/2013","80","Ozone","Dawsonville","13-085-0001","AQS"
"04/07/2013","61","PM2.5","South DeKalb","13-089-0002","AQS"
"04/08/2013","63","PM2.5","South DeKalb","13-089-0002","AQS"
"04/09/2013","74","Ozone","Dawsonville","13-085-0001","AQS"
"04/10/2013","78","PM2.5","Yorkville, King Farm","13-223-0003","AQS"
"04/11/2013","59","PM2.5","Yorkville, King Farm","13-223-0003","AQS"
"04/12/2013","45","Ozone","Dawsonville","13-085-0001","AQS"
"04/13/2013","54","Ozone","McDonough","13-151-0002","AQS"
"04/14/2013","56","PM2.5","South DeKalb","13-089-0002","AQS"
"04/15/2013","58","PM2.5","Yorkville, King Farm","13-223-0003","AQS"
"04/16/2013","64","PM2.5","South DeKalb","13-089-0002","AQS"
"04/17/2013","66","PM2.5","South DeKalb","13-089-0002","AQS"
"04/18/2013","57","PM2.5","South DeKalb","13-089-0002","AQS"
"04/19/2013","41","PM2.5","Yorkville, King Farm","13-223-0003","AQS"
"04/20/2013","48","Ozone","Georgia Station","13-231-9991","AQS"
"04/21/2013","58","PM2.5","South DeKalb","13-089-0002","AQS"
"04/22/2013","58","PM2.5","South DeKalb","13-089-0002","AQS"
"04/23/2013","56","PM2.5","South DeKalb","13-089-0002","AQS"
"04/24/2013","58","PM2.5","South DeKalb","13-089-0002","AQS"
"04/25/2013","67","Ozone","Georgia Station","13-231-9991","AQS"
"04/26/2013","63","PM2.5","South DeKalb","13-089-0002","AQS"
"04/27/2013","69","PM2.5","South DeKalb","13-089-0002","AQS"
"04/28/2013","57","PM2.5","South DeKalb","13-089-0002","AQS"
"04/29/2013","52","PM2.5","Yorkville, King Farm","13-223-0003","AQS"
"04/30/2013","59","PM2.5","South DeKalb","13-089-0002","AQS"
"05/01/2013","52","PM2.5","Yorkville, King Farm","13-223-0003","AQS"
"05/02/2013","39","PM2.5","South DeKalb","13-089-0002","AQS"
"05/03/2013","48","PM2.5","South DeKalb","13-089-0002","AQS"
"05/04/2013","34","Ozone","Georgia Station","13-231-9991","AQS"
"05/05/2013","44","Ozone","McDonough","13-151-0002","AQS"
"05/06/2013","40","PM2.5","South DeKalb","13-089-0002","AQS"
"05/07/2013","38","Ozone","Gwinnett","13-135-0002","AQS"
"05/08/2013","56","PM2.5","South DeKalb","13-089-0002","AQS"
"05/09/2013","62","PM2.5","South DeKalb","13-089-0002","AQS"
"05/10/2013","66","PM2.5","South DeKalb","13-089-0002","AQS"
"05/11/2013","55","PM2.5","South DeKalb","13-089-0002","AQS"
"05/12/2013","51","Ozone","Gwinnett","13-135-0002","AQS"
"05/13/2013","61","Ozone","Georgia Station","13-231-9991","AQS"
"05/14/2013","77","Ozone","Gwinnett","13-135-0002","AQS"
"05/15/2013","108","Ozone","Conyers","13-247-0001","AQS"
"05/16/2013","97","Ozone","Gwinnett","13-135-0002","AQS"
"05/17/2013","68","PM2.5","South DeKalb","13-089-0002","AQS"
"05/18/2013","52","PM2.5","Yorkville, King Farm","13-223-0003","AQS"
"05/19/2013","53","PM2.5","Yorkville, King Farm","13-223-0003","AQS"
"05/20/2013","61","PM2.5","South DeKalb","13-089-0002","AQS"
"05/21/2013","67","PM2.5","South DeKalb","13-089-0002","AQS"
"05/22/2013","58","PM2.5","South DeKalb","13-089-0002","AQS"
"05/23/2013","54","Ozone","Conyers","13-247-0001","AQS"
"05/24/2013","49","Ozone","Georgia Station","13-231-9991","AQS"
"05/25/2013","64","Ozone","Gwinnett","13-135-0002","AQS"
"05/26/2013","108","Ozone","Conyers","13-247-0001","AQS"
"05/27/2013","62","PM2.5","Yorkville, King Farm","13-223-0003","AQS"
"05/28/2013","67","Ozone","Kennesaw","13-067-0003","AQS"
"05/29/2013","55","PM2.5","Yorkville, King Farm","13-223-0003","AQS"
"05/30/2013","56","PM2.5","Yorkville, King Farm","13-223-0003","AQS"
"05/31/2013","48","PM2.5","United Avenue","13-121-0055","AQS"
"06/01/2013","52","PM2.5","Yorkville, King Farm","13-223-0003","AQS"
"06/02/2013","47","PM2.5","Yorkville, King Farm","13-223-0003","AQS"
"06/03/2013","54","PM2.5","Yorkville, King Farm","13-223-0003","AQS"
"06/04/2013","71","Ozone","United Avenue","13-121-0055","AQS"
"06/05/2013","54","PM2.5","Kennesaw","13-067-0003","AQS"
"06/06/2013","33","PM2.5","Fire Station #8","13-121-0039","AQS"
"06/07/2013","51","PM2.5","Yorkville, King Farm","13-223-0003","AQS"
"06/08/2013","69","PM2.5","South DeKalb","13-089-0002","AQS"
"06/09/2013","61","PM2.5","South DeKalb","13-089-0002","AQS"
"06/10/2013","45","PM2.5","Yorkville, King Farm","13-223-0003","AQS"
"06/11/2013","61","PM2.5","Newnan","13-077-0002","AQS"
"06/12/2013","101","Ozone","Conyers","13-247-0001","AQS"
"06/13/2013","72","PM2.5","South DeKalb","13-089-0002","AQS"
"06/14/2013","126","Ozone","Georgia Station","13-231-9991","AQS"
"06/15/2013","108","Ozone","Kennesaw","13-067-0003","AQS"
"06/16/2013","71","PM2.5","South DeKalb","13-089-0002","AQS"
"06/17/2013","53","PM2.5","Yorkville, King Farm","13-223-0003","AQS"
"06/18/2013","56","PM2.5","Fire Station #8","13-121-0039","AQS"
"06/19/2013","48","PM2.5","Yorkville, King Farm","13-223-0003","AQS"
"06/20/2013","74","Ozone","Yorkville, King Farm","13-223-0003","AQS"
"06/21/2013","87","Ozone","Yorkville, King Farm","13-223-0003","AQS"
"06/22/2013","101","Ozone","Douglasville","13-097-0004","AQS"
"06/23/2013","56","PM2.5","Yorkville, King Farm","13-223-0003","AQS"
"06/24/2013","59","PM2.5","Forest Park","13-063-0091","AQS"
"06/25/2013","77","PM2.5","Yorkville, King Farm","13-223-0003","AQS"
"06/26/2013","69","PM2.5","Yorkville, King Farm","13-223-0003","AQS"
"06/27/2013","65","PM2.5","Yorkville, King Farm","13-223-0003","AQS"
"06/28/2013","67","PM2.5","Yorkville, King Farm","13-223-0003","AQS"
"06/29/2013","59","PM2.5","Yorkville, King Farm","13-223-0003","AQS"
"06/30/2013","56","PM2.5","Gwinnett","13-135-0002","AQS"
"07/01/2013","61","PM2.5","Yorkville, King Farm","13-223-0003","AQS"
"07/02/2013","59","PM2.5","Yorkville, King Farm","13-223-0003","AQS"
"07/03/2013","37","PM2.5","Yorkville, King Farm","13-223-0003","AQS"
"07/04/2013","41","PM2.5","Yorkville, King Farm","13-223-0003","AQS"
"07/05/2013","52","PM2.5","Yorkville, King Farm","13-223-0003","AQS"
"07/06/2013","31","PM2.5","Yorkville, King Farm","13-223-0003","AQS"
"07/07/2013","41","PM2.5","Yorkville, King Farm","13-223-0003","AQS"
"07/08/2013","40","Ozone","Gwinnett","13-135-0002","AQS"
"07/09/2013","53","PM2.5","Yorkville, King Farm","13-223-0003","AQS"
"07/10/2013","53","PM2.5","Yorkville, King Farm","13-223-0003","AQS"
"07/11/2013","52","PM2.5","South DeKalb","13-089-0002","AQS"
"07/12/2013","60","PM2.5","Yorkville, King Farm","13-223-0003","AQS"
"07/13/2013","51","PM2.5","Yorkville, King Farm","13-223-0003","AQS"
"07/14/2013","45","PM2.5","Yorkville, King Farm","13-223-0003","AQS"
"07/15/2013","41","PM2.5","Yorkville, King Farm","13-223-0003","AQS"
"07/16/2013","50","PM2.5","Yorkville, King Farm","13-223-0003","AQS"
"07/17/2013","84","Ozone","United Avenue","13-121-0055","AQS"
"07/18/2013","108","Ozone","Kennesaw","13-067-0003","AQS"
"07/19/2013","74","Ozone","United Avenue","13-121-0055","AQS"
"07/20/2013","59","PM2.5","Yorkville, King Farm","13-223-0003","AQS"
"07/21/2013","48","PM2.5","Yorkville, King Farm","13-223-0003","AQS"
"07/22/2013","51","PM2.5","South DeKalb","13-089-0002","AQS"
"07/23/2013","43","PM2.5","Yorkville, King Farm","13-223-0003","AQS"
"07/24/2013","57","PM2.5","Yorkville, King Farm","13-223-0003","AQS"
"07/25/2013","115","Ozone","United Avenue","13-121-0055","AQS"
"07/26/2013","65","PM2.5","United Avenue","13-121-0055","AQS"
"07/27/2013","75","PM2.5","United Avenue","13-121-0055","AQS"
"07/28/2013","66","PM2.5","South DeKalb","13-089-0002","AQS"
"07/29/2013","74","Ozone","Conyers","13-247-0001","AQS"
"07/30/2013","177","Ozone","United Avenue","13-121-0055","AQS"
"07/31/2013","55","PM2.5","Yorkville, King Farm","13-223-0003","AQS"
"08/01/2013","54","PM2.5","Yorkville, King Farm","13-223-0003","AQS"
"08/02/2013","74","Ozone","United Avenue","13-121-0055","AQS"
"08/03/2013","71","PM2.5","McDonough","13-151-0002","AQS"
"08/04/2013","63","PM2.5","Yorkville, King Farm","13-223-0003","AQS"
"08/05/2013","66","PM2.5","Forest Park","13-063-0091","AQS"
"08/06/2013","71","Ozone","United Avenue","13-121-0055","AQS"
"08/07/2013","68","PM2.5","Yorkville, King Farm","13-223-0003","AQS"
"08/08/2013","61","PM2.5","Yorkville, King Farm","13-223-0003","AQS"
"08/09/2013","56","PM2.5","McDonough","13-151-0002","AQS"
"08/10/2013","52","PM2.5","United Avenue","13-121-0055","AQS"
"08/11/2013","52","PM2.5","Fire Station #8","13-121-0039","AQS"
"08/12/2013","52","PM2.5","Yorkville, King Farm","13-223-0003","AQS"
"08/13/2013","53","PM2.5","Yorkville, King Farm","13-223-0003","AQS"
"08/14/2013","61","PM2.5","Yorkville, King Farm","13-223-0003","AQS"
"08/15/2013","63","PM2.5","Yorkville, King Farm","13-223-0003","AQS"
"08/16/2013","56","PM2.5","South DeKalb","13-089-0002","AQS"
"08/17/2013","44","PM2.5","South DeKalb","13-089-0002","AQS"
"08/18/2013","38","PM2.5","Yorkville, King Farm","13-223-0003","AQS"
"08/19/2013","42","PM2.5","Yorkville, King Farm","13-223-0003","AQS"
"08/20/2013","52","PM2.5","Yorkville, King Farm","13-223-0003","AQS"
"08/21/2013","55","PM2.5","Yorkville, King Farm","13-223-0003","AQS"
"08/22/2013","50","PM2.5","Kennesaw","13-067-0003","AQS"
"08/23/2013","58","PM2.5","Yorkville, King Farm","13-223-0003","AQS"
"08/24/2013","64","PM2.5","Yorkville, King Farm","13-223-0003","AQS"
"08/25/2013","58","PM2.5","South DeKalb","13-089-0002","AQS"
"08/26/2013","64","Ozone","Douglasville","13-097-0004","AQS"
"08/27/2013","97","Ozone","McDonough","13-151-0002","AQS"
"08/28/2013","84","Ozone","United Avenue","13-121-0055","AQS"
"08/29/2013","105","Ozone","McDonough","13-151-0002","AQS"
"08/30/2013","86","PM2.5","Yorkville, King Farm","13-223-0003","AQS"
"08/31/2013","74","PM2.5","Yorkville, King Farm","13-223-0003","AQS"
"09/01/2013","67","PM2.5","Yorkville, King Farm","13-223-0003","AQS"
"09/02/2013","54","PM2.5","Gwinnett","13-135-0002","AQS"
"09/03/2013","61","Ozone","Conyers","13-247-0001","AQS"
"09/04/2013","105","Ozone","Conyers","13-247-0001","AQS"
"09/05/2013","133","Ozone","United Avenue","13-121-0055","AQS"
"09/06/2013","97","Ozone","Douglasville","13-097-0004","AQS"
"09/07/2013","93","Ozone","United Avenue","13-121-0055","AQS"
"09/08/2013","93","Ozone","McDonough","13-151-0002","AQS"
"09/09/2013","77","PM2.5","Yorkville, King Farm","13-223-0003","AQS"
"09/10/2013","77","PM2.5","Yorkville, King Farm","13-223-0003","AQS"
"09/11/2013","71","Ozone","Douglasville","13-097-0004","AQS"
"09/12/2013","80","Ozone","McDonough","13-151-0002","AQS"
"09/13/2013","61","PM2.5","South DeKalb","13-089-0002","AQS"
"09/14/2013","55","PM2.5","South DeKalb","13-089-0002","AQS"
"09/15/2013","71","PM2.5","Newnan","13-077-0002","AQS"
"09/16/2013","90","Ozone","McDonough","13-151-0002","AQS"
"09/17/2013","66","PM2.5","South DeKalb","13-089-0002","AQS"
"09/18/2013","63","PM2.5","South DeKalb","13-089-0002","AQS"
"09/19/2013","97","Ozone","United Avenue","13-121-0055","AQS"
"09/20/2013","71","Ozone","Dawsonville","13-085-0001","AQS"
"09/21/2013","51","PM2.5","South DeKalb","13-089-0002","AQS"
"09/22/2013","49","PM2.5","Yorkville, King Farm","13-223-0003","AQS"
"09/23/2013","55","PM2.5","South DeKalb","13-089-0002","AQS"
"09/24/2013","55","PM2.5","South DeKalb","13-089-0002","AQS"
"09/25/2013","54","PM2.5","South DeKalb","13-089-0002","AQS"
"09/26/2013","58","PM2.5","South DeKalb","13-089-0002","AQS"
"09/27/2013","64","PM2.5","South DeKalb","13-089-0002","AQS"
"09/28/2013","56","PM2.5","South DeKalb","13-089-0002","AQS"
"09/29/2013","56","PM2.5","South DeKalb","13-089-0002","AQS"
"09/30/2013","58","PM2.5","South DeKalb","13-089-0002","AQS"
"10/01/2013","64","PM2.5","South DeKalb","13-089-0002","AQS"
"10/02/2013","64","PM2.5","South DeKalb","13-089-0002","AQS"
"10/03/2013","70","PM2.5","South DeKalb","13-089-0002","AQS"
"10/04/2013","71","PM2.5","South DeKalb","13-089-0002","AQS"
"10/05/2013","71","PM2.5","South DeKalb","13-089-0002","AQS"
"10/06/2013","57","PM2.5","South DeKalb","13-089-0002","AQS"
"10/07/2013","38","PM2.5","South DeKalb","13-089-0002","AQS"
"10/08/2013","50","PM2.5","South DeKalb","13-089-0002","AQS"
"10/09/2013","54","PM2.5","South DeKalb","13-089-0002","AQS"
"10/10/2013","59","PM2.5","South DeKalb","13-089-0002","AQS"
"10/11/2013","64","PM2.5","South DeKalb","13-089-0002","AQS"
"10/12/2013","61","PM2.5","South DeKalb","13-089-0002","AQS"
"10/13/2013","56","PM2.5","Yorkville, King Farm","13-223-0003","AQS"
"10/14/2013","51","PM2.5","South DeKalb","13-089-0002","AQS"
"10/15/2013","54","PM2.5","South DeKalb","13-089-0002","AQS"
"10/16/2013","60","PM2.5","South DeKalb","13-089-0002","AQS"
"10/17/2013","58","PM2.5","South DeKalb","13-089-0002","AQS"
"10/18/2013","55","PM2.5","South DeKalb","13-089-0002","AQS"
"10/19/2013","61","PM2.5","South DeKalb","13-089-0002","AQS"
"10/20/2013","58","PM2.5","South DeKalb","13-089-0002","AQS"
"10/21/2013","67","PM2.5","South DeKalb","13-089-0002","AQS"
"10/22/2013","69","PM2.5","South DeKalb","13-089-0002","AQS"
"10/23/2013","58","PM2.5","South DeKalb","13-089-0002","AQS"
"10/24/2013","56","PM2.5","South DeKalb","13-089-0002","AQS"
"10/25/2013","57","PM2.5","South DeKalb","13-089-0002","AQS"
"10/26/2013","68","PM2.5","South DeKalb","13-089-0002","AQS"
"10/27/2013","69","PM2.5","South DeKalb","13-089-0002","AQS"
"10/28/2013","71","PM2.5","South DeKalb","13-089-0002","AQS"
"10/29/2013","75","PM2.5","South DeKalb","13-089-0002","AQS"
"10/30/2013","76","PM2.5","South DeKalb","13-089-0002","AQS"
"10/31/2013","68","PM2.5","South DeKalb","13-089-0002","AQS"
"11/01/2013","53","PM2.5","South DeKalb","13-089-0002","AQS"
"11/02/2013","57","PM2.5","South DeKalb","13-089-0002","AQS"
"11/03/2013","62","PM2.5","South DeKalb","13-089-0002","AQS"
"11/04/2013","62","PM2.5","South DeKalb","13-089-0002","AQS"
"11/05/2013","58","PM2.5","South DeKalb","13-089-0002","AQS"
"11/06/2013","59","PM2.5","South DeKalb","13-089-0002","AQS"
"11/07/2013","42","PM2.5","South DeKalb","13-089-0002","AQS"
"11/08/2013","39","PM2.5","South DeKalb","13-089-0002","AQS"
"11/09/2013","62","PM2.5","Kennesaw","13-067-0003","AQS"
"11/10/2013","65","PM2.5","Kennesaw","13-067-0003","AQS"
"11/11/2013","56","PM2.5","South DeKalb","13-089-0002","AQS"
"11/12/2013","58","PM2.5","South DeKalb","13-089-0002","AQS"
"11/13/2013","46","PM2.5","South DeKalb","13-089-0002","AQS"
"11/14/2013","63","PM2.5","Kennesaw","13-067-0003","AQS"
"11/15/2013","78","PM2.5","Fire Station #8","13-121-0039","AQS"
"11/16/2013","74","PM2.5","Kennesaw","13-067-0003","AQS"
"11/17/2013","55","PM2.5","Kennesaw","13-067-0003","AQS"
"11/18/2013","37","Ozone","Georgia Station","13-231-9991","AQS"
"11/19/2013","63","PM2.5","Gwinnett","13-135-0002","AQS"
"11/20/2013","53","PM2.5","Yorkville, King Farm","13-223-0003","AQS"
"11/21/2013","56","PM2.5","Yorkville, King Farm","13-223-0003","AQS"
"11/22/2013","70","PM2.5","Kennesaw","13-067-0003","AQS"
"11/23/2013","52","PM2.5","South DeKalb","13-089-0002","AQS"
"11/24/2013","49","PM2.5","South DeKalb","13-089-0002","AQS"
"11/25/2013","56","PM2.5","South DeKalb","13-089-0002","AQS"
"11/26/2013","37","PM2.5","South DeKalb","13-089-0002","AQS"
"11/27/2013","51","PM2.5","South DeKalb","13-089-0002","AQS"
"11/28/2013","64","PM2.5","South DeKalb","13-089-0002","AQS"
"11/29/2013","76","PM2.5","South DeKalb","13-089-0002","AQS"
"11/30/2013","69","PM2.5","South DeKalb","13-089-0002","AQS"
"12/01/2013","66","PM2.5","South DeKalb","13-089-0002","AQS"
"12/02/2013","78","PM2.5","Kennesaw","13-067-0003","AQS"
"12/03/2013","67","PM2.5","Kennesaw","13-067-0003","AQS"
"12/04/2013","55","PM2.5","Yorkville, King Farm","13-223-0003","AQS"
"12/05/2013","36","PM2.5","Kennesaw","13-067-0003","AQS"
"12/06/2013","51","PM2.5","Kennesaw","13-067-0003","AQS"
"12/07/2013","39","PM2.5","South DeKalb","13-089-0002","AQS"
"12/08/2013","21","PM2.5","Yorkville, King Farm","13-223-0003","AQS"
"12/09/2013","23","PM2.5","Fire Station #8","13-121-0039","AQS"
"12/10/2013","36","PM2.5","South DeKalb","13-089-0002","AQS"
"12/11/2013","63","PM2.5","South DeKalb","13-089-0002","AQS"
"12/12/2013","56","PM2.5","South DeKalb","13-089-0002","AQS"
"12/13/2013","60","PM2.5","South DeKalb","13-089-0002","AQS"
"12/14/2013","55","PM2.5","Kennesaw","13-067-0003","AQS"
"12/15/2013","48","PM2.5","Yorkville, King Farm","13-223-0003","AQS"
"12/16/2013","61","PM2.5","South DeKalb","13-089-0002","AQS"
"12/17/2013","61","PM2.5","South DeKalb","13-089-0002","AQS"
"12/18/2013","47","PM2.5","Fire Station #8","13-121-0039","AQS"
"12/19/2013","71","PM2.5","South DeKalb","13-089-0002","AQS"
"12/20/2013","71","PM2.5","McDonough","13-151-0002","AQS"
"12/21/2013","58","PM2.5","South DeKalb","13-089-0002","AQS"
"12/22/2013","29","Ozone","Georgia Station","13-231-9991","AQS"
"12/23/2013","31","Ozone","Georgia Station","13-231-9991","AQS"
"12/24/2013","52","PM2.5","South DeKalb","13-089-0002","AQS"
"12/25/2013","58","PM2.5","South DeKalb","13-089-0002","AQS"
"12/26/2013","56","PM2.5","South DeKalb","13-089-0002","AQS"
"12/27/2013","70","PM2.5","Fire Station #8","13-121-0039","AQS"
"12/28/2013","69","PM2.5","Kennesaw","13-067-0003","AQS"
"12/29/2013","29","Ozone","Georgia Station","13-231-9991","AQS"
"12/30/2013","60","PM2.5","Fire Station #8","13-121-0039","AQS"
"12/31/2013","56","PM2.5","South DeKalb","13-089-0002","AQS"
"01/01/2014","76","PM2.5","South DeKalb","13-089-0002","AQS"
"01/02/2014","55","PM2.5","South DeKalb","13-089-0002","AQS"
"01/03/2014","59","PM2.5","South DeKalb","13-089-0002","AQS"
"01/04/2014","63","PM2.5","South DeKalb","13-089-0002","AQS"
"01/05/2014","72","PM2.5","Fire Station #8","13-121-0039","AQS"
"01/06/2014","45","PM2.5","South DeKalb","13-089-0002","AQS"
"01/07/2014","53","PM2.5","South DeKalb","13-089-0002","AQS"
"01/08/2014","65","PM2.5","Fire Station #8","13-121-0039","AQS"
"01/09/2014","65","PM2.5","South DeKalb","13-089-0002","AQS"
"01/10/2014","43","PM2.5","South DeKalb","13-089-0002","AQS"
"01/11/2014","33","Ozone","Georgia Station","13-231-9991","AQS"
"01/12/2014","34","PM2.5","Kennesaw","13-067-0003","AQS"
"01/13/2014","57","PM2.5","South DeKalb","13-089-0002","AQS"
"01/14/2014","37","PM2.5","South DeKalb","13-089-0002","AQS"
"01/15/2014","47","PM2.5","South DeKalb","13-089-0002","AQS"
"01/16/2014","53","PM2.5","South DeKalb","13-089-0002","AQS"
"01/17/2014","54","PM2.5","South DeKalb","13-089-0002","AQS"
"01/18/2014","41","PM2.5","South DeKalb","13-089-0002","AQS"
"01/19/2014","48","PM2.5","Kennesaw","13-067-0003","AQS"
"01/20/2014","59","PM2.5","Fire Station #8","13-121-0039","AQS"
"01/21/2014","53","PM2.5","South DeKalb","13-089-0002","AQS"
"01/22/2014","41","PM2.5","South DeKalb","13-089-0002","AQS"
"01/23/2014","60","PM2.5","South DeKalb","13-089-0002","AQS"
"01/24/2014","55","PM2.5","South DeKalb","13-089-0002","AQS"
"01/25/2014","69","PM2.5","South DeKalb","13-089-0002","AQS"
"01/26/2014","55","PM2.5","South DeKalb","13-089-0002","AQS"
"01/27/2014","57","PM2.5","South DeKalb","13-089-0002","AQS"
"01/28/2014","52","PM2.5","South DeKalb","13-089-0002","AQS"
"01/29/2014","61","PM2.5","South DeKalb","13-089-0002","AQS"
"01/30/2014","76","PM2.5","South DeKalb","13-089-0002","AQS"
"01/31/2014","80","PM2.5","South DeKalb","13-089-0002","AQS"
"02/01/2014","72","PM2.5","South DeKalb","13-089-0002","AQS"
"02/02/2014","51","PM2.5","South DeKalb","13-089-0002","AQS"
"02/03/2014","27","PM2.5","McDonough","13-151-0002","AQS"
"02/04/2014","38","PM2.5","South DeKalb","13-089-0002","AQS"
"02/05/2014","34","PM2.5","Yorkville, King Farm","13-223-0003","AQS"
"02/06/2014","67","PM2.5","South DeKalb","13-089-0002","AQS"
"02/07/2014","70","PM2.5","South DeKalb","13-089-0002","AQS"
"02/08/2014","62","PM2.5","South DeKalb","13-089-0002","AQS"
"02/09/2014","63","PM2.5","South DeKalb","13-089-0002","AQS"
"02/10/2014","66","PM2.5","South DeKalb","13-089-0002","AQS"
"02/11/2014","56","PM2.5","Yorkville, King Farm","13-223-0003","AQS"
"02/12/2014","62","PM2.5","South DeKalb","13-089-0002","AQS"
"02/13/2014","55","PM2.5","South DeKalb","13-089-0002","AQS"
"02/14/2014","59","PM2.5","South DeKalb","13-089-0002","AQS"
"02/15/2014","52","PM2.5","South DeKalb","13-089-0002","AQS"
"02/16/2014","78","PM2.5","South DeKalb","13-089-0002","AQS"
"02/17/2014","60","PM2.5","South DeKalb","13-089-0002","AQS"
"02/18/2014","57","PM2.5","South DeKalb","13-089-0002","AQS"
"02/19/2014","57","PM2.5","Fire Station #8","13-121-0039","AQS"
"02/20/2014","53","PM2.5","Gwinnett","13-135-0002","AQS"
"02/21/2014","40","Ozone","Georgia Station","13-231-9991","AQS"
"02/22/2014","43","PM2.5","South DeKalb","13-089-0002","AQS"
"02/23/2014","59","PM2.5","South DeKalb","13-089-0002","AQS"
"02/24/2014","49","PM2.5","Yorkville, King Farm","13-223-0003","AQS"
"02/25/2014","55","PM2.5","McDonough","13-151-0002","AQS"
"02/26/2014","56","PM2.5","South DeKalb","13-089-0002","AQS"
"02/27/2014","53","PM2.5","South DeKalb","13-089-0002","AQS"
"02/28/2014","64","PM2.5","South DeKalb","13-089-0002","AQS"
"03/01/2014","69","PM2.5","Kennesaw","13-067-0003","AQS"
"03/02/2014","79","PM2.5","McDonough","13-151-0002","AQS"
"03/03/2014","52","PM2.5","Forest Park","13-063-0091","AQS"
"03/04/2014","54","PM2.5","South DeKalb","13-089-0002","AQS"
"03/05/2014","51","PM2.5","South DeKalb","13-089-0002","AQS"
"03/06/2014","57","PM2.5","South DeKalb","13-089-0002","AQS"
"03/07/2014","51","PM2.5","Yorkville, King Farm","13-223-0003","AQS"
"03/08/2014","60","PM2.5","South DeKalb","13-089-0002","AQS"
"03/09/2014","61","PM2.5","South DeKalb","13-089-0002","AQS"
"03/10/2014","66","PM2.5","Kennesaw","13-067-0003","AQS"
"03/11/2014","104","PM2.5","Newnan","13-077-0002","AQS"
"03/12/2014","55","PM2.5","South DeKalb","13-089-0002","AQS"
"03/13/2014","48","Ozone","Douglasville","13-097-0004","AQS"
"03/14/2014","76","PM2.5","McDonough","13-151-0002","AQS"
"03/15/2014","77","PM2.5","South DeKalb","13-089-0002","AQS"
"03/16/2014","60","PM2.5","Kennesaw","13-067-0003","AQS"
"03/17/2014","35","Ozone","Georgia Station","13-231-9991","AQS"
"03/18/2014","42","PM2.5","South DeKalb","13-089-0002","AQS"
"03/19/2014","50","PM2.5","Yorkville, King Farm","13-223-0003","AQS"
"03/20/2014","54","PM2.5","Kennesaw","13-067-0003","AQS"
"03/21/2014","80","Ozone","Georgia Station","13-231-9991","AQS"
"03/22/2014","93","Ozone","Conyers","13-247-0001","AQS"
"03/23/2014","70","PM2.5","South DeKalb","13-089-0002","AQS"
"03/24/2014","59","PM2.5","South DeKalb","13-089-0002","AQS"
"03/25/2014","59","PM2.5","South DeKalb","13-089-0002","AQS"
"03/26/2014","56","PM2.5","South DeKalb","13-089-0002","AQS"
"03/27/2014","80","Ozone","Dawsonville","13-085-0001","AQS"
"03/28/2014","55","PM2.5","Yorkville, King Farm","13-223-0003","AQS"
"03/29/2014","38","Ozone","Douglasville","13-097-0004","AQS"
"03/30/2014","48","PM2.5","Yorkville, King Farm","13-223-0003","AQS"
"03/31/2014","55","PM2.5","South DeKalb","13-089-0002","AQS"
"04/01/2014","77","Ozone","Georgia Station","13-231-9991","AQS"
"04/02/2014","72","PM2.5","Fire Station #8","13-121-0039","AQS"
"04/03/2014","66","PM2.5","South DeKalb","13-089-0002","AQS"
"04/04/2014","47","PM2.5","Yorkville, King Farm","13-223-0003","AQS"
"04/05/2014","54","PM2.5","South DeKalb","13-089-0002","AQS"
"04/06/2014","58","PM2.5","Yorkville, King Farm","13-223-0003","AQS"
"04/07/2014","38","Ozone","Douglasville","13-097-0004","AQS"
"04/08/2014","51","PM2.5","Yorkville, King Farm","13-223-0003","AQS"
"04/09/2014","55","PM2.5","South DeKalb","13-089-0002","AQS"
"04/10/2014","71","Ozone","Dawsonville","13-085-0001","AQS"
"04/11/2014","77","Ozone","Dawsonville","13-085-0001","AQS"
"04/12/2014","87","Ozone","Dawsonville","13-085-0001","AQS"
"04/13/2014","63","PM2.5","South DeKalb","13-089-0002","AQS"
"04/14/2014","49","PM2.5","Yorkville, King Farm","13-223-0003","AQS"
"04/15/2014","39","Ozone","Douglasville","13-097-0004","AQS"
"04/16/2014","47","PM2.5","Yorkville, King Farm","13-223-0003","AQS"
"04/17/2014","56","PM2.5","South DeKalb","13-089-0002","AQS"
"04/18/2014","57","PM2.5","South DeKalb","13-089-0002","AQS"
"04/19/2014","49","Ozone","Douglasville","13-097-0004","AQS"
"04/20/2014","80","Ozone","Douglasville","13-097-0004","AQS"
"04/21/2014","97","Ozone","Conyers","13-247-0001","AQS"
"04/22/2014","63","PM2.5","Newnan","13-077-0002","AQS"
"04/23/2014","84","Ozone","Georgia Station","13-231-9991","AQS"
"04/24/2014","93","Ozone","Dawsonville","13-085-0001","AQS"
"04/25/2014","55","PM2.5","Kennesaw","13-067-0003","AQS"
"04/26/2014","74","Ozone","Georgia Station","13-231-9991","AQS"
"04/27/2014","70","PM2.5","Newnan","13-077-0002","AQS"
"04/28/2014","62","PM2.5","Yorkville, King Farm","13-223-0003","AQS"
"04/29/2014","45","PM2.5","Yorkville, King Farm","13-223-0003","AQS"
"04/30/2014","45","Ozone","Georgia Station","13-231-9991","AQS"
"05/01/2014","43","Ozone","Douglasville","13-097-0004","AQS"
"05/02/2014","64","Ozone","Conyers","13-247-0001","AQS"
"05/03/2014","67","Ozone","Conyers","13-247-0001","AQS"
"05/04/2014","84","Ozone","Conyers","13-247-0001","AQS"
"05/05/2014","84","Ozone","Conyers","13-247-0001","AQS"
"05/06/2014","105","Ozone","Gwinnett","13-135-0002","AQS"
"05/07/2014","101","Ozone","Dawsonville","13-085-0001","AQS"
"05/08/2014","100","Ozone","Dawsonville","13-085-0001","AQS"
"05/09/2014","58","PM2.5","Yorkville, King Farm","13-223-0003","AQS"
"05/10/2014","52","PM2.5","Yorkville, King Farm","13-223-0003","AQS"
"05/11/2014","55","PM2.5","Fire Station #8","13-121-0039","AQS"
"05/12/2014","61","PM2.5","Gwinnett","13-135-0002","AQS"
"05/13/2014","64","PM2.5","Gwinnett","13-135-0002","AQS"
"05/14/2014","55","PM2.5","Yorkville, King Farm","13-223-0003","AQS"
"05/15/2014","34","Ozone","Douglasville","13-097-0004","AQS"
"05/16/2014","58","Ozone","Douglasville","13-097-0004","AQS"
"05/17/2014","58","PM2.5","South DeKalb","13-089-0002","AQS"
"05/18/2014","45","Ozone","Georgia Station","13-231-9991","AQS"
"05/19/2014","52","PM2.5","Yorkville, King Farm","13-223-0003","AQS"
"05/20/2014","61","PM2.5","South DeKalb","13-089-0002","AQS"
"05/21/2014","71","Ozone","Douglasville","13-097-0004","AQS"
"05/22/2014","71","PM2.5","Yorkville, King Farm","13-223-0003","AQS"
"05/23/2014","84","Ozone","Conyers","13-247-0001","AQS"
"05/24/2014","74","Ozone","McDonough","13-151-0002","AQS"
"05/25/2014","75","PM2.5","United Avenue","13-121-0055","AQS"
"05/26/2014","63","PM2.5","Yorkville, King Farm","13-223-0003","AQS"
"05/27/2014","71","Ozone","Gwinnett","13-135-0002","AQS"
"05/28/2014","63","PM2.5","United Avenue","13-121-0055","AQS"
"05/29/2014","59","PM2.5","Fire Station #8","13-121-0039","AQS"
"05/30/2014","57","PM2.5","Yorkville, King Farm","13-223-0003","AQS"
"05/31/2014","71","Ozone","Douglasville","13-097-0004","AQS"
"06/01/2014","57","PM2.5","Yorkville, King Farm","13-223-0003","AQS"
"06/02/2014","55","PM2.5","Yorkville, King Farm","13-223-0003","AQS"
"06/03/2014","53","PM2.5","Yorkville, King Farm","13-223-0003","AQS"
"06/04/2014","57","PM2.5","Fire Station #8","13-121-0039","AQS"
"06/05/2014","55","PM2.5","Yorkville, King Farm","13-223-0003","AQS"
"06/06/2014","42","PM2.5","Yorkville, King Farm","13-223-0003","AQS"
"06/07/2014","74","Ozone","McDonough","13-151-0002","AQS"
"06/08/2014","48","PM2.5","Yorkville, King Farm","13-223-0003","AQS"
"06/09/2014","56","PM2.5","Yorkville, King Farm","13-223-0003","AQS"
"06/10/2014","35","PM2.5","Forest Park","13-063-0091","AQS"
"06/11/2014","39","PM2.5","Kennesaw","13-067-0003","AQS"
"06/12/2014","50","PM2.5","Yorkville, King Farm","13-223-0003","AQS"
"06/13/2014","55","PM2.5","Forest Park","13-063-0091","AQS"
"06/14/2014","87","Ozone","Conyers","13-247-0001","AQS"
"06/15/2014","63","PM2.5","United Avenue","13-121-0055","AQS"
"06/16/2014","136","Ozone","Conyers","13-247-0001","AQS"
"06/17/2014","108","Ozone","United Avenue","13-121-0055","AQS"
"06/18/2014","108","Ozone","United Avenue","13-121-0055","AQS"
"06/19/2014","129","Ozone","Conyers","13-247-0001","AQS"
"06/20/2014","67","Ozone","McDonough","13-151-0002","AQS"
"06/21/2014","61","PM2.5","Yorkville, King Farm","13-223-0003","AQS"
"06/22/2014","67","Ozone","McDonough","13-151-0002","AQS"
"06/23/2014","63","PM2.5","Kennesaw","13-067-0003","AQS"
"06/24/2014","80","PM2.5","Yorkville, King Farm","13-223-0003","AQS"
"06/25/2014","65","PM2.5","Yorkville, King Farm","13-223-0003","AQS"
"06/26/2014","53","PM2.5","Yorkville, King Farm","13-223-0003","AQS"
"06/27/2014","56","PM2.5","Gwinnett","13-135-0002","AQS"
"06/28/2014","56","PM2.5","Yorkville, King Farm","13-223-0003","AQS"
"06/29/2014","55","PM2.5","Yorkville, King Farm","13-223-0003","AQS"
"06/30/2014","59","PM2.5","Yorkville, King Farm","13-223-0003","AQS"
"07/01/2014","95","PM2.5","Yorkville, King Farm","13-223-0003","AQS"
"07/02/2014","122","Ozone","McDonough","13-151-0002","AQS"
"07/03/2014","74","Ozone","Conyers","13-247-0001","AQS"
"07/04/2014","79","PM2.5","Yorkville, King Farm","13-223-0003","AQS"
"07/05/2014","57","PM2.5","Yorkville, King Farm","13-223-0003","AQS"
"07/06/2014","69","PM2.5","Yorkville, King Farm","13-223-0003","AQS"
"07/07/2014","69","PM2.5","Fire Station #8","13-121-0039","AQS"
"07/08/2014","74","PM2.5","Yorkville, King Farm","13-223-0003","AQS"
"07/09/2014","63","PM2.5","Yorkville, King Farm","13-223-0003","AQS"
"07/10/2014","87","PM2.5","South DeKalb","13-089-0002","AQS"
"07/11/2014","57","PM2.5","Yorkville, King Farm","13-223-0003","AQS"
"07/12/2014","63","PM2.5","Yorkville, King Farm","13-223-0003","AQS"
"07/13/2014","64","Ozone","United Avenue","13-121-0055","AQS"
"07/14/2014","64","PM2.5","Yorkville, King Farm","13-223-0003","AQS"
"07/15/2014","53","PM2.5","South DeKalb","13-089-0002","AQS"
"07/16/2014","77","Ozone","McDonough","13-151-0002","AQS"
"07/17/2014","126","Ozone","Douglasville","13-097-0004","AQS"
"07/18/2014","69","PM2.5","Yorkville, King Farm","13-223-0003","AQS"
"07/19/2014","59","PM2.5","Yorkville, King Farm","13-223-0003","AQS"
"07/20/2014","53","PM2.5","Yorkville, King Farm","13-223-0003","AQS"
"07/21/2014","55","PM2.5","Yorkville, King Farm","13-223-0003","AQS"
"07/22/2014","54","PM2.5","Yorkville, King Farm","13-223-0003","AQS"
"07/23/2014","54","PM2.5","Yorkville, King Farm","13-223-0003","AQS"
"07/24/2014","58","PM2.5","South DeKalb","13-089-0002","AQS"
"07/25/2014","63","PM2.5","McDonough","13-151-0002","AQS"
"07/26/2014","80","Ozone","Gwinnett","13-135-0002","AQS"
"07/27/2014","72","PM2.5","Yorkville, King Farm","13-223-0003","AQS"
"07/28/2014","68","PM2.5","South DeKalb","13-089-0002","AQS"
"07/29/2014","52","PM2.5","Yorkville, King Farm","13-223-0003","AQS"
"07/30/2014","108","Ozone","Newnan","13-077-0002","AQS"
"07/31/2014","65","PM2.5","Yorkville, King Farm","13-223-0003","AQS"
"08/01/2014","52","PM2.5","Yorkville, King Farm","13-223-0003","AQS"
"08/02/2014","51","Ozone","Douglasville","13-097-0004","AQS"
"08/03/2014","67","Ozone","Newnan","13-077-0002","AQS"
"08/04/2014","93","Ozone","Newnan","13-077-0002","AQS"
"08/05/2014","112","Ozone","McDonough","13-151-0002","AQS"
"08/06/2014","122","Ozone","Conyers","13-247-0001","AQS"
"08/07/2014","150","Ozone","Conyers","13-247-0001","AQS"
"08/08/2014","61","PM2.5","Yorkville, King Farm","13-223-0003","AQS"
"08/09/2014","58","PM2.5","Forest Park","13-063-0091","AQS"
"08/10/2014","60","PM2.5","Yorkville, King Farm","13-223-0003","AQS"
"08/11/2014","63","PM2.5","Yorkville, King Farm","13-223-0003","AQS"
"08/12/2014","59","PM2.5","Yorkville, King Farm","13-223-0003","AQS"
"08/13/2014","74","Ozone","Conyers","13-247-0001","AQS"
"08/14/2014","108","Ozone","Douglasville","13-097-0004","AQS"
"08/15/2014","159","Ozone","McDonough","13-151-0002","AQS"
"08/16/2014","87","Ozone","Conyers","13-247-0001","AQS"
"08/17/2014","71","PM2.5","Yorkville, King Farm","13-223-0003","AQS"
"08/18/2014","55","PM2.5","Forest Park","13-063-0091","AQS"
"08/19/2014","60","PM2.5","Yorkville, King Farm","13-223-0003","AQS"
"08/20/2014","63","PM2.5","Yorkville, King Farm","13-223-0003","AQS"
"08/21/2014","68","PM2.5","South DeKalb","13-089-0002","AQS"
"08/22/2014","66","PM2.5","Yorkville, King Farm","13-223-0003","AQS"
"08/23/2014","68","PM2.5","Yorkville, King Farm","13-223-0003","AQS"
"08/24/2014","65","PM2.5","Yorkville, King Farm","13-223-0003","AQS"
"08/25/2014","52","PM2.5","Kennesaw","13-067-0003","AQS"
"08/26/2014","61","Ozone","United Avenue","13-121-0055","AQS"
"08/27/2014","108","Ozone","Georgia Station","13-231-9991","AQS"
"08/28/2014","108","Ozone","Kennesaw","13-067-0003","AQS"
"08/29/2014","119","Ozone","Kennesaw","13-067-0003","AQS"
"08/30/2014","64","PM2.5","Yorkville, King Farm","13-223-0003","AQS"
"08/31/2014","51","PM2.5","Yorkville, King Farm","13-223-0003","AQS"
"09/01/2014","63","PM2.5","United Avenue","13-121-0055","AQS"
"09/02/2014","57","PM2.5","Forest Park","13-063-0091","AQS"
"09/03/2014","49","PM2.5","Kennesaw","13-067-0003","AQS"
"09/04/2014","53","PM2.5","Yorkville, King Farm","13-223-0003","AQS"
"09/05/2014","56","PM2.5","Kennesaw","13-067-0003","AQS"
"09/06/2014","54","PM2.5","Kennesaw","13-067-0003","AQS"
"09/07/2014","54","PM2.5","Yorkville, King Farm","13-223-0003","AQS"
"09/08/2014","46","PM2.5","Yorkville, King Farm","13-223-0003","AQS"
"09/09/2014","58","PM2.5","Fire Station #8","13-121-0039","AQS"
"09/10/2014","48","PM2.5","Kennesaw","13-067-0003","AQS"
"09/11/2014","54","PM2.5","Forest Park","13-063-0091","AQS"
"09/12/2014","53","PM2.5","McDonough","13-151-0002","AQS"
"09/13/2014","51","PM2.5","South DeKalb","13-089-0002","AQS"
"09/14/2014","62","PM2.5","Yorkville, King Farm","13-223-0003","AQS"
"09/15/2014","70","PM2.5","South DeKalb","13-089-0002","AQS"
"09/16/2014","63","PM2.5","South DeKalb","13-089-0002","AQS"
"09/17/2014","57","PM2.5","South DeKalb","13-089-0002","AQS"
"09/18/2014","74","Ozone","United Avenue","13-121-0055","AQS"
"09/19/2014","63","PM2.5","South DeKalb","13-089-0002","AQS"
"09/20/2014","64","PM2.5","United Avenue","13-121-0055","AQS"
"09/21/2014","61","PM2.5","South DeKalb","13-089-0002","AQS"
"09/22/2014","55","PM2.5","South DeKalb","13-089-0002","AQS"
"09/23/2014","54","PM2.5","South DeKalb","13-089-0002","AQS"
"09/24/2014","54","PM2.5","South DeKalb","13-089-0002","AQS"
"09/25/2014","42","PM2.5","South DeKalb","13-089-0002","AQS"
"09/26/2014","42","PM2.5","South DeKalb","13-089-0002","AQS"
"09/27/2014","52","PM2.5","South DeKalb","13-089-0002","AQS"
"09/28/2014","55","PM2.5","South DeKalb","13-089-0002","AQS"
"09/29/2014","55","PM2.5","Yorkville, King Farm","13-223-0003","AQS"
"09/30/2014","45","PM2.5","South DeKalb","13-089-0002","AQS"
"10/01/2014","59","PM2.5","Kennesaw","13-067-0003","AQS"
"10/02/2014","61","PM2.5","South DeKalb","13-089-0002","AQS"
"10/03/2014","52","PM2.5","South DeKalb","13-089-0002","AQS"
"10/04/2014","52","PM2.5","South DeKalb","13-089-0002","AQS"
"10/05/2014","54","PM2.5","South DeKalb","13-089-0002","AQS"
"10/06/2014","57","PM2.5","South DeKalb","13-089-0002","AQS"
"10/07/2014","58","PM2.5","South DeKalb","13-089-0002","AQS"
"10/08/2014","62","PM2.5","South DeKalb","13-089-0002","AQS"
"10/09/2014","71","PM2.5","South DeKalb","13-089-0002","AQS"
"10/10/2014","62","PM2.5","South DeKalb","13-089-0002","AQS"
"10/11/2014","63","PM2.5","South DeKalb","13-089-0002","AQS"
"10/12/2014","58","PM2.5","McDonough","13-151-0002","AQS"
"10/13/2014","54","PM2.5","Yorkville, King Farm","13-223-0003","AQS"
"10/14/2014","31","PM2.5","Yorkville, King Farm","13-223-0003","AQS"
"10/15/2014","54","PM2.5","South DeKalb","13-089-0002","AQS"
"10/16/2014","52","PM2.5","South DeKalb","13-089-0002","AQS"
"10/17/2014","60","PM2.5","South DeKalb","13-089-0002","AQS"
"10/18/2014","63","PM2.5","South DeKalb","13-089-0002","AQS"
"10/19/2014","56","PM2.5","South DeKalb","13-089-0002","AQS"
"10/20/2014","64","PM2.5","South DeKalb","13-089-0002","AQS"
"10/21/2014","61","PM2.5","South DeKalb","13-089-0002","AQS"
"10/22/2014","52","PM2.5","South DeKalb","13-089-0002","AQS"
"10/23/2014","57","PM2.5","South DeKalb","13-089-0002","AQS"
"10/24/2014","64","PM2.5","South DeKalb","13-089-0002","AQS"
"10/25/2014","61","PM2.5","South DeKalb","13-089-0002","AQS"
"10/26/2014","69","PM2.5","Yorkville, King Farm","13-223-0003","AQS"
"10/27/2014","79","PM2.5","South DeKalb","13-089-0002","AQS"
"10/28/2014","78","PM2.5","South DeKalb","13-089-0002","AQS"
"10/29/2014","59","PM2.5","South DeKalb","13-089-0002","AQS"
"10/30/2014","55","PM2.5","South DeKalb","13-089-0002","AQS"
"10/31/2014","57","PM2.5","South DeKalb","13-089-0002","AQS"
"11/01/2014","52","PM2.5","South DeKalb","13-089-0002","AQS"
"11/02/2014","56","PM2.5","South DeKalb","13-089-0002","AQS"
"11/03/2014","69","PM2.5","South DeKalb","13-089-0002","AQS"
"11/04/2014","75","PM2.5","South DeKalb","13-089-0002","AQS"
"11/05/2014","75","PM2.5","South DeKalb","13-089-0002","AQS"
"11/06/2014","57","PM2.5","South DeKalb","13-089-0002","AQS"
"11/07/2014","55","PM2.5","South DeKalb","13-089-0002","AQS"
"11/08/2014","64","PM2.5","South DeKalb","13-089-0002","AQS"
"11/09/2014","68","PM2.5","South DeKalb","13-089-0002","AQS"
"11/10/2014","75","PM2.5","South DeKalb","13-089-0002","AQS"
"11/11/2014","80","PM2.5","South DeKalb","13-089-0002","AQS"
"11/12/2014","70","PM2.5","South DeKalb","13-089-0002","AQS"
"11/13/2014","65","PM2.5","South DeKalb","13-089-0002","AQS"
"11/14/2014","79","PM2.5","South DeKalb","13-089-0002","AQS"
"11/15/2014","76","PM2.5","South DeKalb","13-089-0002","AQS"
"11/16/2014","65","PM2.5","Kennesaw","13-067-0003","AQS"
"11/17/2014","43","PM2.5","South DeKalb","13-089-0002","AQS"
"11/18/2014","59","PM2.5","South DeKalb","13-089-0002","AQS"
"11/19/2014","67","PM2.5","South DeKalb","13-089-0002","AQS"
"11/20/2014","73","PM2.5","South DeKalb","13-089-0002","AQS"
"11/21/2014","73","PM2.5","South DeKalb","13-089-0002","AQS"
"11/22/2014","67","PM2.5","South DeKalb","13-089-0002","AQS"
"11/23/2014","48","PM2.5","South DeKalb","13-089-0002","AQS"
"11/24/2014","55","PM2.5","South DeKalb","13-089-0002","AQS"
"11/25/2014","54","PM2.5","South DeKalb","13-089-0002","AQS"
"11/26/2014","58","PM2.5","South DeKalb","13-089-0002","AQS"
"11/27/2014","57","PM2.5","South DeKalb","13-089-0002","AQS"
"11/28/2014","69","PM2.5","South DeKalb","13-089-0002","AQS"
"11/29/2014","74","PM2.5","South DeKalb","13-089-0002","AQS"
"11/30/2014","65","PM2.5","South DeKalb","13-089-0002","AQS"
"12/01/2014","66","PM2.5","Fire Station #8","13-121-0039","AQS"
"12/02/2014","69","PM2.5","South DeKalb","13-089-0002","AQS"
"12/03/2014","71","PM2.5","South DeKalb","13-089-0002","AQS"
"12/04/2014","73","PM2.5","South DeKalb","13-089-0002","AQS"
"12/05/2014","69","PM2.5","South DeKalb","13-089-0002","AQS"
"12/06/2014","52","PM2.5","South DeKalb","13-089-0002","AQS"
"12/07/2014","53","PM2.5","South DeKalb","13-089-0002","AQS"
"12/08/2014","57","PM2.5","South DeKalb","13-089-0002","AQS"
"12/09/2014","52","PM2.5","Kennesaw","13-067-0003","AQS"
"12/10/2014","56","PM2.5","South DeKalb","13-089-0002","AQS"
"12/11/2014","61","PM2.5","South DeKalb","13-089-0002","AQS"
"12/12/2014","65","PM2.5","South DeKalb","13-089-0002","AQS"
"12/13/2014","63","PM2.5","South DeKalb","13-089-0002","AQS"
"12/14/2014","75","PM2.5","South DeKalb","13-089-0002","AQS"
"12/15/2014","85","PM2.5","South DeKalb","13-089-0002","AQS"
"12/16/2014","60","PM2.5","South DeKalb","13-089-0002","AQS"
"12/17/2014","54","PM2.5","South DeKalb","13-089-0002","AQS"
"12/18/2014","61","PM2.5","South DeKalb","13-089-0002","AQS"
"12/19/2014","64","PM2.5","South DeKalb","13-089-0002","AQS"
"12/20/2014","73","PM2.5","South DeKalb","13-089-0002","AQS"
"12/21/2014","76","PM2.5","South DeKalb","13-089-0002","AQS"
"12/22/2014","55","PM2.5","South DeKalb","13-089-0002","AQS"
"12/23/2014","38","PM2.5","South DeKalb","13-089-0002","AQS"
"12/24/2014","31","PM2.5","South DeKalb","13-089-0002","AQS"
"12/25/2014","56","PM2.5","South DeKalb","13-089-0002","AQS"
"12/26/2014","67","PM2.5","South DeKalb","13-089-0002","AQS"
"12/27/2014","69","PM2.5","South DeKalb","13-089-0002","AQS"
"12/28/2014","52","PM2.5","South DeKalb","13-089-0002","AQS"
"12/29/2014","44","NO2","NR-GA Tech","13-121-0056","AQS"
"12/30/2014","43","PM2.5","South DeKalb","13-089-0002","AQS"
"12/31/2014","62","PM2.5","South DeKalb","13-089-0002","AQS"
"01/01/2015","77","PM2.5","South DeKalb","13-089-0002","AQS"
"01/02/2015","65","PM2.5","South DeKalb","13-089-0002","AQS"
"01/03/2015","43","PM2.5","South DeKalb","13-089-0002","AQS"
"01/04/2015","36","PM2.5","South DeKalb","13-089-0002","AQS"
"01/05/2015","57","PM2.5","South DeKalb","13-089-0002","AQS"
"01/06/2015","63","PM2.5","South DeKalb","13-089-0002","AQS"
"01/07/2015","68","PM2.5","NR-GA Tech","13-121-0056","AQS"
"01/08/2015","65","PM2.5","South DeKalb","13-089-0002","AQS"
"01/09/2015","71","PM2.5","South DeKalb","13-089-0002","AQS"
"01/10/2015","66","PM2.5","South DeKalb","13-089-0002","AQS"
"01/11/2015","77","PM2.5","South DeKalb","13-089-0002","AQS"
"01/12/2015","67","PM2.5","NR-GA Tech","13-121-0056","AQS"
"01/13/2015","53","PM2.5","South DeKalb","13-089-0002","AQS"
"01/14/2015","60","PM2.5","South DeKalb","13-089-0002","AQS"
"01/15/2015","72","PM2.5","South DeKalb","13-089-0002","AQS"
"01/16/2015","57","PM2.5","Kennesaw","13-067-0003","AQS"
"01/17/2015","56","PM2.5","Kennesaw","13-067-0003","AQS"
"01/18/2015","51","PM2.5","Fire Station #8","13-121-0039","AQS"
"01/19/2015","46","PM2.5","South DeKalb","13-089-0002","AQS"
"01/20/2015","64","PM2.5","Yorkville, King Farm","13-223-0003","AQS"
"01/21/2015","65","PM2.5","Fire Station #8","13-121-0039","AQS"
"01/22/2015","62","PM2.5","Kennesaw","13-067-0003","AQS"
"01/23/2015","51","PM2.5","NR-GA Tech","13-121-0056","AQS"
"01/24/2015","34","Ozone","Georgia Station","13-231-9991","AQS"
"01/25/2015","42","PM2.5","South DeKalb","13-089-0002","AQS"
"01/26/2015","38","PM2.5","NR-GA Tech","13-121-0056","AQS"
"01/27/2015","51","PM2.5","NR-GA Tech","13-121-0056","AQS"
"01/28/2015","52","PM2.5","NR-GA Tech","13-121-0056","AQS"
"01/29/2015","64","PM2.5","Yorkville, King Farm","13-223-0003","AQS"
"01/30/2015","51","PM2.5","South DeKalb","13-089-0002","AQS"
"01/31/2015","57","PM2.5","NR-GA Tech","13-121-0056","AQS"
"02/01/2015","59","PM2.5","NR-GA Tech","13-121-0056","AQS"
"02/02/2015","38","PM2.5","Yorkville, King Farm","13-223-0003","AQS"
"02/03/2015","53","PM2.5","South DeKalb","13-089-0002","AQS"
"02/04/2015","67","PM2.5","NR-GA Tech","13-121-0056","AQS"
"02/05/2015","54","PM2.5","South DeKalb","13-089-0002","AQS"
"02/06/2015","53","PM2.5","Newnan","13-077-0002","AQS"
"02/07/2015","64","PM2.5","Kennesaw","13-067-0003","AQS"
"02/08/2015","57","PM2.5","South DeKalb","13-089-0002","AQS"
"02/09/2015","57","PM2.5","Yorkville, King Farm","13-223-0003","AQS"
"02/10/2015","43","PM2.5","NR-GA Tech","13-121-0056","AQS"
"02/11/2015","54","PM2.5","NR-GA Tech","13-121-0056","AQS"
"02/12/2015","55","PM2.5","NR-GA Tech","13-121-0056","AQS"
"02/13/2015","51","PM2.5","South DeKalb","13-089-0002","AQS"
"02/14/2015","57","PM2.5","South DeKalb","13-089-0002","AQS"
"02/15/2015","40","PM2.5","Kennesaw","13-067-0003","AQS"
"02/16/2015","53","PM2.5","NR-GA Tech","13-121-0056","AQS"
"02/17/2015","48","PM2.5","NR-GA Tech","13-121-0056","AQS"
"02/18/2015","53","PM2.5","South DeKalb","13-089-0002","AQS"
"02/19/2015","41","PM2.5","Yorkville, King Farm","13-223-0003","AQS"
"02/20/2015","55","PM2.5","South DeKalb","13-089-0002","AQS"
"02/21/2015","60","PM2.5","NR-GA Tech","13-121-0056","AQS"
"02/22/2015","66","PM2.5","NR-GA Tech","13-121-0056","AQS"
"02/23/2015","63","PM2.5","NR-GA Tech","13-121-0056","AQS"
"02/24/2015","63","PM2.5","NR-GA Tech","13-121-0056","AQS"
"02/25/2015","61","PM2.5","NR-GA Tech","13-121-0056","AQS"
"02/26/2015","55","PM2.5","NR-GA Tech","13-121-0056","AQS"
"02/27/2015","68","PM2.5","NR-GA Tech","13-121-0056","AQS"
"02/28/2015","65","PM2.5","NR-GA Tech","13-121-0056","AQS"
"03/01/2015","71","PM2.5","NR-GA Tech","13-121-0056","AQS"
"03/02/2015","62","PM2.5","NR-GA Tech","13-121-0056","AQS"
"03/03/2015","55","PM2.5","NR-GA Tech","13-121-0056","AQS"
"03/04/2015","42","PM2.5","Fire Station #8","13-121-0039","AQS"
"03/05/2015","41","PM2.5","McDonough","13-151-0002","AQS"
"03/06/2015","46","PM2.5","South DeKalb","13-089-0002","AQS"
"03/07/2015","54","PM2.5","South DeKalb","13-089-0002","AQS"
"03/08/2015","71","PM2.5","McDonough","13-151-0002","AQS"
"03/09/2015","61","PM2.5","Yorkville, King Farm","13-223-0003","AQS"
"03/10/2015","60","PM2.5","Fire Station #8","13-121-0039","AQS"
"03/11/2015","60","PM2.5","McDonough","13-151-0002","AQS"
"03/12/2015","51","PM2.5","NR-GA Tech","13-121-0056","AQS"
"03/13/2015","42","PM2.5","South DeKalb","13-089-0002","AQS"
"03/14/2015","36","PM2.5","Yorkville, King Farm","13-223-0003","AQS"
"03/15/2015","46","Ozone","Georgia Station","13-231-9991","AQS"
"03/16/2015","54","PM2.5","Fire Station #8","13-121-0039","AQS"
"03/17/2015","65","PM2.5","Yorkville, King Farm","13-223-0003","AQS"
"03/18/2015","78","PM2.5","McDonough","13-151-0002","AQS"
"03/19/2015","63","PM2.5","NR-GA Tech","13-121-0056","AQS"
"03/20/2015","55","PM2.5","NR-GA Tech","13-121-0056","AQS"
"03/21/2015","50","PM2.5","Yorkville, King Farm","13-223-0003","AQS"
"03/22/2015","44","PM2.5","NR-GA Tech","13-121-0056","AQS"
"03/23/2015","49","PM2.5","NR-GA Tech","13-121-0056","AQS"
"03/24/2015","54","PM2.5","NR-GA Tech","13-121-0056","AQS"
"03/25/2015","48","PM2.5","NR-GA Tech","13-121-0056","AQS"
"03/26/2015","46","Ozone","Dawsonville","13-085-0001","AQS"
"03/27/2015","40","Ozone","Georgia Station","13-231-9991","AQS"
"03/28/2015","46","PM2.5","Yorkville, King Farm","13-223-0003","AQS"
"03/29/2015","54","Ozone","Dawsonville","13-085-0001","AQS"
"03/30/2015","55","PM2.5","Yorkville, King Farm","13-223-0003","AQS"
"03/31/2015","56","PM2.5","Fire Station #8","13-121-0039","AQS"
"04/01/2015","67","Ozone","Conyers","13-247-0001","AQS"
"04/02/2015","63","PM2.5","NR-GA Tech","13-121-0056","AQS"
"04/03/2015","62","PM2.5","Forest Park","13-063-0091","AQS"
"04/04/2015","44","Ozone","Georgia Station","13-231-9991","AQS"
"04/05/2015","46","Ozone","Georgia Station","13-231-9991","AQS"
"04/06/2015","57","PM2.5","Yorkville, King Farm","13-223-0003","AQS"
"04/07/2015","57","PM2.5","NR-GA Tech","13-121-0056","AQS"
"04/08/2015","61","PM2.5","United Avenue","13-121-0055","AQS"
"04/09/2015","67","PM2.5","Newnan","13-077-0002","AQS"
"04/10/2015","52","PM2.5","Yorkville, King Farm","13-223-0003","AQS"
"04/11/2015","58","Ozone","McDonough","13-151-0002","AQS"
"04/12/2015","61","PM2.5","Yorkville, King Farm","13-223-0003","AQS"
"04/13/2015","52","PM2.5","NR-GA Tech","13-121-0056","AQS"
"04/14/2015","51","PM2.5","Yorkville, King Farm","13-223-0003","AQS"
"04/15/2015","50","PM2.5","Yorkville, King Farm","13-223-0003","AQS"
"04/16/2015","33","PM2.5","NR-GA Tech","13-121-0056","AQS"
"04/17/2015","36","PM2.5","NR-GA Tech","13-121-0056","AQS"
"04/18/2015","31","Ozone","Dawsonville","13-085-0001","AQS"
"04/19/2015","32","PM2.5","Yorkville, King Farm","13-223-0003","AQS"
"04/20/2015","50","Ozone","Yorkville, King Farm","13-223-0003","AQS"
"04/21/2015","46","Ozone","Dawsonville","13-085-0001","AQS"
"04/22/2015","58","PM2.5","NR-GA Tech","13-121-0056","AQS"
"04/23/2015","48","PM2.5","McDonough","13-151-0002","AQS"
"04/24/2015","93","Ozone","Dawsonville","13-085-0001","AQS"
"04/25/2015","64","PM2.5","Yorkville, King Farm","13-223-0003","AQS"
"04/26/2015","54","PM2.5","United Avenue","13-121-0055","AQS"
"04/27/2015","50","PM2.5","Yorkville, King Farm","13-223-0003","AQS"
"04/28/2015","58","PM2.5","Yorkville, King Farm","13-223-0003","AQS"
"04/29/2015","56","PM2.5","Yorkville, King Farm","13-223-0003","AQS"
"04/30/2015","61","Ozone","United Avenue","13-121-0055","AQS"
"05/01/2015","58","Ozone","Georgia Station","13-231-9991","AQS"
"05/02/2015","87","Ozone","Gwinnett","13-135-0002","AQS"
"05/03/2015","100","Ozone","Dawsonville","13-085-0001","AQS"
"05/04/2015","101","Ozone","Dawsonville","13-085-0001","AQS"
"05/05/2015","67","Ozone","Yorkville, King Farm","13-223-0003","AQS"
"05/06/2015","90","Ozone","Yorkville, King Farm","13-223-0003","AQS"
"05/07/2015","112","Ozone","Douglasville","13-097-0004","AQS"
"05/08/2015","161","Ozone","Georgia Station","13-231-9991","AQS"
"05/09/2015","100","Ozone","Douglasville","13-097-0004","AQS"
"05/10/2015","90","Ozone","United Avenue","13-121-0055","AQS"
"05/11/2015","63","PM2.5","Gwinnett","13-135-0002","AQS"
"05/12/2015","61","PM2.5","Newnan","13-077-0002","AQS"
"05/13/2015","147","Ozone","McDonough","13-151-0002","AQS"
"05/14/2015","84","Ozone","Kennesaw","13-067-0003","AQS"
"05/15/2015","67","PM2.5","South DeKalb","13-089-0002","AQS"
"05/16/2015","62","PM2.5","South DeKalb","13-089-0002","AQS"
"05/17/2015","61","PM2.5","South DeKalb","13-089-0002","AQS"
"05/18/2015","60","PM2.5","NR-GA Tech","13-121-0056","AQS"
"05/19/2015","54","PM2.5","United Avenue","13-121-0055","AQS"
"05/20/2015","80","Ozone","Conyers","13-247-0001","AQS"
"05/21/2015","51","PM2.5","United Avenue","13-121-0055","AQS"
"05/22/2015","84","Ozone","United Avenue","13-121-0055","AQS"
"05/23/2015","84","Ozone","Yorkville, King Farm","13-223-0003","AQS"
"05/24/2015","62","PM2.5","South DeKalb","13-089-0002","AQS"
"05/25/2015","59","PM2.5","South DeKalb","13-089-0002","AQS"
"05/26/2015","46","PM2.5","NR-GA Tech","13-121-0056","AQS"
"05/27/2015","48","PM2.5","United Avenue","13-121-0055","AQS"
"05/28/2015","44","PM2.5","South DeKalb","13-089-0002","AQS"
"05/29/2015","53","PM2.5","NR-GA Tech","13-121-0056","AQS"
"05/30/2015","56","PM2.5","South DeKalb","13-089-0002","AQS"
"05/31/2015","46","PM2.5","South DeKalb","13-089-0002","AQS"
"06/01/2015","45","PM2.5","United Avenue","13-121-0055","AQS"
"06/02/2015","61","Ozone","Conyers","13-247-0001","AQS"
"06/03/2015","51","PM2.5","Yorkville, King Farm","13-223-0003","AQS"
"06/04/2015","47","PM2.5","South DeKalb","13-089-0002","AQS"
"06/05/2015","105","Ozone","United Avenue","13-121-0055","AQS"
"06/06/2015","90","Ozone","Georgia Station","13-231-9991","AQS"
"06/07/2015","87","Ozone","Kennesaw","13-067-0003","AQS"
"06/08/2015","63","PM2.5","United Avenue","13-121-0055","AQS"
"06/09/2015","58","PM2.5","South DeKalb","13-089-0002","AQS"
"06/10/2015","90","Ozone","Kennesaw","13-067-0003","AQS"
"06/11/2015","61","PM2.5","United Avenue","13-121-0055","AQS"
"06/12/2015","54","PM2.5","South DeKalb","13-089-0002","AQS"
"06/13/2015","67","PM2.5","South DeKalb","13-089-0002","AQS"
"06/14/2015","69","PM2.5","South DeKalb","13-089-0002","AQS"
"06/15/2015","77","Ozone","South DeKalb","13-089-0002","AQS"
"06/16/2015","80","PM2.5","South DeKalb","13-089-0002","AQS"
"06/17/2015","90","Ozone","Gwinnett","13-135-0002","AQS"
"06/18/2015","69","PM2.5","South DeKalb","13-089-0002","AQS"
"06/19/2015","63","PM2.5","South DeKalb","13-089-0002","AQS"
"06/20/2015","74","PM2.5","South DeKalb","13-089-0002","AQS"
"06/21/2015","82","PM2.5","South DeKalb","13-089-0002","AQS"
"06/22/2015","80","Ozone","McDonough","13-151-0002","AQS"
"06/23/2015","94","PM2.5","Forest Park","13-063-0091","AQS"
"06/24/2015","81","PM2.5","South DeKalb","13-089-0002","AQS"
"06/25/2015","87","Ozone","Conyers","13-247-0001","AQS"
"06/26/2015","69","PM2.5","South DeKalb","13-089-0002","AQS"
"06/27/2015","55","PM2.5","United Avenue","13-121-0055","AQS"
"06/28/2015","61","Ozone","Conyers","13-247-0001","AQS"
"06/29/2015","74","Ozone","Conyers","13-247-0001","AQS"
"06/30/2015","66","PM2.5","Yorkville, King Farm","13-223-0003","AQS"
"07/01/2015","72","PM2.5","South DeKalb","13-089-0002","AQS"
"07/02/2015","72","PM2.5","South DeKalb","13-089-0002","AQS"
"07/03/2015","68","PM2.5","South DeKalb","13-089-0002","AQS"
"07/04/2015","65","PM2.5","South DeKalb","13-089-0002","AQS"
"07/05/2015","55","PM2.5","Yorkville, King Farm","13-223-0003","AQS"
"07/06/2015","66","PM2.5","South DeKalb","13-089-0002","AQS"
"07/07/2015","81","PM2.5","South DeKalb","13-089-0002","AQS"
"07/08/2015","85","PM2.5","South DeKalb","13-089-0002","AQS"
"07/09/2015","91","PM2.5","South DeKalb","13-089-0002","AQS"
"07/10/2015","91","PM2.5","South DeKalb","13-089-0002","AQS"
"07/11/2015","80","PM2.5","South DeKalb","13-089-0002","AQS"
"07/12/2015","72","PM2.5","South DeKalb","13-089-0002","AQS"
"07/13/2015","65","PM2.5","Yorkville, King Farm","13-223-0003","AQS"
"07/14/2015","61","PM2.5","Forest Park","13-063-0091","AQS"
"07/15/2015","55","PM2.5","NR-GA Tech","13-121-0056","AQS"
"07/16/2015","100","Ozone","United Avenue","13-121-0055","AQS"
"07/17/2015","119","Ozone","United Avenue","13-121-0055","AQS"
"07/18/2015","122","Ozone","United Avenue","13-121-0055","AQS"
"07/19/2015","57","PM2.5","United Avenue","13-121-0055","AQS"
"07/20/2015","59","PM2.5","Forest Park","13-063-0091","AQS"
"07/21/2015","61","PM2.5","NR-GA Tech","13-121-0056","AQS"
"07/22/2015","108","Ozone","Conyers","13-247-0001","AQS"
"07/23/2015","54","PM2.5","Forest Park","13-063-0091","AQS"
"07/24/2015","54","PM2.5","Newnan","13-077-0002","AQS"
"07/25/2015","60","PM2.5","Yorkville, King Farm","13-223-0003","AQS"
"07/26/2015","100","Ozone","United Avenue","13-121-0055","AQS"
"07/27/2015","105","Ozone","United Avenue","13-121-0055","AQS"
"07/28/2015","112","Ozone","McDonough","13-151-0002","AQS"
"07/29/2015","93","Ozone","Georgia Station","13-231-9991","AQS"
"07/30/2015","101","Ozone","United Avenue","13-121-0055","AQS"
"07/31/2015","87","Ozone","Douglasville","13-097-0004","AQS"
"08/01/2015","74","Ozone","Douglasville","13-097-0004","AQS"
"08/02/2015","90","Ozone","Douglasville","13-097-0004","AQS"
"08/03/2015","143","Ozone","United Avenue","13-121-0055","AQS"
"08/04/2015","172","Ozone","United Avenue","13-121-0055","AQS"
"08/05/2015","129","Ozone","Gwinnett","13-135-0002","AQS"
"08/06/2015","61","PM2.5","Yorkville, King Farm","13-223-0003","AQS"
"08/07/2015","49","Ozone","Conyers","13-247-0001","AQS"
"08/08/2015","100","Ozone","Douglasville","13-097-0004","AQS"
"08/09/2015","64","PM2.5","United Avenue","13-121-0055","AQS"
"08/10/2015","59","PM2.5","United Avenue","13-121-0055","AQS"
"08/11/2015","58","Ozone","Conyers","13-247-0001","AQS"
"08/12/2015","77","Ozone","McDonough","13-151-0002","AQS"
"08/13/2015","61","PM2.5","Yorkville, King Farm","13-223-0003","AQS"
"08/14/2015","61","Ozone","Kennesaw","13-067-0003","AQS"
"08/15/2015","80","Ozone","Douglasville","13-097-0004","AQS"
"08/16/2015","55","PM2.5","NR-GA Tech","13-121-0056","AQS"
"08/17/2015","43","PM2.5","NR-GA Tech","13-121-0056","AQS"
"08/18/2015","46","PM2.5","Yorkville, King Farm","13-223-0003","AQS"
"08/19/2015","42","PM2.5","Yorkville, King Farm","13-223-0003","AQS"
"08/20/2015","53","PM2.5","Yorkville, King Farm","13-223-0003","AQS"
"08/21/2015","54","Ozone","McDonough","13-151-0002","AQS"
"08/22/2015","97","Ozone","United Avenue","13-121-0055","AQS"
"08/23/2015","39","Ozone","Conyers","13-247-0001","AQS"
"08/24/2015","60","PM2.5","South DeKalb","13-089-0002","AQS"
"08/25/2015","84","Ozone","Conyers","13-247-0001","AQS"
"08/26/2015","101","Ozone","Newnan","13-077-0002","AQS"
"08/27/2015","64","PM2.5","South DeKalb","13-089-0002","AQS"
"08/28/2015","67","PM2.5","Yorkville, King Farm","13-223-0003","AQS"
"08/29/2015","61","PM2.5","United Avenue","13-121-0055","AQS"
"08/30/2015","62","PM2.5","United Avenue","13-121-0055","AQS"
"08/31/2015","52","PM2.5","United Avenue","13-121-0055","AQS"
"09/01/2015","90","Ozone","United Avenue","13-121-0055","AQS"
"09/02/2015","101","Ozone","United Avenue","13-121-0055","AQS"
"09/03/2015","77","PM2.5","South DeKalb","13-089-0002","AQS"
"09/04/2015","93","Ozone","United Avenue","13-121-0055","AQS"
"09/05/2015","80","Ozone","Douglasville","13-097-0004","AQS"
"09/06/2015","65","PM2.5","Yorkville, King Farm","13-223-0003","AQS"
"09/07/2015","58","PM2.5","South DeKalb","13-089-0002","AQS"
"09/08/2015","55","PM2.5","South DeKalb","13-089-0002","AQS"
"09/09/2015","51","PM2.5","South DeKalb","13-089-0002","AQS"
"09/10/2015","59","PM2.5","South DeKalb","13-089-0002","AQS"
"09/11/2015","66","PM2.5","South DeKalb","13-089-0002","AQS"
"09/12/2015","57","PM2.5","South DeKalb","13-089-0002","AQS"
"09/13/2015","55","PM2.5","South DeKalb","13-089-0002","AQS"
"09/14/2015","57","PM2.5","South DeKalb","13-089-0002","AQS"
"09/15/2015","58","PM2.5","South DeKalb","13-089-0002","AQS"
"09/16/2015","61","Ozone","Yorkville, King Farm","13-223-0003","AQS"
"09/17/2015","100","Ozone","Douglasville","13-097-0004","AQS"
"09/18/2015","67","Ozone","Douglasville","13-097-0004","AQS"
"09/19/2015","97","Ozone","United Avenue","13-121-0055","AQS"
"09/20/2015","80","Ozone","McDonough","13-151-0002","AQS"
"09/21/2015","62","PM2.5","South DeKalb","13-089-0002","AQS"
"09/22/2015","63","PM2.5","South DeKalb","13-089-0002","AQS"
"09/23/2015","58","PM2.5","South DeKalb","13-089-0002","AQS"
"09/24/2015","57","PM2.5","South DeKalb","13-089-0002","AQS"
"09/25/2015","42","PM2.5","South DeKalb","13-089-0002","AQS"
"09/26/2015","28","PM2.5","South DeKalb","13-089-0002","AQS"
"09/27/2015","33","PM2.5","South DeKalb","13-089-0002","AQS"
"09/28/2015","37","PM2.5","South DeKalb","13-089-0002","AQS"
"09/29/2015","36","PM2.5","NR-GA Tech","13-121-0056","AQS"
"09/30/2015","40","PM2.5","South DeKalb","13-089-0002","AQS"
"10/01/2015","33","PM2.5","United Avenue","13-121-0055","AQS"
"10/02/2015","33","PM2.5","South DeKalb","13-089-0002","AQS"
"10/03/2015","33","PM2.5","South DeKalb","13-089-0002","AQS"
"10/04/2015","34","PM2.5","South DeKalb","13-089-0002","AQS"
"10/05/2015","42","PM2.5","South DeKalb","13-089-0002","AQS"
"10/06/2015","56","PM2.5","South DeKalb","13-089-0002","AQS"
"10/07/2015","67","Ozone","United Avenue","13-121-0055","AQS"
"10/08/2015","63","PM2.5","South DeKalb","13-089-0002","AQS"
"10/09/2015","67","PM2.5","Yorkville, King Farm","13-223-0003","AQS"
"10/10/2015","57","PM2.5","South DeKalb","13-089-0002","AQS"
"10/11/2015","56","PM2.5","Yorkville, King Farm","13-223-0003","AQS"
"10/12/2015","62","PM2.5","South DeKalb","13-089-0002","AQS"
"10/13/2015","66","PM2.5","South DeKalb","13-089-0002","AQS"
"10/14/2015","58","PM2.5","South DeKalb","13-089-0002","AQS"
"10/15/2015","66","PM2.5","South DeKalb","13-089-0002","AQS"
"10/16/2015","72","PM2.5","United Avenue","13-121-0055","AQS"
"10/17/2015","57","PM2.5","South DeKalb","13-089-0002","AQS"
"10/18/2015","57","PM2.5","South DeKalb","13-089-0002","AQS"
"10/19/2015","62","PM2.5","South DeKalb","13-089-0002","AQS"
"10/20/2015","65","PM2.5","South DeKalb","13-089-0002","AQS"
"10/21/2015","70","PM2.5","South DeKalb","13-089-0002","AQS"
"10/22/2015","67","PM2.5","South DeKalb","13-089-0002","AQS"
"10/23/2015","66","PM2.5","United Avenue","13-121-0055","AQS"
"10/24/2015","77","PM2.5","United Avenue","13-121-0055","AQS"
"10/25/2015","76","PM2.5","United Avenue","13-121-0055","AQS"
"10/26/2015","55","PM2.5","United Avenue","13-121-0055","AQS"
"10/27/2015","54","PM2.5","South DeKalb","13-089-0002","AQS"
"10/28/2015","49","PM2.5","United Avenue","13-121-0055","AQS"
"10/29/2015","66","PM2.5","United Avenue","13-121-0055","AQS"
"10/30/2015","60","PM2.5","United Avenue","13-121-0055","AQS"
"10/31/2015","67","PM2.5","United Avenue","13-121-0055","AQS"
"11/01/2015","56","PM2.5","United Avenue","13-121-0055","AQS"
"11/02/2015","41","PM2.5","United Avenue","13-121-0055","AQS"
"11/03/2015","44","PM2.5","United Avenue","13-121-0055","AQS"
"11/04/2015","47","PM2.5","United Avenue","13-121-0055","AQS"
"11/05/2015","52","PM2.5","United Avenue","13-121-0055","AQS"
"11/06/2015","55","PM2.5","United Avenue","13-121-0055","AQS"
"11/07/2015","49","PM2.5","United Avenue","13-121-0055","AQS"
"11/08/2015","51","PM2.5","South DeKalb","13-089-0002","AQS"
"11/09/2015","41","PM2.5","South DeKalb","13-089-0002","AQS"
"11/10/2015","51","PM2.5","South DeKalb","13-089-0002","AQS"
"11/11/2015","62","PM2.5","Forest Park","13-063-0091","AQS"
"11/12/2015","55","PM2.5","South DeKalb","13-089-0002","AQS"
"11/13/2015","55","PM2.5","South DeKalb","13-089-0002","AQS"
"11/14/2015","57","PM2.5","South DeKalb","13-089-0002","AQS"
"11/15/2015","70","PM2.5","South DeKalb","13-089-0002","AQS"
"11/16/2015","68","PM2.5","South DeKalb","13-089-0002","AQS"
"11/17/2015","62","PM2.5","South DeKalb","13-089-0002","AQS"
"11/18/2015","34","PM2.5","South DeKalb","13-089-0002","AQS"
"11/19/2015","37","Ozone","Georgia Station","13-231-9991","AQS"
"11/20/2015","57","PM2.5","South DeKalb","13-089-0002","AQS"
"11/21/2015","60","PM2.5","South DeKalb","13-089-0002","AQS"
"11/22/2015","55","PM2.5","South DeKalb","13-089-0002","AQS"
"11/23/2015","60","PM2.5","South DeKalb","13-089-0002","AQS"
"11/24/2015","72","PM2.5","South DeKalb","13-089-0002","AQS"
"11/25/2015","69","PM2.5","South DeKalb","13-089-0002","AQS"
"11/26/2015","57","PM2.5","South DeKalb","13-089-0002","AQS"
"11/27/2015","55","PM2.5","South DeKalb","13-089-0002","AQS"
"11/28/2015","61","PM2.5","Gwinnett","13-135-0002","AQS"
"11/29/2015","71","PM2.5","Gwinnett","13-135-0002","AQS"
"11/30/2015","56","PM2.5","NR-GA Tech","13-121-0056","AQS"
"12/01/2015","65","PM2.5","NR-GA Tech","13-121-0056","AQS"
"12/02/2015","36","PM2.5","United Avenue","13-121-0055","AQS"
"12/03/2015","56","PM2.5","South DeKalb","13-089-0002","AQS"
"12/04/2015","67","PM2.5","South DeKalb","13-089-0002","AQS"
"12/05/2015","69","PM2.5","South DeKalb","13-089-0002","AQS"
"12/06/2015","66","PM2.5","South DeKalb","13-089-0002","AQS"
"12/07/2015","69","PM2.5","South DeKalb","13-089-0002","AQS"
"12/08/2015","76","PM2.5","South DeKalb","13-089-0002","AQS"
"12/09/2015","75","PM2.5","South DeKalb","13-089-0002","AQS"
"12/10/2015","74","PM2.5","South DeKalb","13-089-0002","AQS"
"12/11/2015","59","PM2.5","South DeKalb","13-089-0002","AQS"
"12/12/2015","75","PM2.5","Yorkville, King Farm","13-223-0003","AQS"
"12/13/2015","87","PM2.5","Yorkville, King Farm","13-223-0003","AQS"
"12/14/2015","40","PM2.5","Yorkville, King Farm","13-223-0003","AQS"
"12/15/2015","54","PM2.5","South DeKalb","13-089-0002","AQS"
"12/16/2015","63","PM2.5","South DeKalb","13-089-0002","AQS"
"12/17/2015","45","PM2.5","South DeKalb","13-089-0002","AQS"
"12/18/2015","55","PM2.5","Kennesaw","13-067-0003","AQS"
"12/19/2015","63","PM2.5","South DeKalb","13-089-0002","AQS"
"12/20/2015","69","PM2.5","South DeKalb","13-089-0002","AQS"
"12/21/2015","62","PM2.5","South DeKalb","13-089-0002","AQS"
"12/22/2015","52","PM2.5","South DeKalb","13-089-0002","AQS"
"12/23/2015","28","PM2.5","South DeKalb","13-089-0002","AQS"
"12/24/2015","39","PM2.5","Yorkville, King Farm","13-223-0003","AQS"
"12/25/2015","36","PM2.5","South DeKalb","13-089-0002","AQS"
"12/26/2015","37","PM2.5","South DeKalb","13-089-0002","AQS"
"12/27/2015","35","PM2.5","Yorkville, King Farm","13-223-0003","AQS"
"12/28/2015","37","PM2.5","Yorkville, King Farm","13-223-0003","AQS"
"12/29/2015","51","PM2.5","United Avenue","13-121-0055","AQS"
"12/30/2015","53","PM2.5","NR-GA Tech","13-121-0056","AQS"
"12/31/2015","42","PM2.5","South DeKalb","13-089-0002","AQS"
"01/01/2016","61","PM2.5","South DeKalb","13-089-0002","AQS"
"01/02/2016","61","PM2.5","South DeKalb","13-089-0002","AQS"
"01/03/2016","59","PM2.5","South DeKalb","13-089-0002","AQS"
"01/04/2016","55","PM2.5","South DeKalb","13-089-0002","AQS"
"01/05/2016","57","PM2.5","South DeKalb","13-089-0002","AQS"
"01/06/2016","62","PM2.5","South DeKalb","13-089-0002","AQS"
"01/07/2016","56","PM2.5","South DeKalb","13-089-0002","AQS"
"01/08/2016","54","PM2.5","South DeKalb","13-089-0002","AQS"
"01/09/2016","51","PM2.5","NR-GA Tech","13-121-0056","AQS"
"01/10/2016","42","PM2.5","South DeKalb","13-089-0002","AQS"
"01/11/2016","58","PM2.5","South DeKalb","13-089-0002","AQS"
"01/12/2016","67","PM2.5","South DeKalb","13-089-0002","AQS"
"01/13/2016","57","PM2.5","South DeKalb","13-089-0002","AQS"
"01/14/2016","74","PM2.5","South DeKalb","13-089-0002","AQS"
"01/15/2016","63","PM2.5","South DeKalb","13-089-0002","AQS"
"01/16/2016","52","PM2.5","South DeKalb","13-089-0002","AQS"
"01/17/2016","62","PM2.5","South DeKalb","13-089-0002","AQS"
"01/18/2016","57","PM2.5","South DeKalb","13-089-0002","AQS"
"01/19/2016","61","PM2.5","South DeKalb","13-089-0002","AQS"
"01/20/2016","77","PM2.5","South DeKalb","13-089-0002","AQS"
"01/21/2016","78","PM2.5","NR-GA Tech","13-121-0056","AQS"
"01/22/2016","54","PM2.5","South DeKalb","13-089-0002","AQS"
"01/23/2016","59","PM2.5","South DeKalb","13-089-0002","AQS"
"01/24/2016","68","PM2.5","South DeKalb","13-089-0002","AQS"
"01/25/2016","82","PM2.5","South DeKalb","13-089-0002","AQS"
"01/26/2016","71","PM2.5","South DeKalb","13-089-0002","AQS"
"01/27/2016","62","PM2.5","South DeKalb","13-089-0002","AQS"
"01/28/2016","58","PM2.5","South DeKalb","13-089-0002","AQS"
"01/29/2016","56","PM2.5","South DeKalb","13-089-0002","AQS"
"01/30/2016","61","PM2.5","South DeKalb","13-089-0002","AQS"
"01/31/2016","64","PM2.5","South DeKalb","13-089-0002","AQS"
"02/01/2016","57","PM2.5","United Avenue","13-121-0055","AQS"
"02/02/2016","56","PM2.5","NR-GA Tech","13-121-0056","AQS"
"02/03/2016","39","PM2.5","NR-GA Tech","13-121-0056","AQS"
"02/04/2016","52","PM2.5","South DeKalb","13-089-0002","AQS"
"02/05/2016","56","PM2.5","South DeKalb","13-089-0002","AQS"
"02/06/2016","65","PM2.5","South DeKalb","13-089-0002","AQS"
"02/07/2016","67","PM2.5","South DeKalb","13-089-0002","AQS"
"02/08/2016","60","PM2.5","South DeKalb","13-089-0002","AQS"
"02/09/2016","51","PM2.5","South DeKalb","13-089-0002","AQS"
"02/10/2016","58","PM2.5","South DeKalb","13-089-0002","AQS"
"02/11/2016","64","PM2.5","South DeKalb","13-089-0002","AQS"
"02/12/2016","63","PM2.5","South DeKalb","13-089-0002","AQS"
"02/13/2016","60","PM2.5","South DeKalb","13-089-0002","AQS"
"02/14/2016","65","PM2.5","South DeKalb","13-089-0002","AQS"
"02/15/2016","61","PM2.5","South DeKalb","13-089-0002","AQS"
"02/16/2016","42","PM2.5","South DeKalb","13-089-0002","AQS"
"02/17/2016","53","PM2.5","South DeKalb","13-089-0002","AQS"
"02/18/2016","62","PM2.5","South DeKalb","13-089-0002","AQS"
"02/19/2016","67","PM2.5","South DeKalb","13-089-0002","AQS"
"02/20/2016","69","PM2.5","South DeKalb","13-089-0002","AQS"
"02/21/2016","64","PM2.5","South DeKalb","13-089-0002","AQS"
"02/22/2016","50","PM2.5","NR-GA Tech","13-121-0056","AQS"
"02/23/2016","42","PM2.5","NR-GA Tech","13-121-0056","AQS"
"02/24/2016","32","PM2.5","United Avenue","13-121-0055","AQS"
"02/25/2016","38","Ozone","Georgia Station","13-231-9991","AQS"
"02/26/2016","55","PM2.5","South DeKalb","13-089-0002","AQS"
"02/27/2016","57","PM2.5","South DeKalb","13-089-0002","AQS"
"02/28/2016","66","PM2.5","South DeKalb","13-089-0002","AQS"
"02/29/2016","56","PM2.5","Yorkville, King Farm","13-223-0003","AQS"
"03/01/2016","60","PM2.5","United Avenue","13-121-0055","AQS"
"03/02/2016","53","PM2.5","South DeKalb","13-089-0002","AQS"
"03/03/2016","58","PM2.5","South DeKalb","13-089-0002","AQS"
"03/04/2016","57","PM2.5","South DeKalb","13-089-0002","AQS"
"03/05/2016","58","PM2.5","South DeKalb","13-089-0002","AQS"
"03/06/2016","59","PM2.5","South DeKalb","13-089-0002","AQS"
"03/07/2016","67","PM2.5","South DeKalb","13-089-0002","AQS"
"03/08/2016","73","PM2.5","South DeKalb","13-089-0002","AQS"
"03/09/2016","63","PM2.5","Newnan","13-077-0002","AQS"
"03/10/2016","62","PM2.5","Yorkville, King Farm","13-223-0003","AQS"
"03/11/2016","52","PM2.5","United Avenue","13-121-0055","AQS"
"03/12/2016","63","PM2.5","South DeKalb","13-089-0002","AQS"
"03/13/2016","54","PM2.5","South DeKalb","13-089-0002","AQS"
"03/14/2016","53","PM2.5","United Avenue","13-121-0055","AQS"
"03/15/2016","64","Ozone","Dawsonville","13-085-0001","AQS"
"03/16/2016","62","PM2.5","South DeKalb","13-089-0002","AQS"
"03/17/2016","64","Ozone","Georgia Station","13-231-9991","AQS"
"03/18/2016","69","PM2.5","South DeKalb","13-089-0002","AQS"
"03/19/2016","48","PM2.5","Yorkville, King Farm","13-223-0003","AQS"
"03/20/2016","57","PM2.5","South DeKalb","13-089-0002","AQS"
"03/21/2016","62","PM2.5","South DeKalb","13-089-0002","AQS"
"03/22/2016","75","PM2.5","South DeKalb","13-089-0002","AQS"
"03/23/2016","71","PM2.5","South DeKalb","13-089-0002","AQS"
"03/24/2016","65","PM2.5","United Avenue","13-121-0055","AQS"
"03/25/2016","61","PM2.5","Yorkville, King Farm","13-223-0003","AQS"
"03/26/2016","67","PM2.5","United Avenue","13-121-0055","AQS"
"03/27/2016","56","PM2.5","Kennesaw","13-067-0003","AQS"
"03/28/2016","65","PM2.5","NR-GA Tech","13-121-0056","AQS"
"03/29/2016","51","Ozone","Georgia Station","13-231-9991","AQS"
"03/30/2016","58","PM2.5","United Avenue","13-121-0055","AQS"
"03/31/2016","53","PM2.5","United Avenue","13-121-0055","AQS"
"04/01/2016","43","PM2.5","United Avenue","13-121-0055","AQS"
"04/02/2016","44","Ozone","Georgia Station","13-231-9991","AQS"
"04/03/2016","48","Ozone","Georgia Station","13-231-9991","AQS"
"04/04/2016","58","PM2.5","NR-GA Tech","13-121-0056","AQS"
"04/05/2016","48","PM2.5","United Avenue","13-121-0055","AQS"
"04/06/2016","53","PM2.5","United Avenue","13-121-0055","AQS"
"04/07/2016","42","Ozone","Georgia Station","13-231-9991","AQS"
"04/08/2016","39","Ozone","Newnan","13-077-0002","AQS"
"04/09/2016","46","Ozone","Georgia Station","13-231-9991","AQS"
"04/10/2016","66","PM2.5","United Avenue","13-121-0055","AQS"
"04/11/2016","59","PM2.5","Yorkville, King Farm","13-223-0003","AQS"
"04/12/2016","46","PM2.5","NR-GA Tech","13-121-0056","AQS"
"04/13/2016","52","PM2.5","NR-GA Tech","13-121-0056","AQS"
"04/14/2016","57","PM2.5","NR-GA Tech","13-121-0056","AQS"
"04/15/2016","51","Ozone","Dawsonville","13-085-0001","AQS"
"04/16/2016","53","PM2.5","Yorkville, King Farm","13-223-0003","AQS"
"04/17/2016","77","Ozone","Yorkville, King Farm","13-223-0003","AQS"
"04/18/2016","87","Ozone","Yorkville, King Farm","13-223-0003","AQS"
"04/19/2016","100","Ozone","South DeKalb","13-089-0002","AQS"
"04/20/2016","97","Ozone","Dawsonville","13-085-0001","AQS"
"04/21/2016","62","PM2.5","Kennesaw","13-067-0003","AQS"
"04/22/2016","53","PM2.5","NR-GA Tech","13-121-0056","AQS"
"04/23/2016","51","Ozone","Georgia Station","13-231-9991","AQS"
"04/24/2016","80","Ozone","Kennesaw","13-067-0003","AQS"
"04/25/2016","67","Ozone","Dawsonville","13-085-0001","AQS"
"04/26/2016","74","PM2.5","Kennesaw","13-067-0003","AQS"
"04/27/2016","59","PM2.5","Kennesaw","13-067-0003","AQS"
"04/28/2016","59","PM2.5","Kennesaw","13-067-0003","AQS"
"04/29/2016","126","Ozone","United Avenue","13-121-0055","AQS"
"04/30/2016","60","PM2.5","South DeKalb","13-089-0002","AQS"
"05/01/2016","57","PM2.5","Yorkville, King Farm","13-223-0003","AQS"
"05/02/2016","60","PM2.5","NR-GA Tech","13-121-0056","AQS"
"05/03/2016","46","PM2.5","Kennesaw","13-067-0003","AQS"
"05/04/2016","47","Ozone","Conyers","13-247-0001","AQS"
"05/05/2016","44","Ozone","Georgia Station","13-231-9991","AQS"
"05/06/2016","47","Ozone","Georgia Station","13-231-9991","AQS"
"05/07/2016","67","Ozone","Conyers","13-247-0001","AQS"
"05/08/2016","71","Ozone","Conyers","13-247-0001","AQS"
"05/09/2016","80","Ozone","Dawsonville","13-085-0001","AQS"
"05/10/2016","60","PM2.5","South DeKalb","13-089-0002","AQS"
"05/11/2016","64","PM2.5","South DeKalb","13-089-0002","AQS"
"05/12/2016","59","PM2.5","Fire Station #8","13-121-0039","AQS"
"05/13/2016","64","Ozone","Conyers","13-247-0001","AQS"
"05/14/2016","61","Ozone","Conyers","13-247-0001","AQS"
"05/15/2016","54","Ozone","McDonough","13-151-0002","AQS"
"05/16/2016","71","Ozone","Kennesaw","13-067-0003","AQS"
"05/17/2016","56","PM2.5","Yorkville, King Farm","13-223-0003","AQS"
"05/18/2016","53","PM2.5","United Avenue","13-121-0055","AQS"
"05/19/2016","51","PM2.5","United Avenue","13-121-0055","AQS"
"05/20/2016","29","PM2.5","NR-GA Tech","13-121-0056","AQS"
"05/21/2016","42","Ozone","Newnan","13-077-0002","AQS"
"05/22/2016","58","Ozone","Georgia Station","13-231-9991","AQS"
"05/23/2016","112","Ozone","McDonough","13-151-0002","AQS"
"05/24/2016","140","Ozone","Conyers","13-247-0001","AQS"
"05/25/2016","126","Ozone","Dawsonville","13-085-0001","AQS"
"05/26/2016","126","Ozone","Gwinnett","13-135-0002","AQS"
"05/27/2016","87","Ozone","Kennesaw","13-067-0003","AQS"
"05/28/2016","101","Ozone","Douglasville","13-097-0004","AQS"
"05/29/2016","61","Ozone","Kennesaw","13-067-0003","AQS"
"05/30/2016","87","Ozone","McDonough","13-151-0002","AQS"
"05/31/2016","101","Ozone","United Avenue","13-121-0055","AQS"
"06/01/2016","100","Ozone","Kennesaw","13-067-0003","AQS"
"06/02/2016","59","PM2.5","NR-GA Tech","13-121-0056","AQS"
"06/03/2016","71","Ozone","Gwinnett","13-135-0002","AQS"
"06/04/2016","58","PM2.5","United Avenue","13-121-0055","AQS"
"06/05/2016","37","PM2.5","United Avenue","13-121-0055","AQS"
"06/06/2016","51","PM2.5","United Avenue","13-121-0055","AQS"
"06/07/2016","71","Ozone","McDonough","13-151-0002","AQS"
"06/08/2016","126","Ozone","McDonough","13-151-0002","AQS"
"06/09/2016","154","Ozone","Newnan","13-077-0002","AQS"
"06/10/2016","200","Ozone","Kennesaw","13-067-0003","AQS"
"06/11/2016","140","Ozone","Gwinnett","13-135-0002","AQS"
"06/12/2016","65","PM2.5","South DeKalb","13-089-0002","AQS"
"06/13/2016","159","Ozone","McDonough","13-151-0002","AQS"
"06/14/2016","74","Ozone","South DeKalb","13-089-0002","AQS"
"06/15/2016","55","PM2.5","South DeKalb","13-089-0002","AQS"
"06/16/2016","87","Ozone","Conyers","13-247-0001","AQS"
"06/17/2016","62","PM2.5","Yorkville, King Farm","13-223-0003","AQS"
"06/18/2016","51","PM2.5","Yorkville, King Farm","13-223-0003","AQS"
"06/19/2016","52","PM2.5","Yorkville, King Farm","13-223-0003","AQS"
"06/20/2016","100","Ozone","United Avenue","13-121-0055","AQS"
"06/21/2016","108","Ozone","Conyers","13-247-0001","AQS"
"06/22/2016","62","PM2.5","South DeKalb","13-089-0002","AQS"
"06/23/2016","66","PM2.5","South DeKalb","13-089-0002","AQS"
"06/24/2016","77","Ozone","Gwinnett","13-135-0002","AQS"
"06/25/2016","105","Ozone","McDonough","13-151-0002","AQS"
"06/26/2016","60","PM2.5","United Avenue","13-121-0055","AQS"
"06/27/2016","133","Ozone","Gwinnett","13-135-0002","AQS"
"06/28/2016","80","Ozone","McDonough","13-151-0002","AQS"
"06/29/2016","147","Ozone","McDonough","13-151-0002","AQS"
"06/30/2016","150","Ozone","United Avenue","13-121-0055","AQS"
"07/01/2016","122","Ozone","Conyers","13-247-0001","AQS"
"07/02/2016","108","Ozone","Conyers","13-247-0001","AQS"
"07/03/2016","67","PM2.5","United Avenue","13-121-0055","AQS"
"07/04/2016","66","PM2.5","Kennesaw","13-067-0003","AQS"
"07/05/2016","55","PM2.5","United Avenue","13-121-0055","AQS"
"07/06/2016","52","PM2.5","Yorkville, King Farm","13-223-0003","AQS"
"07/07/2016","53","PM2.5","Yorkville, King Farm","13-223-0003","AQS"
"07/08/2016","57","PM2.5","Yorkville, King Farm","13-223-0003","AQS"
"07/09/2016","54","PM2.5","United Avenue","13-121-0055","AQS"
"07/10/2016","64","Ozone","McDonough","13-151-0002","AQS"
"07/11/2016","51","PM2.5","United Avenue","13-121-0055","AQS"
"07/12/2016","56","PM2.5","Yorkville, King Farm","13-223-0003","AQS"
"07/13/2016","77","Ozone","Conyers","13-247-0001","AQS"
"07/14/2016","51","Ozone","Conyers","13-247-0001","AQS"
"07/15/2016","52","PM2.5","United Avenue","13-121-0055","AQS"
"07/16/2016","56","PM2.5","United Avenue","13-121-0055","AQS"
"07/17/2016","60","PM2.5","United Avenue","13-121-0055","AQS"
"07/18/2016","49","Ozone","Conyers","13-247-0001","AQS"
"07/19/2016","71","Ozone","South DeKalb","13-089-0002","AQS"
"07/20/2016","119","Ozone","Kennesaw","13-067-0003","AQS"
"07/21/2016","74","Ozone","Kennesaw","13-067-0003","AQS"
"07/22/2016","80","Ozone","United Avenue","13-121-0055","AQS"
"07/23/2016","59","PM2.5","United Avenue","13-121-0055","AQS"
"07/24/2016","58","PM2.5","United Avenue","13-121-0055","AQS"
"07/25/2016","105","Ozone","United Avenue","13-121-0055","AQS"
"07/26/2016","67","Ozone","Gwinnett","13-135-0002","AQS"
"07/27/2016","52","PM2.5","South DeKalb","13-089-0002","AQS"
"07/28/2016","60","PM2.5","South DeKalb","13-089-0002","AQS"
"07/29/2016","56","PM2.5","United Avenue","13-121-0055","AQS"
"07/30/2016","54","PM2.5","United Avenue","13-121-0055","AQS"
"07/31/2016","56","PM2.5","South DeKalb","13-089-0002","AQS"
"08/01/2016","77","Ozone","Gwinnett","13-135-0002","AQS"
"08/02/2016","55","PM2.5","United Avenue","13-121-0055","AQS"
"08/03/2016","101","Ozone","McDonough","13-151-0002","AQS"
"08/04/2016","71","Ozone","Douglasville","13-097-0004","AQS"
"08/05/2016","80","Ozone","United Avenue","13-121-0055","AQS"
"08/06/2016","97","Ozone","McDonough","13-151-0002","AQS"
"08/07/2016","60","PM2.5","United Avenue","13-121-0055","AQS"
"08/08/2016","51","PM2.5","NR-GA Tech","13-121-0056","AQS"
"08/09/2016","47","PM2.5","Yorkville, King Farm","13-223-0003","AQS"
"08/10/2016","52","PM2.5","United Avenue","13-121-0055","AQS"
"08/11/2016","51","PM2.5","United Avenue","13-121-0055","AQS"
"08/12/2016","46","PM2.5","United Avenue","13-121-0055","AQS"
"08/13/2016","47","PM2.5","United Avenue","13-121-0055","AQS"
"08/14/2016","49","PM2.5","United Avenue","13-121-0055","AQS"
"08/15/2016","46","PM2.5","United Avenue","13-121-0055","AQS"
"08/16/2016","53","PM2.5","United Avenue","13-121-0055","AQS"
"08/17/2016","74","Ozone","Gwinnett","13-135-0002","AQS"
"08/18/2016","54","PM2.5","United Avenue","13-121-0055","AQS"
"08/19/2016","51","PM2.5","United Avenue","13-121-0055","AQS"
"08/20/2016","46","PM2.5","United Avenue","13-121-0055","AQS"
"08/21/2016","54","PM2.5","United Avenue","13-121-0055","AQS"
"08/22/2016","80","Ozone","McDonough","13-151-0002","AQS"
"08/23/2016","115","Ozone","United Avenue","13-121-0055","AQS"
"08/24/2016","57","PM2.5","Yorkville, King Farm","13-223-0003","AQS"
"08/25/2016","93","Ozone","United Avenue","13-121-0055","AQS"
"08/26/2016","84","Ozone","Douglasville","13-097-0004","AQS"
"08/27/2016","65","PM2.5","NR-GA Tech","13-121-0056","AQS"
"08/28/2016","60","PM2.5","South DeKalb","13-089-0002","AQS"
"08/29/2016","67","PM2.5","NR-GA Tech","13-121-0056","AQS"
"08/30/2016","62","PM2.5","South DeKalb","13-089-0002","AQS"
"08/31/2016","100","Ozone","Douglasville","13-097-0004","AQS"
"09/01/2016","80","Ozone","Kennesaw","13-067-0003","AQS"
"09/02/2016","52","PM2.5","NR-GA Tech","13-121-0056","AQS"
"09/03/2016","52","PM2.5","United Avenue","13-121-0055","AQS"
"09/04/2016","58","PM2.5","United Avenue","13-121-0055","AQS"
"09/05/2016","64","Ozone","Douglasville","13-097-0004","AQS"
"09/06/2016","97","Ozone","McDonough","13-151-0002","AQS"
"09/07/2016","112","Ozone","United Avenue","13-121-0055","AQS"
"09/08/2016","105","Ozone","Conyers","13-247-0001","AQS"
"09/09/2016","93","Ozone","Conyers","13-247-0001","AQS"
"09/10/2016","68","PM2.5","Yorkville, King Farm","13-223-0003","AQS"
"09/11/2016","54","PM2.5","United Avenue","13-121-0055","AQS"
"09/12/2016","61","Ozone","Yorkville, King Farm","13-223-0003","AQS"
"09/13/2016","67","Ozone","Yorkville, King Farm","13-223-0003","AQS"
"09/14/2016","52","PM2.5","Yorkville, King Farm","13-223-0003","AQS"
"09/15/2016","101","Ozone","Douglasville","13-097-0004","AQS"
"09/16/2016","77","Ozone","Yorkville, King Farm","13-223-0003","AQS"
"09/17/2016","59","PM2.5","Yorkville, King Farm","13-223-0003","AQS"
"09/18/2016","51","PM2.5","NR-GA Tech","13-121-0056","AQS"
"09/19/2016","45","Ozone","McDonough","13-151-0002","AQS"
"09/20/2016","53","PM2.5","NR-GA Tech","13-121-0056","AQS"
"09/21/2016","90","Ozone","Georgia Station","13-231-9991","AQS"
"09/22/2016","58","Ozone","Douglasville","13-097-0004","AQS"
"09/23/2016","74","Ozone","Georgia Station","13-231-9991","AQS"
"09/24/2016","74","Ozone","South DeKalb","13-089-0002","AQS"
"09/25/2016","101","Ozone","Douglasville","13-097-0004","AQS"
"09/26/2016","80","Ozone","Kennesaw","13-067-0003","AQS"
"09/27/2016","57","PM2.5","South DeKalb","13-089-0002","AQS"
"09/28/2016","66","PM2.5","Yorkville, King Farm","13-223-0003","AQS"
"09/29/2016","55","PM2.5","South DeKalb","13-089-0002","AQS"
"09/30/2016","52","PM2.5","United Avenue","13-121-0055","AQS"
"10/01/2016","64","Ozone","Conyers","13-247-0001","AQS"
"10/02/2016","74","Ozone","Conyers","13-247-0001","AQS"
"10/03/2016","101","Ozone","Douglasville","13-097-0004","AQS"
"10/04/2016","74","Ozone","Yorkville, King Farm","13-223-0003","AQS"
"10/05/2016","67","Ozone","Douglasville","13-097-0004","AQS"
"10/06/2016","50","PM2.5","NR-GA Tech","13-121-0056","AQS"
"10/07/2016","36","PM2.5","Yorkville, King Farm","13-223-0003","AQS"
"10/08/2016","44","Ozone","Newnan","13-077-0002","AQS"
"10/09/2016","51","Ozone","Georgia Station","13-231-9991","AQS"
"10/10/2016","55","PM2.5","NR-GA Tech","13-121-0056","AQS"
"10/11/2016","52","PM2.5","South DeKalb","13-089-0002","AQS"
"10/12/2016","74","Ozone","Douglasville","13-097-0004","AQS"
"10/13/2016","112","Ozone","Georgia Station","13-231-9991","AQS"
"10/14/2016","71","Ozone","Georgia Station","13-231-9991","AQS"
"10/15/2016","61","PM2.5","United Avenue","13-121-0055","AQS"
"10/16/2016","59","PM2.5","United Avenue","13-121-0055","AQS"
"10/17/2016","55","PM2.5","South DeKalb","13-089-0002","AQS"
"10/18/2016","58","PM2.5","South DeKalb","13-089-0002","AQS"
"10/19/2016","64","PM2.5","Newnan","13-077-0002","AQS"
"10/20/2016","61","PM2.5","United Avenue","13-121-0055","AQS"
"10/21/2016","41","PM2.5","South DeKalb","13-089-0002","AQS"
"10/22/2016","53","PM2.5","South DeKalb","13-089-0002","AQS"
"10/23/2016","59","PM2.5","South DeKalb","13-089-0002","AQS"
"10/24/2016","65","PM2.5","South DeKalb","13-089-0002","AQS"
"10/25/2016","80","Ozone","Yorkville, King Farm","13-223-0003","AQS"
"10/26/2016","63","PM2.5","South DeKalb","13-089-0002","AQS"
"10/27/2016","62","PM2.5","United Avenue","13-121-0055","AQS"
"10/28/2016","67","Ozone","Georgia Station","13-231-9991","AQS"
"10/29/2016","81","PM2.5","United Avenue","13-121-0055","AQS"
"10/30/2016","77","PM2.5","United Avenue","13-121-0055","AQS"
"10/31/2016","67","Ozone","Douglasville","13-097-0004","AQS"
"11/01/2016","71","PM2.5","United Avenue","13-121-0055","AQS"
"11/02/2016","62","PM2.5","United Avenue","13-121-0055","AQS"
"11/03/2016","64","PM2.5","Kennesaw","13-067-0003","AQS"
"11/04/2016","60","PM2.5","United Avenue","13-121-0055","AQS"
"11/05/2016","58","PM2.5","United Avenue","13-121-0055","AQS"
"11/06/2016","73","PM2.5","Yorkville, King Farm","13-223-0003","AQS"
"11/07/2016","66","PM2.5","South DeKalb","13-089-0002","AQS"
"11/08/2016","66","PM2.5","Yorkville, King Farm","13-223-0003","AQS"
"11/09/2016","79","PM2.5","South DeKalb","13-089-0002","AQS"
"11/10/2016","112","PM2.5","Gwinnett","13-135-0002","AQS"
"11/11/2016","84","PM2.5","Gwinnett","13-135-0002","AQS"
"11/12/2016","79","PM2.5","Yorkville, King Farm","13-223-0003","AQS"
"11/13/2016","65","PM2.5","Gwinnett","13-135-0002","AQS"
"11/14/2016","151","PM2.5","South DeKalb","13-089-0002","AQS"
"11/15/2016","112","PM2.5","South DeKalb","13-089-0002","AQS"
"11/16/2016","68","PM2.5","South DeKalb","13-089-0002","AQS"
"11/17/2016","68","PM2.5","Fire Station #8","13-121-0039","AQS"
"11/18/2016","73","PM2.5","South DeKalb","13-089-0002","AQS"
"11/19/2016","56","PM2.5","South DeKalb","13-089-0002","AQS"
"11/20/2016","54","PM2.5","South DeKalb","13-089-0002","AQS"
"11/21/2016","58","PM2.5","South DeKalb","13-089-0002","AQS"
"11/22/2016","71","PM2.5","South DeKalb","13-089-0002","AQS"
"11/23/2016","69","PM2.5","South DeKalb","13-089-0002","AQS"
"11/24/2016","58","PM2.5","South DeKalb","13-089-0002","AQS"
"11/25/2016","60","PM2.5","South DeKalb","13-089-0002","AQS"
"11/26/2016","63","PM2.5","South DeKalb","13-089-0002","AQS"
"11/27/2016","67","PM2.5","South DeKalb","13-089-0002","AQS"
"11/28/2016","58","PM2.5","South DeKalb","13-089-0002","AQS"
"11/29/2016","52","PM2.5","NR-GA Tech","13-121-0056","AQS"
"11/30/2016","33","PM2.5","South DeKalb","13-089-0002","AQS"
"12/01/2016","54","PM2.5","South DeKalb","13-089-0002","AQS"
"12/02/2016","58","PM2.5","South DeKalb","13-089-0002","AQS"
"12/03/2016","64","PM2.5","South DeKalb","13-089-0002","AQS"
"12/04/2016","59","PM2.5","South DeKalb","13-089-0002","AQS"
"12/05/2016","52","PM2.5","South DeKalb","13-089-0002","AQS"
"12/06/2016","47","PM2.5","South DeKalb","13-089-0002","AQS"
"12/07/2016","55","PM2.5","South DeKalb","13-089-0002","AQS"
"12/08/2016","59","PM2.5","South DeKalb","13-089-0002","AQS"
"12/09/2016","62","PM2.5","South DeKalb","13-089-0002","AQS"
"12/10/2016","76","PM2.5","South DeKalb","13-089-0002","AQS"
"12/11/2016","80","PM2.5","South DeKalb","13-089-0002","AQS"
"12/12/2016","67","PM2.5","South DeKalb","13-089-0002","AQS"
"12/13/2016","62","PM2.5","South DeKalb","13-089-0002","AQS"
"12/14/2016","57","PM2.5","South DeKalb","13-089-0002","AQS"
"12/15/2016","61","PM2.5","South DeKalb","13-089-0002","AQS"
"12/16/2016","63","PM2.5","South DeKalb","13-089-0002","AQS"
"12/17/2016","71","PM2.5","South DeKalb","13-089-0002","AQS"
"12/18/2016","54","PM2.5","South DeKalb","13-089-0002","AQS"
"12/19/2016","67","PM2.5","South DeKalb","13-089-0002","AQS"
"12/20/2016","65","PM2.5","South DeKalb","13-089-0002","AQS"
"12/21/2016","77","PM2.5","South DeKalb","13-089-0002","AQS"
"12/22/2016","71","PM2.5","South DeKalb","13-089-0002","AQS"
"12/23/2016","66","PM2.5","South DeKalb","13-089-0002","AQS"
"12/24/2016","69","PM2.5","South DeKalb","13-089-0002","AQS"
"12/25/2016","72","PM2.5","United Avenue","13-121-0055","AQS"
"12/26/2016","61","PM2.5","South DeKalb","13-089-0002","AQS"
"12/27/2016","46","PM2.5","South DeKalb","13-089-0002","AQS"
"12/28/2016","57","PM2.5","South DeKalb","13-089-0002","AQS"
"12/29/2016","47","PM2.5","South DeKalb","13-089-0002","AQS"
"12/30/2016","50","PM2.5","South DeKalb","13-089-0002","AQS"
"12/31/2016","66","PM2.5","South DeKalb","13-089-0002","AQS"
"01/01/2017","60","PM2.5","South DeKalb","13-089-0002","AQS"
"01/02/2017","38","PM2.5","South DeKalb","13-089-0002","AQS"
"01/03/2017","42","PM2.5","South DeKalb","13-089-0002","AQS"
"01/04/2017","46","PM2.5","South DeKalb","13-089-0002","AQS"
"01/05/2017","57","PM2.5","South DeKalb","13-089-0002","AQS"
"01/06/2017","64","PM2.5","South DeKalb","13-089-0002","AQS"
"01/07/2017","66","PM2.5","South DeKalb","13-089-0002","AQS"
"01/08/2017","72","PM2.5","South DeKalb","13-089-0002","AQS"
"01/09/2017","75","PM2.5","South DeKalb","13-089-0002","AQS"
"01/10/2017","65","PM2.5","South DeKalb","13-089-0002","AQS"
"01/11/2017","57","PM2.5","South DeKalb","13-089-0002","AQS"
"01/12/2017","64","PM2.5","South DeKalb","13-089-0002","AQS"
"01/13/2017","66","PM2.5","South DeKalb","13-089-0002","AQS"
"01/14/2017","70","PM2.5","United Avenue","13-121-0055","AQS"
"01/15/2017","77","PM2.5","Gwinnett","13-135-0002","AQS"
"01/16/2017","78","PM2.5","NR-GA Tech","13-121-0056","AQS"
"01/17/2017","61","PM2.5","United Avenue","13-121-0055","AQS"
"01/18/2017","53","PM2.5","South DeKalb","13-089-0002","AQS"
"01/19/2017","59","PM2.5","South DeKalb","13-089-0002","AQS"
"01/20/2017","52","PM2.5","United Avenue","13-121-0055","AQS"
"01/21/2017","33","PM2.5","United Avenue","13-121-0055","AQS"
"01/22/2017","40","Ozone","Georgia Station","13-231-9991","AQS"
"01/23/2017","43","PM2.5","South DeKalb","13-089-0002","AQS"
"01/24/2017","54","PM2.5","South DeKalb","13-089-0002","AQS"
"01/25/2017","59","PM2.5","South DeKalb","13-089-0002","AQS"
"01/26/2017","39","Ozone","Georgia Station","13-231-9991","AQS"
"01/27/2017","35","PM2.5","United Avenue","13-121-0055","AQS"
"01/28/2017","40","Ozone","Georgia Station","13-231-9991","AQS"
"01/29/2017","39","Ozone","Georgia Station","13-231-9991","AQS"
"01/30/2017","43","NO2","NR-285","13-089-0003","AQS"
"01/31/2017","59","PM2.5","United Avenue","13-121-0055","AQS"
"02/01/2017","56","PM2.5","United Avenue","13-121-0055","AQS"
"02/02/2017","59","PM2.5","United Avenue","13-121-0055","AQS"
"02/03/2017","39","PM2.5","United Avenue","13-121-0055","AQS"
"02/04/2017","43","PM2.5","South DeKalb","13-089-0002","AQS"
"02/05/2017","66","PM2.5","McDonough","13-151-0002","AQS"
"02/06/2017","74","PM2.5","NR-GA Tech","13-121-0056","AQS"
"02/07/2017","58","PM2.5","United Avenue","13-121-0055","AQS"
"02/08/2017","48","PM2.5","United Avenue","13-121-0055","AQS"
"02/09/2017","37","Ozone","Georgia Station","13-231-9991","AQS"
"02/10/2017","52","PM2.5","South DeKalb","13-089-0002","AQS"
"02/11/2017","58","PM2.5","United Avenue","13-121-0055","AQS"
"02/12/2017","60","PM2.5","United Avenue","13-121-0055","AQS"
"02/13/2017","47","NO2","NR-285","13-089-0003","AQS"
"02/14/2017","61","Ozone","Georgia Station","13-231-9991","AQS"
"02/15/2017","56","PM2.5","United Avenue","13-121-0055","AQS"
"02/16/2017","46","NO2","NR-285","13-089-0003","AQS"
"02/17/2017","56","PM2.5","South DeKalb","13-089-0002","AQS"
"02/18/2017","67","PM2.5","United Avenue","13-121-0055","AQS"
"02/19/2017","57","PM2.5","United Avenue","13-121-0055","AQS"
"02/20/2017","56","PM2.5","United Avenue","13-121-0055","AQS"
"02/21/2017","67","PM2.5","United Avenue","13-121-0055","AQS"
"02/22/2017","58","PM2.5","United Avenue","13-121-0055","AQS"
"02/23/2017","56","PM2.5","United Avenue","13-121-0055","AQS"
"02/24/2017","56","PM2.5","United Avenue","13-121-0055","AQS"
"02/25/2017","43","Ozone","Georgia Station","13-231-9991","AQS"
"02/26/2017","46","NO2","NR-285","13-089-0003","AQS"
"02/27/2017","55","PM2.5","United Avenue","13-121-0055","AQS"
"02/28/2017","58","PM2.5","United Avenue","13-121-0055","AQS"
"03/01/2017","56","PM2.5","United Avenue","13-121-0055","AQS"
"03/02/2017","42","Ozone","Georgia Station","13-231-9991","AQS"
"03/03/2017","45","PM2.5","South DeKalb","13-089-0002","AQS"
"03/04/2017","57","PM2.5","South DeKalb","13-089-0002","AQS"
"03/05/2017","66","PM2.5","NR-GA Tech","13-121-0056","AQS"
"03/06/2017","58","PM2.5","United Avenue","13-121-0055","AQS"
"03/07/2017","55","PM2.5","United Avenue","13-121-0055","AQS"
"03/08/2017","46","Ozone","Georgia Station","13-231-9991","AQS"
"03/09/2017","55","PM2.5","United Avenue","13-121-0055","AQS"
"03/10/2017","50","PM2.5","United Avenue","13-121-0055","AQS"
"03/11/2017","43","Ozone","Georgia Station","13-231-9991","AQS"
"03/12/2017","37","PM2.5","South DeKalb","13-089-0002","AQS"
"03/13/2017","49","PM2.5","South DeKalb","13-089-0002","AQS"
"03/14/2017","40","PM2.5","Fire Station #8","13-121-0039","AQS"
"03/15/2017","43","PM2.5","South DeKalb","13-089-0002","AQS"
"03/16/2017","55","PM2.5","South DeKalb","13-089-0002","AQS"
"03/17/2017","66","PM2.5","Fire Station #8","13-121-0039","AQS"
"03/18/2017","61","PM2.5","United Avenue","13-121-0055","AQS"
"03/19/2017","41","Ozone","Georgia Station","13-231-9991","AQS"
"03/20/2017","65","PM2.5","Newnan","13-077-0002","AQS"
"03/21/2017","69","PM2.5","United Avenue","13-121-0055","AQS"
"03/22/2017","52","PM2.5","United Avenue","13-121-0055","AQS"
"03/23/2017","56","PM2.5","United Avenue","13-121-0055","AQS"
"03/24/2017","60","PM2.5","United Avenue","13-121-0055","AQS"
"03/25/2017","52","PM2.5","United Avenue","13-121-0055","AQS"
"03/26/2017","56","PM2.5","United Avenue","13-121-0055","AQS"
"03/27/2017","58","PM2.5","United Avenue","13-121-0055","AQS"
"03/28/2017","56","PM2.5","United Avenue","13-121-0055","AQS"
"03/29/2017","71","Ozone","United Avenue","13-121-0055","AQS"
"03/30/2017","61","PM2.5","United Avenue","13-121-0055","AQS"
"03/31/2017","46","Ozone","McDonough","13-151-0002","AQS"
"04/01/2017","58","Ozone","Conyers","13-247-0001","AQS"
"04/02/2017","61","Ozone","Georgia Station","13-231-9991","AQS"
"04/03/2017","52","PM2.5","United Avenue","13-121-0055","AQS"
"04/04/2017","51","Ozone","Dawsonville","13-085-0001","AQS"
"04/05/2017","46","PM2.5","United Avenue","13-121-0055","AQS"
"04/06/2017","42","Ozone","Georgia Station","13-231-9991","AQS"
"04/07/2017","45","Ozone","Georgia Station","13-231-9991","AQS"
"04/08/2017","67","Ozone","Georgia Station","13-231-9991","AQS"
"04/09/2017","84","Ozone","Dawsonville","13-085-0001","AQS"
"04/10/2017","101","Ozone","Dawsonville","13-085-0001","AQS"
"04/11/2017","93","Ozone","Dawsonville","13-085-0001","AQS"
"04/12/2017","74","PM2.5","United Avenue","13-121-0055","AQS"
"04/13/2017","87","Ozone","Douglasville","13-097-0004","AQS"
"04/14/2017","72","PM2.5","United Avenue","13-121-0055","AQS"
"04/15/2017","55","PM2.5","United Avenue","13-121-0055","AQS"
"04/16/2017","59","PM2.5","United Avenue","13-121-0055","AQS"
"04/17/2017","61","PM2.5","United Avenue","13-121-0055","AQS"
"04/18/2017","55","PM2.5","United Avenue","13-121-0055","AQS"
"04/19/2017","55","PM2.5","United Avenue","13-121-0055","AQS"
"04/20/2017","58","Ozone","Dawsonville","13-085-0001","AQS"
"04/21/2017","64","PM2.5","United Avenue","13-121-0055","AQS"
"04/22/2017","58","PM2.5","United Avenue","13-121-0055","AQS"
"04/23/2017","34","Ozone","United Avenue","13-121-0055","AQS"
"04/24/2017","25","PM2.5","United Avenue","13-121-0055","AQS"
"04/25/2017","46","PM2.5","United Avenue","13-121-0055","AQS"
"04/26/2017","74","Ozone","Dawsonville","13-085-0001","AQS"
"04/27/2017","59","PM2.5","United Avenue","13-121-0055","AQS"
"04/28/2017","61","PM2.5","United Avenue","13-121-0055","AQS"
"04/29/2017","68","PM2.5","United Avenue","13-121-0055","AQS"
"04/30/2017","52","PM2.5","United Avenue","13-121-0055","AQS"
"05/01/2017","47","Ozone","Dawsonville","13-085-0001","AQS"
"05/02/2017","51","Ozone","Conyers","13-247-0001","AQS"
"05/03/2017","64","Ozone","United Avenue","13-121-0055","AQS"
"05/04/2017","56","PM2.5","United Avenue","13-121-0055","AQS"
"05/05/2017","34","Ozone","United Avenue","13-121-0055","AQS"
"05/06/2017","49","Ozone","United Avenue","13-121-0055","AQS"
"05/07/2017","48","Ozone","McDonough","13-151-0002","AQS"
"05/08/2017","80","Ozone","McDonough","13-151-0002","AQS"
"05/09/2017","90","Ozone","Douglasville","13-097-0004","AQS"
"05/10/2017","97","Ozone","Conyers","13-247-0001","AQS"
"05/11/2017","61","PM2.5","Gwinnett","13-135-0002","AQS"
"05/12/2017","57","PM2.5","McDonough","13-151-0002","AQS"
"05/13/2017","50","PM2.5","United Avenue","13-121-0055","AQS"
"05/14/2017","71","Ozone","United Avenue","13-121-0055","AQS"
"05/15/2017","143","Ozone","South DeKalb","13-089-0002","AQS"
"05/16/2017","112","Ozone","Dawsonville","13-085-0001","AQS"
"05/17/2017","57","PM2.5","United Avenue","13-121-0055","AQS"
"05/18/2017","58","PM2.5","United Avenue","13-121-0055","AQS"
"05/19/2017","71","Ozone","United Avenue","13-121-0055","AQS"
"05/20/2017","62","PM2.5","United Avenue","13-121-0055","AQS"
"05/21/2017","36","PM2.5","United Avenue","13-121-0055","AQS"
"05/22/2017","55","PM2.5","NR-GA Tech","13-121-0056","AQS"
"05/23/2017","31","Ozone","Kennesaw","13-067-0003","AQS"
"05/24/2017","40","Ozone","Georgia Station","13-231-9991","AQS"
"05/25/2017","39","PM2.5","United Avenue","13-121-0055","AQS"
"05/26/2017","52","PM2.5","United Avenue","13-121-0055","AQS"
"05/27/2017","60","PM2.5","United Avenue","13-121-0055","AQS"
"05/28/2017","41","PM2.5","United Avenue","13-121-0055","AQS"
"05/29/2017","51","PM2.5","United Avenue","13-121-0055","AQS"
"05/30/2017","45","PM2.5","United Avenue","13-121-0055","AQS"
"05/31/2017","62","PM2.5","United Avenue","13-121-0055","AQS"
"06/01/2017","62","PM2.5","United Avenue","13-121-0055","AQS"
"06/02/2017","97","Ozone","United Avenue","13-121-0055","AQS"
"06/03/2017","97","Ozone","Kennesaw","13-067-0003","AQS"
"06/04/2017","56","PM2.5","United Avenue","13-121-0055","AQS"
"06/05/2017","40","PM2.5","United Avenue","13-121-0055","AQS"
"06/06/2017","46","PM2.5","United Avenue","13-121-0055","AQS"
"06/07/2017","49","Ozone","Douglasville","13-097-0004","AQS"
"06/08/2017","61","Ozone","United Avenue","13-121-0055","AQS"
"06/09/2017","80","Ozone","Gwinnett","13-135-0002","AQS"
"06/10/2017","60","PM2.5","United Avenue","13-121-0055","AQS"
"06/11/2017","53","PM2.5","United Avenue","13-121-0055","AQS"
"06/12/2017","56","PM2.5","NR-GA Tech","13-121-0056","AQS"
"06/13/2017","67","Ozone","United Avenue","13-121-0055","AQS"
"06/14/2017","93","Ozone","United Avenue","13-121-0055","AQS"
"06/15/2017","67","Ozone","Conyers","13-247-0001","AQS"
"06/16/2017","74","Ozone","Conyers","13-247-0001","AQS"
"06/17/2017","47","Ozone","Dawsonville","13-085-0001","AQS"
"06/18/2017","36","PM2.5","Forest Park","13-063-0091","AQS"
"06/19/2017","38","PM2.5","South DeKalb","13-089-0002","AQS"
"06/20/2017","42","PM2.5","United Avenue","13-121-0055","AQS"
"06/21/2017","45","PM2.5","Gwinnett","13-135-0002","AQS"
"06/22/2017","53","PM2.5","United Avenue","13-121-0055","AQS"
"06/23/2017","55","PM2.5","United Avenue","13-121-0055","AQS"
"06/24/2017","46","PM2.5","South DeKalb","13-089-0002","AQS"
"06/25/2017","48","PM2.5","United Avenue","13-121-0055","AQS"
"06/26/2017","58","Ozone","United Avenue","13-121-0055","AQS"
"06/27/2017","61","Ozone","McDonough","13-151-0002","AQS"
"06/28/2017","77","Ozone","Douglasville","13-097-0004","AQS"
"06/29/2017","54","PM2.5","United Avenue","13-121-0055","AQS"
"06/30/2017","37","PM2.5","United Avenue","13-121-0055","AQS"
"07/01/2017","53","PM2.5","United Avenue","13-121-0055","AQS"
"07/02/2017","53","PM2.5","United Avenue","13-121-0055","AQS"
"07/03/2017","54","PM2.5","Kennesaw","13-067-0003","AQS"
"07/04/2017","72","PM2.5","United Avenue","13-121-0055","AQS"
"07/05/2017","86","PM2.5","United Avenue","13-121-0055","AQS"
"07/06/2017","53","PM2.5","United Avenue","13-121-0055","AQS"
"07/07/2017","49","PM2.5","United Avenue","13-121-0055","AQS"
"07/08/2017","52","PM2.5","United Avenue","13-121-0055","AQS"
"07/09/2017","54","PM2.5","United Avenue","13-121-0055","AQS"
"07/10/2017","90","Ozone","United Avenue","13-121-0055","AQS"
"07/11/2017","57","PM2.5","United Avenue","13-121-0055","AQS"
"07/12/2017","58","Ozone","Gwinnett","13-135-0002","AQS"
"07/13/2017","55","PM2.5","United Avenue","13-121-0055","AQS"
"07/14/2017","52","PM2.5","United Avenue","13-121-0055","AQS"
"07/15/2017","40","PM2.5","United Avenue","13-121-0055","AQS"
"07/16/2017","60","PM2.5","United Avenue","13-121-0055","AQS"
"07/17/2017","67","Ozone","United Avenue","13-121-0055","AQS"
"07/18/2017","61","Ozone","United Avenue","13-121-0055","AQS"
"07/19/2017","129","Ozone","McDonough","13-151-0002","AQS"
"07/20/2017","90","Ozone","McDonough","13-151-0002","AQS"
"07/21/2017","122","Ozone","United Avenue","13-121-0055","AQS"
"07/22/2017","71","Ozone","Gwinnett","13-135-0002","AQS"
"07/23/2017","62","PM2.5","United Avenue","13-121-0055","AQS"
"07/24/2017","56","PM2.5","NR-GA Tech","13-121-0056","AQS"
"07/25/2017","58","PM2.5","United Avenue","13-121-0055","AQS"
"07/26/2017","108","Ozone","United Avenue","13-121-0055","AQS"
"07/27/2017","84","Ozone","Gwinnett","13-135-0002","AQS"
"07/28/2017","62","PM2.5","United Avenue","13-121-0055","AQS"
"07/29/2017","50","PM2.5","United Avenue","13-121-0055","AQS"
"07/30/2017","46","PM2.5","United Avenue","13-121-0055","AQS"
"07/31/2017","54","Ozone","Newnan","13-077-0002","AQS"
"08/01/2017","150","Ozone","Douglasville","13-097-0004","AQS"
"08/02/2017","84","Ozone","Kennesaw","13-067-0003","AQS"
"08/03/2017","77","Ozone","Kennesaw","13-067-0003","AQS"
"08/04/2017","50","Ozone","Gwinnett","13-135-0002","AQS"
"08/05/2017","61","Ozone","Conyers","13-247-0001","AQS"
"08/06/2017","56","PM2.5","United Avenue","13-121-0055","AQS"
"08/07/2017","55","PM2.5","United Avenue","13-121-0055","AQS"
"08/08/2017","51","PM2.5","South DeKalb","13-089-0002","AQS"
"08/09/2017","44","PM2.5","United Avenue","13-121-0055","AQS"
"08/10/2017","53","PM2.5","United Avenue","13-121-0055","AQS"
"08/11/2017","43","Ozone","Gwinnett","13-135-0002","AQS"
"08/12/2017","52","PM2.5","United Avenue","13-121-0055","AQS"
"08/13/2017","55","PM2.5","United Avenue","13-121-0055","AQS"
"08/14/2017","61","PM2.5","United Avenue","13-121-0055","AQS"
"08/15/2017","53","PM2.5","United Avenue","13-121-0055","AQS"
"08/16/2017","51","PM2.5","United Avenue","13-121-0055","AQS"
"08/17/2017","53","PM2.5","United Avenue","13-121-0055","AQS"
"08/18/2017","60","PM2.5","United Avenue","13-121-0055","AQS"
"08/19/2017","119","Ozone","McDonough","13-151-0002","AQS"
"08/20/2017","119","Ozone","United Avenue","13-121-0055","AQS"
"08/21/2017","71","Ozone","Douglasville","13-097-0004","AQS"
"08/22/2017","84","Ozone","Gwinnett","13-135-0002","AQS"
"08/23/2017","56","PM2.5","United Avenue","13-121-0055","AQS"
"08/24/2017","119","Ozone","Georgia Station","13-231-9991","AQS"
"08/25/2017","84","Ozone","Douglasville","13-097-0004","AQS"
"08/26/2017","62","PM2.5","NR-GA Tech","13-121-0056","AQS"
"08/27/2017","56","PM2.5","South DeKalb","13-089-0002","AQS"
"08/28/2017","78","PM2.5","United Avenue","13-121-0055","AQS"
"08/29/2017","53","PM2.5","United Avenue","13-121-0055","AQS"
"08/30/2017","54","PM2.5","United Avenue","13-121-0055","AQS"
"08/31/2017","42","PM2.5","United Avenue","13-121-0055","AQS"
"09/01/2017","43","PM2.5","United Avenue","13-121-0055","AQS"
"09/02/2017","49","PM2.5","United Avenue","13-121-0055","AQS"
"09/03/2017","61","PM2.5","United Avenue","13-121-0055","AQS"
"09/04/2017","83","PM2.5","NR-GA Tech","13-121-0056","AQS"
"09/05/2017","71","PM2.5","Newnan","13-077-0002","AQS"
"09/06/2017","58","PM2.5","South DeKalb","13-089-0002","AQS"
"09/07/2017","54","Ozone","Georgia Station","13-231-9991","AQS"
"09/08/2017","93","Ozone","Douglasville","13-097-0004","AQS"
"09/09/2017","50","PM2.5","United Avenue","13-121-0055","AQS"
"09/10/2017","39","Ozone","Georgia Station","13-231-9991","AQS"
"09/11/2017","29","Ozone","Kennesaw","13-067-0003","AQS"
"09/12/2017","29","PM2.5","United Avenue","13-121-0055","AQS"
"09/13/2017","57","PM2.5","United Avenue","13-121-0055","AQS"
"09/14/2017","66","PM2.5","United Avenue","13-121-0055","AQS"
"09/15/2017","87","Ozone","United Avenue","13-121-0055","AQS"
"09/16/2017","70","PM2.5","United Avenue","13-121-0055","AQS"
"09/17/2017","71","PM2.5","Newnan","13-077-0002","AQS"
"09/18/2017","63","PM2.5","South DeKalb","13-089-0002","AQS"
"09/19/2017","84","Ozone","South DeKalb","13-089-0002","AQS"
"09/20/2017","84","Ozone","McDonough","13-151-0002","AQS"
"09/21/2017","80","Ozone","United Avenue","13-121-0055","AQS"
"09/22/2017","71","Ozone","Douglasville","13-097-0004","AQS"
"09/23/2017","74","Ozone","Douglasville","13-097-0004","AQS"
"09/24/2017","63","PM2.5","United Avenue","13-121-0055","AQS"
"09/25/2017","71","Ozone","Douglasville","13-097-0004","AQS"
"09/26/2017","87","Ozone","Georgia Station","13-231-9991","AQS"
"09/27/2017","61","PM2.5","Newnan","13-077-0002","AQS"
"09/28/2017","105","Ozone","United Avenue","13-121-0055","AQS"
"09/29/2017","90","Ozone","Gwinnett","13-135-0002","AQS"
"09/30/2017","54","Ozone","Douglasville","13-097-0004","AQS"
"10/01/2017","37","Ozone","Douglasville","13-097-0004","AQS"
"10/02/2017","51","PM2.5","United Avenue","13-121-0055","AQS"
"10/03/2017","44","PM2.5","United Avenue","13-121-0055","AQS"
"10/04/2017","49","PM2.5","NR-GA Tech","13-121-0056","AQS"
"10/05/2017","54","PM2.5","United Avenue","13-121-0055","AQS"
"10/06/2017","55","PM2.5","United Avenue","13-121-0055","AQS"
"10/07/2017","43","PM2.5","United Avenue","13-121-0055","AQS"
"10/08/2017","40","PM2.5","United Avenue","13-121-0055","AQS"
"10/09/2017","42","PM2.5","United Avenue","13-121-0055","AQS"
"10/10/2017","54","PM2.5","United Avenue","13-121-0055","AQS"
"10/11/2017","59","PM2.5","United Avenue","13-121-0055","AQS"
"10/12/2017","61","PM2.5","United Avenue","13-121-0055","AQS"
"10/13/2017","62","PM2.5","United Avenue","13-121-0055","AQS"
"10/14/2017","53","PM2.5","South DeKalb","13-089-0002","AQS"
"10/15/2017","56","PM2.5","United Avenue","13-121-0055","AQS"
"10/16/2017","32","Ozone","Georgia Station","13-231-9991","AQS"
"10/17/2017","38","Ozone","United Avenue","13-121-0055","AQS"
"10/18/2017","47","PM2.5","United Avenue","13-121-0055","AQS"
"10/19/2017","54","PM2.5","Forest Park","13-063-0091","AQS"
"10/20/2017","61","PM2.5","Newnan","13-077-0002","AQS"
"10/21/2017","59","PM2.5","United Avenue","13-121-0055","AQS"
"10/22/2017","44","PM2.5","United Avenue","13-121-0055","AQS"
"10/23/2017","37","Ozone","Georgia Station","13-231-9991","AQS"
"10/24/2017","39","Ozone","Georgia Station","13-231-9991","AQS"
"10/25/2017","39","Ozone","Georgia Station","13-231-9991","AQS"
"10/26/2017","53","PM2.5","United Avenue","13-121-0055","AQS"
"10/27/2017","57","PM2.5","United Avenue","13-121-0055","AQS"
"10/28/2017","41","PM2.5","United Avenue","13-121-0055","AQS"
"10/29/2017","37","PM2.5","United Avenue","13-121-0055","AQS"
"10/30/2017","48","PM2.5","United Avenue","13-121-0055","AQS"
"10/31/2017","63","PM2.5","United Avenue","13-121-0055","AQS"
"11/01/2017","69","PM2.5","United Avenue","13-121-0055","AQS"
"11/02/2017","64","PM2.5","United Avenue","13-121-0055","AQS"
"11/03/2017","66","PM2.5","United Avenue","13-121-0055","AQS"
"11/04/2017","61","PM2.5","United Avenue","13-121-0055","AQS"
"11/05/2017","64","PM2.5","United Avenue","13-121-0055","AQS"
"11/06/2017","62","PM2.5","McDonough","13-151-0002","AQS"
"11/07/2017","60","PM2.5","United Avenue","13-121-0055","AQS"
"11/08/2017","43","PM2.5","South DeKalb","13-089-0002","AQS"
"11/09/2017","31","PM2.5","South DeKalb","13-089-0002","AQS"
"11/10/2017","49","PM2.5","United Avenue","13-121-0055","AQS"
"11/11/2017","53","PM2.5","United Avenue","13-121-0055","AQS"
"11/12/2017","56","PM2.5","NR-GA Tech","13-121-0056","AQS"
"11/13/2017","57","PM2.5","South DeKalb","13-089-0002","AQS"
"11/14/2017","58","PM2.5","South DeKalb","13-089-0002","AQS"
"11/15/2017","69","PM2.5","Gwinnett","13-135-0002","AQS"
"11/16/2017","60","PM2.5","Gwinnett","13-135-0002","AQS"
"11/17/2017","57","PM2.5","United Avenue","13-121-0055","AQS"
"11/18/2017","66","PM2.5","Gwinnett","13-135-0002","AQS"
"11/19/2017","32","Ozone","Georgia Station","13-231-9991","AQS"
"11/20/2017","52","PM2.5","Gwinnett","13-135-0002","AQS"
"11/21/2017","57","PM2.5","NR-GA Tech","13-121-0056","AQS"
"11/22/2017","57","PM2.5","United Avenue","13-121-0055","AQS"
"11/23/2017","58","PM2.5","United Avenue","13-121-0055","AQS"
"11/24/2017","73","PM2.5","Gwinnett","13-135-0002","AQS"
"11/25/2017","74","PM2.5","Gwinnett","13-135-0002","AQS"
"11/26/2017","41","Ozone","Georgia Station","13-231-9991","AQS"
"11/27/2017","48","PM2.5","Fire Station #8","13-121-0039","AQS"
"11/28/2017","60","PM2.5","South DeKalb","13-089-0002","AQS"
"11/29/2017","76","PM2.5","Gwinnett","13-135-0002","AQS"
"11/30/2017","70","PM2.5","Gwinnett","13-135-0002","AQS"
"12/01/2017","74","PM2.5","South DeKalb","13-089-0002","AQS"
"12/02/2017","83","PM2.5","Gwinnett","13-135-0002","AQS"
"12/03/2017","77","PM2.5","Gwinnett","13-135-0002","AQS"
"12/04/2017","73","PM2.5","Gwinnett","13-135-0002","AQS"
"12/05/2017","62","PM2.5","United Avenue","13-121-0055","AQS"
"12/06/2017","32","PM2.5","United Avenue","13-121-0055","AQS"
"12/07/2017","39","PM2.5","United Avenue","13-121-0055","AQS"
"12/08/2017","41","PM2.5","South DeKalb","13-089-0002","AQS"
"12/09/2017","53","PM2.5","NR-GA Tech","13-121-0056","AQS"
"12/10/2017","58","PM2.5","Gwinnett","13-135-0002","AQS"
"12/11/2017","54","PM2.5","Gwinnett","13-135-0002","AQS"
"12/12/2017","45","PM2.5","United Avenue","13-121-0055","AQS"
"12/13/2017","44","PM2.5","Gwinnett","13-135-0002","AQS"
"12/14/2017","58","PM2.5","United Avenue","13-121-0055","AQS"
"12/15/2017","65","PM2.5","Gwinnett","13-135-0002","AQS"
"12/16/2017","69","PM2.5","South DeKalb","13-089-0002","AQS"
"12/17/2017","83","PM2.5","Gwinnett","13-135-0002","AQS"
"12/18/2017","74","PM2.5","NR-GA Tech","13-121-0056","AQS"
"12/19/2017","59","PM2.5","Gwinnett","13-135-0002","AQS"
"12/20/2017","32","PM2.5","Gwinnett","13-135-0002","AQS"
"12/21/2017","49","PM2.5","Gwinnett","13-135-0002","AQS"
"12/22/2017","56","PM2.5","Gwinnett","13-135-0002","AQS"
"12/23/2017","44","PM2.5","United Avenue","13-121-0055","AQS"
"12/24/2017","28","PM2.5","United Avenue","13-121-0055","AQS"
"12/25/2017","35","PM2.5","Gwinnett","13-135-0002","AQS"
"12/26/2017","39","PM2.5","South DeKalb","13-089-0002","AQS"
"12/27/2017","52","PM2.5","Fire Station #8","13-121-0039","AQS"
"12/28/2017","52","PM2.5","Gwinnett","13-135-0002","AQS"
"12/29/2017","61","PM2.5","Gwinnett","13-135-0002","AQS"
"12/30/2017","66","PM2.5","Gwinnett","13-135-0002","AQS"
"12/31/2017","68","PM2.5","Gwinnett","13-135-0002","AQS"
"01/01/2018","54","PM2.5","South DeKalb","13-089-0002","AQS"
"01/02/2018","58","PM2.5","Fire Station #8","13-121-0039","AQS"
"01/03/2018","54","PM2.5","Gwinnett","13-135-0002","AQS"
"01/04/2018","54","PM2.5","Gwinnett","13-135-0002","AQS"
"01/05/2018","57","PM2.5","NR-GA Tech","13-121-0056","AQS"
"01/06/2018","49","PM2.5","South DeKalb","13-089-0002","AQS"
"01/07/2018","60","PM2.5","South DeKalb","13-089-0002","AQS"
"01/08/2018","61","PM2.5","NR-GA Tech","13-121-0056","AQS"
"01/09/2018","61","PM2.5","South DeKalb","13-089-0002","AQS"
"01/10/2018","47","PM2.5","Gwinnett","13-135-0002","AQS"
"01/11/2018","36","PM2.5","NR-GA Tech","13-121-0056","AQS"
"01/12/2018","39","Ozone","Georgia Station","13-231-9991","AQS"
"01/13/2018","39","PM2.5","United Avenue","13-121-0055","AQS"
"01/14/2018","52","PM2.5","South DeKalb","13-089-0002","AQS"
"01/15/2018","63","PM2.5","South DeKalb","13-089-0002","AQS"
"01/16/2018","65","PM2.5","Gwinnett","13-135-0002","AQS"
"01/17/2018","57","PM2.5","Gwinnett","13-135-0002","AQS"
"01/18/2018","53","PM2.5","South DeKalb","13-089-0002","AQS"
"01/19/2018","49","PM2.5","South DeKalb","13-089-0002","AQS"
"01/20/2018","63","PM2.5","Fire Station #8","13-121-0039","AQS"
"01/21/2018","61","PM2.5","Gwinnett","13-135-0002","AQS"
"01/22/2018","63","PM2.5","Gwinnett","13-135-0002","AQS"
"01/23/2018","62","PM2.5","Forest Park","13-063-0091","AQS"
"01/24/2018","35","Ozone","Georgia Station","13-231-9991","AQS"
"01/25/2018","53","PM2.5","Gwinnett","13-135-0002","AQS"
"01/26/2018","65","PM2.5","Gwinnett","13-135-0002","AQS"
"01/27/2018","60","PM2.5","South DeKalb","13-089-0002","AQS"
"01/28/2018","49","PM2.5","South DeKalb","13-089-0002","AQS"
"01/29/2018","42","PM2.5","South DeKalb","13-089-0002","AQS"
"01/30/2018","42","PM2.5","South DeKalb","13-089-0002","AQS"
"01/31/2018","51","PM2.5","South DeKalb","13-089-0002","AQS"
"02/01/2018","61","PM2.5","South DeKalb","13-089-0002","AQS"
"02/02/2018","34","Ozone","Georgia Station","13-231-9991","AQS"
"02/03/2018","38","PM2.5","South DeKalb","13-089-0002","AQS"
"02/04/2018","51","PM2.5","South DeKalb","13-089-0002","AQS"
"02/05/2018","56","PM2.5","Gwinnett","13-135-0002","AQS"
"02/06/2018","59","PM2.5","Gwinnett","13-135-0002","AQS"
"02/07/2018","36","PM2.5","Forest Park","13-063-0091","AQS"
"02/08/2018","51","PM2.5","South DeKalb","13-089-0002","AQS"
"02/09/2018","48","PM2.5","South DeKalb","13-089-0002","AQS"
"02/10/2018","51","PM2.5","Gwinnett","13-135-0002","AQS"
"02/11/2018","23","Ozone","Georgia Station","13-231-9991","AQS"
"02/12/2018","28","PM2.5","South DeKalb","13-089-0002","AQS"
"02/13/2018","44","PM2.5","Gwinnett","13-135-0002","AQS"
"02/14/2018","57","PM2.5","Gwinnett","13-135-0002","AQS"
"02/15/2018","47","PM2.5","South DeKalb","13-089-0002","AQS"
"02/16/2018","56","PM2.5","NR-GA Tech","13-121-0056","AQS"
"02/17/2018","30","Ozone","Georgia Station","13-231-9991","AQS"
"02/18/2018","26","Ozone","South DeKalb","13-089-0002","AQS"
"02/19/2018","56","PM2.5","South DeKalb","13-089-0002","AQS"
"02/20/2018","55","PM2.5","Gwinnett","13-135-0002","AQS"
"02/21/2018","52","PM2.5","Gwinnett","13-135-0002","AQS"
"02/22/2018","64","PM2.5","NR-GA Tech","13-121-0056","AQS"
"02/23/2018","61","PM2.5","United Avenue","13-121-0055","AQS"
"02/24/2018","66","PM2.5","United Avenue","13-121-0055","AQS"
"02/25/2018","46","PM2.5","United Avenue","13-121-0055","AQS"
"02/26/2018","35","Ozone","Georgia Station","13-231-9991","AQS"
"02/27/2018","41","Ozone","South DeKalb","13-089-0002","AQS"
"02/28/2018","56","PM2.5","NR-GA Tech","13-121-0056","AQS"
"03/01/2018","44","PM2.5","Gwinnett","13-135-0002","AQS"
"03/02/2018","44","Ozone","Dawsonville","13-085-0001","AQS"
"03/03/2018","43","Ozone","Dawsonville","13-085-0001","AQS"
"03/04/2018","48","Ozone","Douglasville","13-097-0004","AQS"
"03/05/2018","75","PM2.5","Gwinnett","13-135-0002","AQS"
"03/06/2018","71","PM2.5","Gwinnett","13-135-0002","AQS"
"03/07/2018","58","PM2.5","South DeKalb","13-089-0002","AQS"
"03/08/2018","50","PM2.5","Gwinnett","13-135-0002","AQS"
"03/09/2018","64","PM2.5","South DeKalb","13-089-0002","AQS"
"03/10/2018","76","PM2.5","Gwinnett","13-135-0002","AQS"
"03/11/2018","66","PM2.5","South DeKalb","13-089-0002","AQS"
"03/12/2018","43","Ozone","Dawsonville","13-085-0001","AQS"
"03/13/2018","53","PM2.5","Gwinnett","13-135-0002","AQS"
"03/14/2018","46","Ozone","United Avenue","13-121-0055","AQS"
"03/15/2018","61","Ozone","United Avenue","13-121-0055","AQS"
"03/16/2018","74","Ozone","United Avenue","13-121-0055","AQS"
"03/17/2018","64","PM2.5","Gwinnett","13-135-0002","AQS"
"03/18/2018","57","PM2.5","United Avenue","13-121-0055","AQS"
"03/19/2018","59","PM2.5","South DeKalb","13-089-0002","AQS"
"03/20/2018","45","PM2.5","Gwinnett","13-135-0002","AQS"
"03/21/2018","44","Ozone","Georgia Station","13-231-9991","AQS"
"03/22/2018","46","Ozone","Georgia Station","13-231-9991","AQS"
"03/23/2018","52","PM2.5","United Avenue","13-121-0055","AQS"
"03/24/2018","62","PM2.5","Gwinnett","13-135-0002","AQS"
"03/25/2018","56","PM2.5","Gwinnett","13-135-0002","AQS"
"03/26/2018","42","Ozone","Dawsonville","13-085-0001","AQS"
"03/27/2018","55","PM2.5","Gwinnett","13-135-0002","AQS"
"03/28/2018","59","PM2.5","Gwinnett","13-135-0002","AQS"
"03/29/2018","63","PM2.5","Gwinnett","13-135-0002","AQS"
"03/30/2018","41","Ozone","Dawsonville","13-085-0001","AQS"
"03/31/2018","48","Ozone","Georgia Station","13-231-9991","AQS"
"04/01/2018","58","PM2.5","United Avenue","13-121-0055","AQS"
"04/02/2018","70","PM2.5","United Avenue","13-121-0055","AQS"
"04/03/2018","80","PM2.5","Gwinnett","13-135-0002","AQS"
"04/04/2018","43","Ozone","Conyers","13-247-0001","AQS"
"04/05/2018","51","PM2.5","United Avenue","13-121-0055","AQS"
"04/06/2018","69","PM2.5","Gwinnett","13-135-0002","AQS"
"04/07/2018","57","PM2.5","South DeKalb","13-089-0002","AQS"
"04/08/2018","39","Ozone","Douglasville","13-097-0004","AQS"
"04/09/2018","49","PM2.5","Gwinnett","13-135-0002","AQS"
"04/10/2018","50","PM2.5","Gwinnett","13-135-0002","AQS"
"04/11/2018","57","PM2.5","United Avenue","13-121-0055","AQS"
"04/12/2018","80","Ozone","Dawsonville","13-085-0001","AQS"
"04/13/2018","67","Ozone","Dawsonville","13-085-0001","AQS"
"04/14/2018","63","PM2.5","United Avenue","13-121-0055","AQS"
"04/15/2018","51","PM2.5","United Avenue","13-121-0055","AQS"
"04/16/2018","39","Ozone","Kennesaw","13-067-0003","AQS"
"04/17/2018","77","Ozone","Dawsonville","13-085-0001","AQS"
"04/18/2018","64","Ozone","Dawsonville","13-085-0001","AQS"
"04/19/2018","56","PM2.5","United Avenue","13-121-0055","AQS"
"04/20/2018","58","Ozone","Douglasville","13-097-0004","AQS"
"04/21/2018","71","Ozone","Kennesaw","13-067-0003","AQS"
"04/22/2018","44","PM2.5","United Avenue","13-121-0055","AQS"
"04/23/2018","34","Ozone","United Avenue","13-121-0055","AQS"
"04/24/2018","39","Ozone","Dawsonville","13-085-0001","AQS"
"04/25/2018","35","Ozone","United Avenue","13-121-0055","AQS"
"04/26/2018","47","PM2.5","United Avenue","13-121-0055","AQS"
"04/27/2018","64","Ozone","Conyers","13-247-0001","AQS"
"04/28/2018","64","Ozone","United Avenue","13-121-0055","AQS"
"04/29/2018","64","Ozone","McDonough","13-151-0002","AQS"
"04/30/2018","84","Ozone","Dawsonville","13-085-0001","AQS"
"05/01/2018","105","Ozone","Dawsonville","13-085-0001","AQS"
"05/02/2018","108","Ozone","Dawsonville","13-085-0001","AQS"
"05/03/2018","93","Ozone","Dawsonville","13-085-0001","AQS"
"05/04/2018","67","Ozone","Conyers","13-247-0001","AQS"
"05/05/2018","68","PM2.5","Gwinnett","13-135-0002","AQS"
"05/06/2018","61","Ozone","United Avenue","13-121-0055","AQS"
"05/07/2018","77","Ozone","McDonough","13-151-0002","AQS"
"05/08/2018","61","Ozone","Kennesaw","13-067-0003","AQS"
"05/09/2018","97","Ozone","United Avenue","13-121-0055","AQS"
"05/10/2018","71","Ozone","United Avenue","13-121-0055","AQS"
"05/11/2018","97","Ozone","Conyers","13-247-0001","AQS"
"05/12/2018","112","Ozone","Conyers","13-247-0001","AQS"
"05/13/2018","115","Ozone","McDonough","13-151-0002","AQS"
"05/14/2018","100","Ozone","United Avenue","13-121-0055","AQS"
"05/15/2018","44","PM2.5","United Avenue","13-121-0055","AQS"
"05/16/2018","32","Ozone","Kennesaw","13-067-0003","AQS"
"05/17/2018","38","PM2.5","United Avenue","13-121-0055","AQS"
"05/18/2018","54","PM2.5","United Avenue","13-121-0055","AQS"
"05/19/2018","64","PM2.5","United Avenue","13-121-0055","AQS"
"05/20/2018","60","PM2.5","McDonough","13-151-0002","AQS"
"05/21/2018","39","Ozone","Kennesaw","13-067-0003","AQS"
"05/22/2018","45","PM2.5","United Avenue","13-121-0055","AQS"
"05/23/2018","35","Ozone","United Avenue","13-121-0055","AQS"
"05/24/2018","48","Ozone","Douglasville","13-097-0004","AQS"
"05/25/2018","38","Ozone","Kennesaw","13-067-0003","AQS"
"05/26/2018","52","PM2.5","United Avenue","13-121-0055","AQS"
"05/27/2018","48","PM2.5","United Avenue","13-121-0055","AQS"
"05/28/2018","22","PM2.5","United Avenue","13-121-0055","AQS"
"05/29/2018","36","PM2.5","Gwinnett","13-135-0002","AQS"
"05/30/2018","46","PM2.5","United Avenue","13-121-0055","AQS"
"05/31/2018","56","PM2.5","United Avenue","13-121-0055","AQS"
"06/01/2018","46","PM2.5","United Avenue","13-121-0055","AQS"
"06/02/2018","55","PM2.5","United Avenue","13-121-0055","AQS"
"06/03/2018","61","PM2.5","United Avenue","13-121-0055","AQS"
"06/04/2018","101","Ozone","McDonough","13-151-0002","AQS"
"06/05/2018","84","Ozone","United Avenue","13-121-0055","AQS"
"06/06/2018","105","Ozone","United Avenue","13-121-0055","AQS"
"06/07/2018","133","Ozone","United Avenue","13-121-0055","AQS"
"06/08/2018","84","Ozone","Douglasville","13-097-0004","AQS"
"06/09/2018","97","Ozone","United Avenue","13-121-0055","AQS"
"06/10/2018","67","Ozone","Conyers","13-247-0001","AQS"
"06/11/2018","60","PM2.5","Gwinnett","13-135-0002","AQS"
"06/12/2018","54","PM2.5","United Avenue","13-121-0055","AQS"
"06/13/2018","56","PM2.5","United Avenue","13-121-0055","AQS"
"06/14/2018","57","PM2.5","United Avenue","13-121-0055","AQS"
"06/15/2018","90","Ozone","United Avenue","13-121-0055","AQS"
"06/16/2018","64","Ozone","Kennesaw","13-067-0003","AQS"
"06/17/2018","53","PM2.5","United Avenue","13-121-0055","AQS"
"06/18/2018","71","Ozone","McDonough","13-151-0002","AQS"
"06/19/2018","77","Ozone","McDonough","13-151-0002","AQS"
"06/20/2018","71","PM2.5","United Avenue","13-121-0055","AQS"
"06/21/2018","67","PM2.5","United Avenue","13-121-0055","AQS"
"06/22/2018","51","PM2.5","United Avenue","13-121-0055","AQS"
"06/23/2018","53","PM2.5","United Avenue","13-121-0055","AQS"
"06/24/2018","58","PM2.5","United Avenue","13-121-0055","AQS"
"06/25/2018","53","PM2.5","United Avenue","13-121-0055","AQS"
"06/26/2018","61","Ozone","Conyers","13-247-0001","AQS"
"06/27/2018","43","PM2.5","United Avenue","13-121-0055","AQS"
"06/28/2018","46","PM2.5","United Avenue","13-121-0055","AQS"
"06/29/2018","71","Ozone","United Avenue","13-121-0055","AQS"
"06/30/2018","57","PM2.5","United Avenue","13-121-0055","AQS"
"07/01/2018","51","PM2.5","United Avenue","13-121-0055","AQS"
"07/02/2018","44","PM2.5","United Avenue","13-121-0055","AQS"
"07/03/2018","51","PM2.5","United Avenue","13-121-0055","AQS"
"07/04/2018","64","PM2.5","NR-GA Tech","13-121-0056","AQS"
"07/05/2018","58","PM2.5","United Avenue","13-121-0055","AQS"
"07/06/2018","52","PM2.5","United Avenue","13-121-0055","AQS"
"07/07/2018","51","PM2.5","United Avenue","13-121-0055","AQS"
"07/08/2018","53","PM2.5","United Avenue","13-121-0055","AQS"
"07/09/2018","129","Ozone","United Avenue","13-121-0055","AQS"
"07/10/2018","97","Ozone","McDonough","13-151-0002","AQS"
"07/11/2018","90","Ozone","United Avenue","13-121-0055","AQS"
"07/12/2018","100","Ozone","Conyers","13-247-0001","AQS"
"07/13/2018","77","Ozone","Kennesaw","13-067-0003","AQS"
"07/14/2018","60","PM2.5","United Avenue","13-121-0055","AQS"
"07/15/2018","59","PM2.5","United Avenue","13-121-0055","AQS"
"07/16/2018","56","PM2.5","United Avenue","13-121-0055","AQS"
"07/17/2018","64","Ozone","Conyers","13-247-0001","AQS"
"07/18/2018","77","Ozone","McDonough","13-151-0002","AQS"
"07/19/2018","57","PM2.5","United Avenue","13-121-0055","AQS"
"07/20/2018","54","PM2.5","Gwinnett","13-135-0002","AQS"
"07/21/2018","49","PM2.5","United Avenue","13-121-0055","AQS"
"07/22/2018","52","PM2.5","United Avenue","13-121-0055","AQS"
"07/23/2018","50","PM2.5","Gwinnett","13-135-0002","AQS"
"07/24/2018","53","PM2.5","United Avenue","13-121-0055","AQS"
"07/25/2018","80","Ozone","McDonough","13-151-0002","AQS"
"07/26/2018","105","Ozone","McDonough","13-151-0002","AQS"
"07/27/2018","90","Ozone","Conyers","13-247-0001","AQS"
"07/28/2018","84","Ozone","McDonough","13-151-0002","AQS"
"07/29/2018","74","Ozone","United Avenue","13-121-0055","AQS"
"07/30/2018","67","Ozone","Kennesaw","13-067-0003","AQS"
"07/31/2018","56","PM2.5","United Avenue","13-121-0055","AQS"
"08/01/2018","35","PM2.5","United Avenue","13-121-0055","AQS"
"08/02/2018","28","PM2.5","United Avenue","13-121-0055","AQS"
"08/03/2018","44","Ozone","United Avenue","13-121-0055","AQS"
"08/04/2018","54","PM2.5","United Avenue","13-121-0055","AQS"
"08/05/2018","56","PM2.5","United Avenue","13-121-0055","AQS"
"08/06/2018","77","Ozone","McDonough","13-151-0002","AQS"
"08/07/2018","49","PM2.5","South DeKalb","13-089-0002","AQS"
"08/08/2018","55","PM2.5","United Avenue","13-121-0055","AQS"
"08/09/2018","52","PM2.5","United Avenue","13-121-0055","AQS"
"08/10/2018","53","PM2.5","Gwinnett","13-135-0002","AQS"
"08/11/2018","52","PM2.5","United Avenue","13-121-0055","AQS"
"08/12/2018","61","PM2.5","United Avenue","13-121-0055","AQS"
"08/13/2018","68","PM2.5","United Avenue","13-121-0055","AQS"
"08/14/2018","71","Ozone","Conyers","13-247-0001","AQS"
"08/15/2018","112","Ozone","United Avenue","13-121-0055","AQS"
"08/16/2018","87","Ozone","Gwinnett","13-135-0002","AQS"
"08/17/2018","38","PM2.5","United Avenue","13-121-0055","AQS"
"08/18/2018","41","PM2.5","United Avenue","13-121-0055","AQS"
"08/19/2018","54","PM2.5","Gwinnett","13-135-0002","AQS"
"08/20/2018","48","PM2.5","United Avenue","13-121-0055","AQS"
"08/21/2018","54","PM2.5","Gwinnett","13-135-0002","AQS"
"08/22/2018","56","PM2.5","United Avenue","13-121-0055","AQS"
"08/23/2018","76","PM2.5","Gwinnett","13-135-0002","AQS"
"08/24/2018","66","PM2.5","United Avenue","13-121-0055","AQS"
"08/25/2018","80","Ozone","Douglasville","13-097-0004","AQS"
"08/26/2018","65","PM2.5","United Avenue","13-121-0055","AQS"
"08/27/2018","71","Ozone","Kennesaw","13-067-0003","AQS"
"08/28/2018","65","PM2.5","United Avenue","13-121-0055","AQS"
"08/29/2018","57","PM2.5","United Avenue","13-121-0055","AQS"
"08/30/2018","49","Ozone","Kennesaw","13-067-0003","AQS"
"08/31/2018","48","Ozone","Dawsonville","13-085-0001","AQS"
"09/01/2018","49","PM2.5","United Avenue","13-121-0055","AQS"
"09/02/2018","38","PM2.5","United Avenue","13-121-0055","AQS"
"09/03/2018","40","PM2.5","United Avenue","13-121-0055","AQS"
"09/04/2018","51","PM2.5","United Avenue","13-121-0055","AQS"
"09/05/2018","51","PM2.5","United Avenue","13-121-0055","AQS"
"09/06/2018","51","PM2.5","United Avenue","13-121-0055","AQS"
"09/07/2018","54","PM2.5","United Avenue","13-121-0055","AQS"
"09/08/2018","54","PM2.5","United Avenue","13-121-0055","AQS"
"09/09/2018","55","PM2.5","United Avenue","13-121-0055","AQS"
"09/10/2018","55","PM2.5","United Avenue","13-121-0055","AQS"
"09/11/2018","52","PM2.5","United Avenue","13-121-0055","AQS"
"09/12/2018","55","PM2.5","United Avenue","13-121-0055","AQS"
"09/13/2018","53","PM2.5","United Avenue","13-121-0055","AQS"
"09/14/2018","48","PM2.5","United Avenue","13-121-0055","AQS"
"09/15/2018","33","PM2.5","United Avenue","13-121-0055","AQS"
"09/16/2018","27","PM2.5","United Avenue","13-121-0055","AQS"
"09/17/2018","33","PM2.5","United Avenue","13-121-0055","AQS"
"09/18/2018","46","Ozone","McDonough","13-151-0002","AQS"
"09/19/2018","74","Ozone","United Avenue","13-121-0055","AQS"
"09/20/2018","84","Ozone","Kennesaw","13-067-0003","AQS"
"09/21/2018","67","Ozone","Kennesaw","13-067-0003","AQS"
"09/22/2018","60","PM2.5","Gwinnett","13-135-0002","AQS"
"09/23/2018","58","PM2.5","Gwinnett","13-135-0002","AQS"
"09/24/2018","52","PM2.5","Gwinnett","13-135-0002","AQS"
"09/25/2018","53","PM2.5","Gwinnett","13-135-0002","AQS"
"09/26/2018","48","PM2.5","United Avenue","13-121-0055","AQS"
"09/27/2018","47","PM2.5","United Avenue","13-121-0055","AQS"
"09/28/2018","46","PM2.5","United Avenue","13-121-0055","AQS"
"09/29/2018","54","PM2.5","United Avenue","13-121-0055","AQS"
"09/30/2018","52","PM2.5","United Avenue","13-121-0055","AQS"
"10/01/2018","52","PM2.5","United Avenue","13-121-0055","AQS"
"10/02/2018","61","Ozone","Douglasville","13-097-0004","AQS"
"10/03/2018","67","Ozone","United Avenue","13-121-0055","AQS"
"10/04/2018","74","Ozone","McDonough","13-151-0002","AQS"
"10/05/2018","80","Ozone","Conyers","13-247-0001","AQS"
"10/06/2018","80","PM2.5","McDonough","13-151-0002","AQS"
"10/07/2018","60","PM2.5","Gwinnett","13-135-0002","AQS"
"10/08/2018","54","PM2.5","Gwinnett","13-135-0002","AQS"
"10/09/2018","39","PM2.5","United Avenue","13-121-0055","AQS"
"10/10/2018","31","PM2.5","United Avenue","13-121-0055","AQS"
"10/11/2018","38","PM2.5","United Avenue","13-121-0055","AQS"
"10/12/2018","46","PM2.5","South DeKalb","13-089-0002","AQS"
"10/13/2018","49","PM2.5","United Avenue","13-121-0055","AQS"
"10/14/2018","58","PM2.5","United Avenue","13-121-0055","AQS"
"10/15/2018","59","PM2.5","United Avenue","13-121-0055","AQS"
"10/16/2018","59","PM2.5","United Avenue","13-121-0055","AQS"
"10/17/2018","31","Ozone","Dawsonville","13-085-0001","AQS"
"10/18/2018","43","PM2.5","United Avenue","13-121-0055","AQS"
"10/19/2018","58","PM2.5","United Avenue","13-121-0055","AQS"
"10/20/2018","60","PM2.5","Gwinnett","13-135-0002","AQS"
"10/21/2018","35","Ozone","Georgia Station","13-231-9991","AQS"
"10/22/2018","44","PM2.5","United Avenue","13-121-0055","AQS"
"10/23/2018","54","PM2.5","Forest Park","13-063-0091","AQS"
"10/24/2018","55","PM2.5","Gwinnett","13-135-0002","AQS"
"10/25/2018","57","PM2.5","United Avenue","13-121-0055","AQS"
"10/26/2018","25","PM2.5","NR-GA Tech","13-121-0056","AQS"
"10/27/2018","36","PM2.5","United Avenue","13-121-0055","AQS"
"10/28/2018","54","PM2.5","Gwinnett","13-135-0002","AQS"
"10/29/2018","44","PM2.5","United Avenue","13-121-0055","AQS"
"10/30/2018","53","PM2.5","United Avenue","13-121-0055","AQS"
"10/31/2018","68","PM2.5","Gwinnett","13-135-0002","AQS"
"11/01/2018","52","PM2.5","United Avenue","13-121-0055","AQS"
"11/02/2018","36","PM2.5","Gwinnett","13-135-0002","AQS"
"11/03/2018","53","PM2.5","Gwinnett","13-135-0002","AQS"
"11/04/2018","52","PM2.5","Gwinnett","13-135-0002","AQS"
"11/05/2018","52","PM2.5","Gwinnett","13-135-0002","AQS"
"11/06/2018","42","PM2.5","United Avenue","13-121-0055","AQS"
"11/07/2018","55","PM2.5","United Avenue","13-121-0055","AQS"
"11/08/2018","55","PM2.5","United Avenue","13-121-0055","AQS"
"11/09/2018","28","PM2.5","United Avenue","13-121-0055","AQS"
"11/10/2018","52","PM2.5","Gwinnett","13-135-0002","AQS"
"11/11/2018","53","PM2.5","Gwinnett","13-135-0002","AQS"
"11/12/2018","37","PM2.5","Gwinnett","13-135-0002","AQS"
"11/13/2018","41","PM2.5","Gwinnett","13-135-0002","AQS"
"11/14/2018","51","PM2.5","Gwinnett","13-135-0002","AQS"
"11/15/2018","33","PM2.5","Gwinnett","13-135-0002","AQS"
"11/16/2018","53","PM2.5","NR-GA Tech","13-121-0056","AQS"
"11/17/2018","70","PM2.5","Gwinnett","13-135-0002","AQS"
"11/18/2018","87","PM2.5","Gwinnett","13-135-0002","AQS"
"11/19/2018","85","PM2.5","Gwinnett","13-135-0002","AQS"
"11/20/2018","57","PM2.5","Gwinnett","13-135-0002","AQS"
"11/21/2018","53","PM2.5","Gwinnett","13-135-0002","AQS"
"11/22/2018","62","PM2.5","Gwinnett","13-135-0002","AQS"
"11/23/2018","61","PM2.5","Gwinnett","13-135-0002","AQS"
"11/24/2018","49","PM2.5","South DeKalb","13-089-0002","AQS"
"11/25/2018","62","PM2.5","South DeKalb","13-089-0002","AQS"
"11/26/2018","46","PM2.5","Gwinnett","13-135-0002","AQS"
"11/27/2018","48","PM2.5","Gwinnett","13-135-0002","AQS"
"11/28/2018","54","PM2.5","Gwinnett","13-135-0002","AQS"
"11/29/2018","66","PM2.5","Gwinnett","13-135-0002","AQS"
"11/30/2018","61","PM2.5","Gwinnett","13-135-0002","AQS"
"12/01/2018","53","PM2.5","Gwinnett","13-135-0002","AQS"
"12/02/2018","57","PM2.5","Gwinnett","13-135-0002","AQS"
"12/03/2018","55","PM2.5","Gwinnett","13-135-0002","AQS"
"12/04/2018","33","PM2.5","Gwinnett","13-135-0002","AQS"
"12/05/2018","39","PM2.5","Gwinnett","13-135-0002","AQS"
"12/06/2018","53","PM2.5","Gwinnett","13-135-0002","AQS"
"12/07/2018","74","PM2.5","Gwinnett","13-135-0002","AQS"
"12/08/2018","52","PM2.5","South DeKalb","13-089-0002","AQS"
"12/09/2018","23","Ozone","Georgia Station","13-231-9991","AQS"
"12/10/2018","42","PM2.5","South DeKalb","13-089-0002","AQS"
"12/11/2018","53","PM2.5","South DeKalb","13-089-0002","AQS"
"12/12/2018","62","PM2.5","Gwinnett","13-135-0002","AQS"
"12/13/2018","71","PM2.5","Gwinnett","13-135-0002","AQS"
"12/14/2018","40","PM2.5","Gwinnett","13-135-0002","AQS"
"12/15/2018","45","PM2.5","Gwinnett","13-135-0002","AQS"
"12/16/2018","31","PM2.5","Gwinnett","13-135-0002","AQS"
"12/17/2018","35","PM2.5","United Avenue","13-121-0055","AQS"
"12/18/2018","49","PM2.5","Gwinnett","13-135-0002","AQS"
"12/19/2018","65","PM2.5","Gwinnett","13-135-0002","AQS"
"12/20/2018","53","PM2.5","Gwinnett","13-135-0002","AQS"
"12/21/2018","32","PM2.5","United Avenue","13-121-0055","AQS"
"12/22/2018","52","PM2.5","Gwinnett","13-135-0002","AQS"
"12/23/2018","66","PM2.5","Gwinnett","13-135-0002","AQS"
"12/24/2018","51","PM2.5","Gwinnett","13-135-0002","AQS"
"12/25/2018","75","PM2.5","Gwinnett","13-135-0002","AQS"
"12/26/2018","69","PM2.5","Gwinnett","13-135-0002","AQS"
"12/27/2018","53","PM2.5","Gwinnett","13-135-0002","AQS"
"12/28/2018","33","PM2.5","United Avenue","13-121-0055","AQS"
"12/29/2018","52","PM2.5","Gwinnett","13-135-0002","AQS"
"12/30/2018","52","PM2.5","South DeKalb","13-089-0002","AQS"
"12/31/2018","51","PM2.5","Gwinnett","13-135-0002","AQS"
"01/01/2019","48","PM2.5","Gwinnett","13-135-0002","AQS"
"01/02/2019","49","PM2.5","Gwinnett","13-135-0002","AQS"
"01/03/2019","40","PM2.5","NR-GA Tech","13-121-0056","AQS"
"01/04/2019","30","Ozone","Georgia Station","13-231-9991","AQS"
"01/05/2019","35","Ozone","Georgia Station","13-231-9991","AQS"
"01/06/2019","54","PM2.5","Kennesaw","13-067-0003","AQS"
"01/07/2019","61","PM2.5","United Avenue","13-121-0055","AQS"
"01/08/2019","55","PM2.5","Gwinnett","13-135-0002","AQS"
"01/09/2019","36","Ozone","Georgia Station","13-231-9991","AQS"
"01/10/2019","48","PM2.5","Gwinnett","13-135-0002","AQS"
"01/11/2019","56","PM2.5","Gwinnett","13-135-0002","AQS"
"01/12/2019","60","PM2.5","Gwinnett","13-135-0002","AQS"
"01/13/2019","58","PM2.5","Gwinnett","13-135-0002","AQS"
"01/14/2019","37","PM2.5","Gwinnett","13-135-0002","AQS"
"01/15/2019","44","PM2.5","NR-GA Tech","13-121-0056","AQS"
"01/16/2019","60","PM2.5","NR-GA Tech","13-121-0056","AQS"
"01/17/2019","69","PM2.5","Gwinnett","13-135-0002","AQS"
"01/18/2019","77","PM2.5","Gwinnett","13-135-0002","AQS"
"01/19/2019","56","PM2.5","Gwinnett","13-135-0002","AQS"
"01/20/2019","35","Ozone","Georgia Station","13-231-9991","AQS"
"01/21/2019","38","PM2.5","United Avenue","13-121-0055","AQS"
"01/22/2019","38","PM2.5","Gwinnett","13-135-0002","AQS"
"01/23/2019","53","PM2.5","Gwinnett","13-135-0002","AQS"
"01/24/2019","43","PM2.5","Gwinnett","13-135-0002","AQS"
"01/25/2019","55","PM2.5","Gwinnett","13-135-0002","AQS"
"01/26/2019","64","PM2.5","Gwinnett","13-135-0002","AQS"
"01/27/2019","78","PM2.5","Gwinnett","13-135-0002","AQS"
"01/28/2019","71","PM2.5","Gwinnett","13-135-0002","AQS"
"01/29/2019","57","PM2.5","Gwinnett","13-135-0002","AQS"
"01/30/2019","47","PM2.5","Gwinnett","13-135-0002","AQS"
"01/31/2019","53","PM2.5","Gwinnett","13-135-0002","AQS"
"02/01/2019","77","PM2.5","Gwinnett","13-135-0002","AQS"
"02/02/2019","71","PM2.5","Gwinnett","13-135-0002","AQS"
"02/03/2019","73","PM2.5","Gwinnett","13-135-0002","AQS"
"02/04/2019","77","PM2.5","Gwinnett","13-135-0002","AQS"
"02/05/2019","65","PM2.5","Gwinnett","13-135-0002","AQS"
"02/06/2019","58","PM2.5","Gwinnett","13-135-0002","AQS"
"02/07/2019","57","PM2.5","Gwinnett","13-135-0002","AQS"
"02/08/2019","35","Ozone","Georgia Station","13-231-9991","AQS"
"02/09/2019","41","PM2.5","Gwinnett","13-135-0002","AQS"
"02/10/2019","60","PM2.5","Gwinnett","13-135-0002","AQS"
"02/11/2019","60","PM2.5","Gwinnett","13-135-0002","AQS"
"02/12/2019","37","PM2.5","Gwinnett","13-135-0002","AQS"
"02/13/2019","40","Ozone","Georgia Station","13-231-9991","AQS"
"02/14/2019","47","PM2.5","NR-GA Tech","13-121-0056","AQS"
"02/15/2019","62","PM2.5","Gwinnett","13-135-0002","AQS"
"02/16/2019","39","PM2.5","Gwinnett","13-135-0002","AQS"
"02/17/2019","45","PM2.5","Gwinnett","13-135-0002","AQS"
"02/18/2019","36","Ozone","Georgia Station","13-231-9991","AQS"
"02/19/2019","40","PM2.5","Gwinnett","13-135-0002","AQS"
"02/20/2019","24","PM2.5","Gwinnett","13-135-0002","AQS"
"02/21/2019","58","PM2.5","Gwinnett","13-135-0002","AQS"
"02/22/2019","50","PM2.5","South DeKalb","13-089-0002","AQS"
"02/23/2019","23","PM2.5","Gwinnett","13-135-0002","AQS"
"02/24/2019","41","Ozone","Georgia Station","13-231-9991","AQS"
"02/25/2019","44","PM2.5","Gwinnett","13-135-0002","AQS"
"02/26/2019","59","PM2.5","Gwinnett","13-135-0002","AQS"
"02/27/2019","77","PM2.5","Gwinnett","13-135-0002","AQS"
"02/28/2019","67","PM2.5","Gwinnett","13-135-0002","AQS"
"03/01/2019","53","PM2.5","Gwinnett","13-135-0002","AQS"
"03/02/2019","53","PM2.5","Gwinnett","13-135-0002","AQS"
"03/03/2019","53","PM2.5","Gwinnett","13-135-0002","AQS"
"03/04/2019","55","PM2.5","Gwinnett","13-135-0002","AQS"
"03/05/2019","43","Ozone","Georgia Station","13-231-9991","AQS"
"03/06/2019","45","PM2.5","South DeKalb","13-089-0002","AQS"
"03/07/2019","61","Ozone","Georgia Station","13-231-9991","AQS"
"03/08/2019","109","PM2.5","Gwinnett","13-135-0002","AQS"
"03/09/2019","92","PM2.5","Gwinnett","13-135-0002","AQS"
"03/10/2019","57","PM2.5","Gwinnett","13-135-0002","AQS"
"03/11/2019","48","PM2.5","United Avenue","13-121-0055","AQS"
"03/12/2019","50","Ozone","Georgia Station","13-231-9991","AQS"
"03/13/2019","72","PM2.5","Gwinnett","13-135-0002","AQS"
"03/14/2019","64","PM2.5","Gwinnett","13-135-0002","AQS"
"03/15/2019","58","PM2.5","Gwinnett","13-135-0002","AQS"
"03/16/2019","43","Ozone","Dawsonville","13-085-0001","AQS"
"03/17/2019","47","Ozone","United Avenue","13-121-0055","AQS"
"03/18/2019","48","Ozone","Georgia Station","13-231-9991","AQS"
"03/19/2019","58","PM2.5","Gwinnett","13-135-0002","AQS"
"03/20/2019","78","PM2.5","Gwinnett","13-135-0002","AQS"
"03/21/2019","74","PM2.5","Gwinnett","13-135-0002","AQS"
"03/22/2019","56","PM2.5","Gwinnett","13-135-0002","AQS"
"03/23/2019","84","Ozone","Georgia Station","13-231-9991","AQS"
"03/24/2019","93","Ozone","Dawsonville","13-085-0001","AQS"
"03/25/2019","77","PM2.5","Gwinnett","13-135-0002","AQS"
"03/26/2019","60","PM2.5","Gwinnett","13-135-0002","AQS"
"03/27/2019","56","PM2.5","Gwinnett","13-135-0002","AQS"
"03/28/2019","67","Ozone","Georgia Station","13-231-9991","AQS"
"03/29/2019","77","PM2.5","Gwinnett","13-135-0002","AQS"
"03/30/2019","81","PM2.5","Gwinnett","13-135-0002","AQS"
"03/31/2019","41","Ozone","Dawsonville","13-085-0001","AQS"
"04/01/2019","47","Ozone","Georgia Station","13-231-9991","AQS"
"04/02/2019","55","PM2.5","Gwinnett","13-135-0002","AQS"
"04/03/2019","71","Ozone","Georgia Station","13-231-9991","AQS"
"04/04/2019","72","PM2.5","United Avenue","13-121-0055","AQS"
"04/05/2019","55","PM2.5","South DeKalb","13-089-0002","AQS"
"04/06/2019","58","PM2.5","South DeKalb","13-089-0002","AQS"
"04/07/2019","51","PM2.5","United Avenue","13-121-0055","AQS"
"04/08/2019","55","PM2.5","Gwinnett","13-135-0002","AQS"
"04/09/2019","46","PM2.5","Gwinnett","13-135-0002","AQS"
"04/10/2019","67","Ozone","Kennesaw","13-067-0003","AQS"
"04/11/2019","58","PM2.5","Gwinnett","13-135-0002","AQS"
"04/12/2019","56","PM2.5","Gwinnett","13-135-0002","AQS"
"04/13/2019","66","PM2.5","Gwinnett","13-135-0002","AQS"
"04/14/2019","53","PM2.5","Gwinnett","13-135-0002","AQS"
"04/15/2019","46","Ozone","United Avenue","13-121-0055","AQS"
"04/16/2019","64","Ozone","Dawsonville","13-085-0001","AQS"
"04/17/2019","126","Ozone","Dawsonville","13-085-0001","AQS"
"04/18/2019","62","PM2.5","Gwinnett","13-135-0002","AQS"
"04/19/2019","35","Ozone","Georgia Station","13-231-9991","AQS"
"04/20/2019","31","Ozone","United Avenue","13-121-0055","AQS"
"04/21/2019","47","Ozone","United Avenue","13-121-0055","AQS"
"04/22/2019","61","Ozone","United Avenue","13-121-0055","AQS"
"04/23/2019","65","PM2.5","Gwinnett","13-135-0002","AQS"
"04/24/2019","69","PM2.5","Gwinnett","13-135-0002","AQS"
"04/25/2019","64","PM2.5","Gwinnett","13-135-0002","AQS"
"04/26/2019","54","Ozone","United Avenue","13-121-0055","AQS"
"04/27/2019","87","Ozone","Gwinnett","13-135-0002","AQS"
"04/28/2019","64","PM2.5","Gwinnett","13-135-0002","AQS"
"04/29/2019","81","PM2.5","Gwinnett","13-135-0002","AQS"
"04/30/2019","77","PM2.5","Gwinnett","13-135-0002","AQS"
"05/01/2019","66","PM2.5","South DeKalb","13-089-0002","AQS"
"05/02/2019","61","PM2.5","South DeKalb","13-089-0002","AQS"
"05/03/2019","65","PM2.5","United Avenue","13-121-0055","AQS"
"05/04/2019","54","PM2.5","United Avenue","13-121-0055","AQS"
"05/05/2019","37","Ozone","United Avenue","13-121-0055","AQS"
"05/06/2019","80","Ozone","Georgia Station","13-231-9991","AQS"
"05/07/2019","87","Ozone","Douglasville","13-097-0004","AQS"
"05/08/2019","58","PM2.5","United Avenue","13-121-0055","AQS"
"05/09/2019","53","PM2.5","United Avenue","13-121-0055","AQS"
"05/10/2019","56","PM2.5","United Avenue","13-121-0055","AQS"
"05/11/2019","53","PM2.5","United Avenue","13-121-0055","AQS"
"05/12/2019","35","PM2.5","United Avenue","13-121-0055","AQS"
"05/13/2019","43","Ozone","Conyers","13-247-0001","AQS"
"05/14/2019","49","Ozone","McDonough","13-151-0002","AQS"
"05/15/2019","100","Ozone","United Avenue","13-121-0055","AQS"
"05/16/2019","71","Ozone","Gwinnett","13-135-0002","AQS"
"05/17/2019","97","Ozone","Conyers","13-247-0001","AQS"
"05/18/2019","90","Ozone","Gwinnett","13-135-0002","AQS"
"05/19/2019","65","PM2.5","United Avenue","13-121-0055","AQS"
"05/20/2019","61","PM2.5","United Avenue","13-121-0055","AQS"
"05/21/2019","74","Ozone","Dawsonville","13-085-0001","AQS"
"05/22/2019","67","PM2.5","United Avenue","13-121-0055","AQS"
"05/23/2019","90","Ozone","Kennesaw","13-067-0003","AQS"
"05/24/2019","68","PM2.5","United Avenue","13-121-0055","AQS"
"05/25/2019","65","PM2.5","United Avenue","13-121-0055","AQS"
"05/26/2019","65","PM2.5","United Avenue","13-121-0055","AQS"
"05/27/2019","68","PM2.5","United Avenue","13-121-0055","AQS"
"05/28/2019","62","PM2.5","United Avenue","13-121-0055","AQS"
"05/29/2019","61","PM2.5","United Avenue","13-121-0055","AQS"
"05/30/2019","61","PM2.5","United Avenue","13-121-0055","AQS"
"05/31/2019","56","PM2.5","South DeKalb","13-089-0002","AQS"
"06/01/2019","90","Ozone","Conyers","13-247-0001","AQS"
"06/02/2019","74","Ozone","United Avenue","13-121-0055","AQS"
"06/03/2019","129","Ozone","McDonough","13-151-0002","AQS"
"06/04/2019","105","Ozone","Douglasville","13-097-0004","AQS"
"06/05/2019","79","PM2.5","NR-GA Tech","13-121-0056","AQS"
"06/06/2019","60","PM2.5","United Avenue","13-121-0055","AQS"
"06/07/2019","41","PM2.5","United Avenue","13-121-0055","AQS"
"06/08/2019","32","Ozone","Gwinnett","13-135-0002","AQS"
"06/09/2019","32","PM2.5","United Avenue","13-121-0055","AQS"
"06/10/2019","46","PM2.5","United Avenue","13-121-0055","AQS"
"06/11/2019","57","PM2.5","United Avenue","13-121-0055","AQS"
"06/12/2019","41","PM2.5","United Avenue","13-121-0055","AQS"
"06/13/2019","48","Ozone","Georgia Station","13-231-9991","AQS"
"06/14/2019","136","Ozone","United Avenue","13-121-0055","AQS"
"06/15/2019","59","PM2.5","United Avenue","13-121-0055","AQS"
"06/16/2019","59","PM2.5","United Avenue","13-121-0055","AQS"
"06/17/2019","58","PM2.5","United Avenue","13-121-0055","AQS"
"06/18/2019","46","PM2.5","United Avenue","13-121-0055","AQS"
"06/19/2019","46","PM2.5","United Avenue","13-121-0055","AQS"
"06/20/2019","52","PM2.5","United Avenue","13-121-0055","AQS"
"06/21/2019","74","Ozone","Conyers","13-247-0001","AQS"
"06/22/2019","56","PM2.5","United Avenue","13-121-0055","AQS"
"06/23/2019","55","PM2.5","United Avenue","13-121-0055","AQS"
"06/24/2019","67","PM2.5","United Avenue","13-121-0055","AQS"
"06/25/2019","54","PM2.5","United Avenue","13-121-0055","AQS"
"06/26/2019","65","PM2.5","United Avenue","13-121-0055","AQS"
"06/27/2019","93","Ozone","Douglasville","13-097-0004","AQS"
"06/28/2019","61","PM2.5","United Avenue","13-121-0055","AQS"
"06/29/2019","58","PM2.5","United Avenue","13-121-0055","AQS"
"06/30/2019","57","PM2.5","United Avenue","13-121-0055","AQS"
"07/01/2019","77","Ozone","United Avenue","13-121-0055","AQS"
"07/02/2019","115","Ozone","McDonough","13-151-0002","AQS"
"07/03/2019","74","Ozone","McDonough","13-151-0002","AQS"
"07/04/2019","73","PM2.5","United Avenue","13-121-0055","AQS"
"07/05/2019","73","PM2.5","United Avenue","13-121-0055","AQS"
"07/06/2019","63","PM2.5","United Avenue","13-121-0055","AQS"
"07/07/2019","61","PM2.5","United Avenue","13-121-0055","AQS"
"07/08/2019","59","PM2.5","United Avenue","13-121-0055","AQS"
"07/09/2019","58","PM2.5","United Avenue","13-121-0055","AQS"
"07/10/2019","56","PM2.5","United Avenue","13-121-0055","AQS"
"07/11/2019","51","PM2.5","United Avenue","13-121-0055","AQS"
"07/12/2019","44","PM2.5","United Avenue","13-121-0055","AQS"
"07/13/2019","52","PM2.5","United Avenue","13-121-0055","AQS"
"07/14/2019","60","PM2.5","McDonough","13-151-0002","AQS"
"07/15/2019","66","PM2.5","United Avenue","13-121-0055","AQS"
"07/16/2019","69","PM2.5","United Avenue","13-121-0055","AQS"
"07/17/2019","63","PM2.5","United Avenue","13-121-0055","AQS"
"07/18/2019","53","PM2.5","United Avenue","13-121-0055","AQS"
"07/19/2019","54","PM2.5","United Avenue","13-121-0055","AQS"
"07/20/2019","52","PM2.5","United Avenue","13-121-0055","AQS"
"07/21/2019","39","PM2.5","United Avenue","13-121-0055","AQS"
"07/22/2019","47","PM2.5","United Avenue","13-121-0055","AQS"
"07/23/2019","36","PM2.5","United Avenue","13-121-0055","AQS"
"07/24/2019","58","Ozone","Georgia Station","13-231-9991","AQS"
"07/25/2019","64","Ozone","Douglasville","13-097-0004","AQS"
"07/26/2019","87","Ozone","Douglasville","13-097-0004","AQS"
"07/27/2019","84","Ozone","Douglasville","13-097-0004","AQS"
"07/28/2019","93","Ozone","United Avenue","13-121-0055","AQS"
"07/29/2019","84","Ozone","United Avenue","13-121-0055","AQS"
"07/30/2019","77","Ozone","South DeKalb","13-089-0002","AQS"
"07/31/2019","97","Ozone","Gwinnett","13-135-0002","AQS"
"08/01/2019","71","Ozone","United Avenue","13-121-0055","AQS"
"08/02/2019","52","PM2.5","NR-GA Tech","13-121-0056","AQS"
"08/03/2019","52","PM2.5","Gwinnett","13-135-0002","AQS"
"08/04/2019","46","PM2.5","United Avenue","13-121-0055","AQS"
"08/05/2019","67","Ozone","United Avenue","13-121-0055","AQS"
"08/06/2019","74","Ozone","McDonough","13-151-0002","AQS"
"08/07/2019","64","Ozone","Conyers","13-247-0001","AQS"
"08/08/2019","61","Ozone","Conyers","13-247-0001","AQS"
"08/09/2019","105","Ozone","Conyers","13-247-0001","AQS"
"08/10/2019","72","PM2.5","United Avenue","13-121-0055","AQS"
"08/11/2019","57","PM2.5","NR-GA Tech","13-121-0056","AQS"
"08/12/2019","100","Ozone","Kennesaw","13-067-0003","AQS"
"08/13/2019","64","Ozone","Conyers","13-247-0001","AQS"
"08/14/2019","112","Ozone","McDonough","13-151-0002","AQS"
"08/15/2019","80","Ozone","Georgia Station","13-231-9991","AQS"
"08/16/2019","122","Ozone","McDonough","13-151-0002","AQS"
"08/17/2019","150","Ozone","McDonough","13-151-0002","AQS"
"08/18/2019","84","Ozone","United Avenue","13-121-0055","AQS"
"08/19/2019","54","PM2.5","United Avenue","13-121-0055","AQS"
"08/20/2019","80","Ozone","Douglasville","13-097-0004","AQS"
"08/21/2019","53","PM2.5","United Avenue","13-121-0055","AQS"
"08/22/2019","57","PM2.5","United Avenue","13-121-0055","AQS"
"08/23/2019","52","PM2.5","United Avenue","13-121-0055","AQS"
"08/24/2019","54","PM2.5","United Avenue","13-121-0055","AQS"
"08/25/2019","37","PM2.5","United Avenue","13-121-0055","AQS"
"08/26/2019","47","PM2.5","United Avenue","13-121-0055","AQS"
"08/27/2019","46","PM2.5","United Avenue","13-121-0055","AQS"
"08/28/2019","50","Ozone","Georgia Station","13-231-9991","AQS"
"08/29/2019","100","Ozone","South DeKalb","13-089-0002","AQS"
"08/30/2019","97","Ozone","Douglasville","13-097-0004","AQS"
"08/31/2019","57","PM2.5","United Avenue","13-121-0055","AQS"
"09/01/2019","55","PM2.5","United Avenue","13-121-0055","AQS"
"09/02/2019","54","PM2.5","United Avenue","13-121-0055","AQS"
"09/03/2019","71","Ozone","Douglasville","13-097-0004","AQS"
"09/04/2019","74","Ozone","Georgia Station","13-231-9991","AQS"
"09/05/2019","84","Ozone","McDonough","13-151-0002","AQS"
"09/06/2019","80","Ozone","Conyers","13-247-0001","AQS"
"09/07/2019","74","Ozone","Conyers","13-247-0001","AQS"
"09/08/2019","100","Ozone","United Avenue","13-121-0055","AQS"
"09/09/2019","172","Ozone","United Avenue","13-121-0055","AQS"
"09/10/2019","74","Ozone","Kennesaw","13-067-0003","AQS"
"09/11/2019","100","Ozone","Kennesaw","13-067-0003","AQS"
"09/12/2019","108","Ozone","Douglasville","13-097-0004","AQS"
"09/13/2019","119","Ozone","Kennesaw","13-067-0003","AQS"
"09/14/2019","58","PM2.5","NR-GA Tech","13-121-0056","AQS"
"09/15/2019","56","PM2.5","NR-GA Tech","13-121-0056","AQS"
"09/16/2019","119","Ozone","Georgia Station","13-231-9991","AQS"
"09/17/2019","108","Ozone","Conyers","13-247-0001","AQS"
"09/18/2019","64","PM2.5","United Avenue","13-121-0055","AQS"
"09/19/2019","52","PM2.5","United Avenue","13-121-0055","AQS"
"09/20/2019","58","Ozone","Douglasville","13-097-0004","AQS"
"09/21/2019","53","PM2.5","United Avenue","13-121-0055","AQS"
"09/22/2019","61","Ozone","Kennesaw","13-067-0003","AQS"
"09/23/2019","77","Ozone","McDonough","13-151-0002","AQS"
"09/24/2019","67","Ozone","Conyers","13-247-0001","AQS"
"09/25/2019","97","Ozone","Conyers","13-247-0001","AQS"
"09/26/2019","67","Ozone","Conyers","13-247-0001","AQS"
"09/27/2019","84","Ozone","Kennesaw","13-067-0003","AQS"
"09/28/2019","67","PM2.5","United Avenue","13-121-0055","AQS"
"09/29/2019","60","PM2.5","United Avenue","13-121-0055","AQS"
"09/30/2019","115","Ozone","United Avenue","13-121-0055","AQS"
"10/01/2019","101","Ozone","Douglasville","13-097-0004","AQS"
"10/02/2019","100","Ozone","United Avenue","13-121-0055","AQS"
"10/03/2019","147","Ozone","Georgia Station","13-231-9991","AQS"
"10/04/2019","129","Ozone","Georgia Station","13-231-9991","AQS"
"10/05/2019","58","PM2.5","United Avenue","13-121-0055","AQS"
"10/06/2019","44","PM2.5","United Avenue","13-121-0055","AQS"
"10/07/2019","42","PM2.5","United Avenue","13-121-0055","AQS"
"10/08/2019","44","PM2.5","United Avenue","13-121-0055","AQS"
"10/09/2019","35","PM2.5","United Avenue","13-121-0055","AQS"
"10/10/2019","49","PM2.5","United Avenue","13-121-0055","AQS"
"10/11/2019","58","Ozone","Kennesaw","13-067-0003","AQS"
"10/12/2019","56","PM2.5","United Avenue","13-121-0055","AQS"
"10/13/2019","44","PM2.5","United Avenue","13-121-0055","AQS"
"10/14/2019","44","PM2.5","United Avenue","13-121-0055","AQS"
"10/15/2019","58","PM2.5","United Avenue","13-121-0055","AQS"
"10/16/2019","31","Ozone","Kennesaw","13-067-0003","AQS"
"10/17/2019","39","Ozone","Georgia Station","13-231-9991","AQS"
"10/18/2019","52","PM2.5","United Avenue","13-121-0055","AQS"
"10/19/2019","41","PM2.5","United Avenue","13-121-0055","AQS"
"10/20/2019","41","PM2.5","United Avenue","13-121-0055","AQS"
"10/21/2019","60","PM2.5","United Avenue","13-121-0055","AQS"
"10/22/2019","42","PM2.5","United Avenue","13-121-0055","AQS"
"10/23/2019","40","PM2.5","United Avenue","13-121-0055","AQS"
"10/24/2019","57","PM2.5","United Avenue","13-121-0055","AQS"
"10/25/2019","55","PM2.5","United Avenue","13-121-0055","AQS"
"10/26/2019","40","PM2.5","United Avenue","13-121-0055","AQS"
"10/27/2019","34","PM2.5","United Avenue","13-121-0055","AQS"
"10/28/2019","50","PM2.5","United Avenue","13-121-0055","AQS"
"10/29/2019","63","PM2.5","United Avenue","13-121-0055","AQS"
"10/30/2019","40","PM2.5","NR-GA Tech","13-121-0056","AQS"
"10/31/2019","27","PM2.5","South DeKalb","13-089-0002","AQS"
"11/01/2019","43","PM2.5","United Avenue","13-121-0055","AQS"
"11/02/2019","55","PM2.5","United Avenue","13-121-0055","AQS"
"11/03/2019","52","PM2.5","United Avenue","13-121-0055","AQS"
"11/04/2019","55","PM2.5","United Avenue","13-121-0055","AQS"
"11/05/2019","57","PM2.5","United Avenue","13-121-0055","AQS"
"11/06/2019","60","PM2.5","South DeKalb","13-089-0002","AQS"
"11/07/2019","67","PM2.5","McDonough","13-151-0002","AQS"
"11/08/2019","45","PM2.5","South DeKalb","13-089-0002","AQS"
"11/09/2019","61","PM2.5","Gwinnett","13-135-0002","AQS"
"11/10/2019","73","PM2.5","United Avenue","13-121-0055","AQS"
"11/11/2019","69","PM2.5","Gwinnett","13-135-0002","AQS"
"11/12/2019","36","PM2.5","United Avenue","13-121-0055","AQS"
"11/13/2019","42","PM2.5","Gwinnett","13-135-0002","AQS"
"11/14/2019","58","PM2.5","NR-GA Tech","13-121-0056","AQS"
"11/15/2019","57","PM2.5","South DeKalb","13-089-0002","AQS"
"11/16/2019","56","PM2.5","United Avenue","13-121-0055","AQS"
"11/17/2019","61","PM2.5","Kennesaw","13-067-0003","AQS"
"11/18/2019","53","PM2.5","United Avenue","13-121-0055","AQS"
"11/19/2019","58","PM2.5","Gwinnett","13-135-0002","AQS"
"11/20/2019","51","PM2.5","United Avenue","13-121-0055","AQS"
"11/21/2019","72","PM2.5","Gwinnett","13-135-0002","AQS"
"11/22/2019","73","PM2.5","Gwinnett","13-135-0002","AQS"
"11/23/2019","56","PM2.5","South DeKalb","13-089-0002","AQS"
"11/24/2019","29","PM2.5","South DeKalb","13-089-0002","AQS"
"11/25/2019","62","PM2.5","Gwinnett","13-135-0002","AQS"
"11/26/2019","70","PM2.5","Gwinnett","13-135-0002","AQS"
"11/27/2019","54","PM2.5","United Avenue","13-121-0055","AQS"
"11/28/2019","38","Ozone","Georgia Station","13-231-9991","AQS"
"11/29/2019","53","PM2.5","United Avenue","13-121-0055","AQS"
"11/30/2019","69","PM2.5","Gwinnett","13-135-0002","AQS"
"12/01/2019","38","Ozone","Georgia Station","13-231-9991","AQS"
"12/02/2019","26","PM2.5","United Avenue","13-121-0055","AQS"
"12/03/2019","38","PM2.5","NR-GA Tech","13-121-0056","AQS"
"12/04/2019","48","PM2.5","NR-GA Tech","13-121-0056","AQS"
"12/05/2019","53","PM2.5","Forest Park","13-063-0091","AQS"
"12/06/2019","77","PM2.5","Gwinnett","13-135-0002","AQS"
"12/07/2019","80","PM2.5","NR-GA Tech","13-121-0056","AQS"
"12/08/2019","55","PM2.5","NR-GA Tech","13-121-0056","AQS"
"12/09/2019","67","PM2.5","Gwinnett","13-135-0002","AQS"
"12/10/2019","39","PM2.5","Gwinnett","13-135-0002","AQS"
"12/11/2019","34","NO2","NR-285","13-089-0003","AQS"
"12/12/2019","34","PM2.5","United Avenue","13-121-0055","AQS"
"12/13/2019","28","PM2.5","NR-GA Tech","13-121-0056","AQS"
"12/14/2019","44","PM2.5","South DeKalb","13-089-0002","AQS"
"12/15/2019","68","PM2.5","NR-GA Tech","13-121-0056","AQS"
"12/16/2019","57","PM2.5","United Avenue","13-121-0055","AQS"
"12/17/2019","29","Ozone","Georgia Station","13-231-9991","AQS"
"12/18/2019","42","PM2.5","South DeKalb","13-089-0002","AQS"
"12/19/2019","54","PM2.5","South DeKalb","13-089-0002","AQS"
"12/20/2019","58","PM2.5","South DeKalb","13-089-0002","AQS"
"12/21/2019","64","PM2.5","Gwinnett","13-135-0002","AQS"
"12/22/2019","55","PM2.5","Gwinnett","13-135-0002","AQS"
"12/23/2019","31","Ozone","Georgia Station","13-231-9991","AQS"
"12/24/2019","35","Ozone","Georgia Station","13-231-9991","AQS"
"12/25/2019","53","PM2.5","United Avenue","13-121-0055","AQS"
"12/26/2019","68","PM2.5","Fire Station #8","13-121-0039","AQS"
"12/27/2019","61","PM2.5","NR-GA Tech","13-121-0056","AQS"
"12/28/2019","52","PM2.5","South DeKalb","13-089-0002","AQS"
"12/29/2019","26","Ozone","Georgia Station","13-231-9991","AQS"
"12/30/2019","36","Ozone","Georgia Station","13-231-9991","AQS"
"12/31/2019","38","Ozone","Georgia Station","13-231-9991","AQS"
"01/01/2020","44","PM2.5","Kennesaw","13-067-0003","AQS"
"01/02/2020","58","PM2.5","Gwinnett","13-135-0002","AQS"
"01/03/2020","47","PM2.5","NR-GA Tech","13-121-0056","AQS"
"01/04/2020","35","Ozone","Georgia Station","13-231-9991","AQS"
"01/05/2020","40","PM2.5","United Avenue","13-121-0055","AQS"
"01/06/2020","52","PM2.5","South DeKalb","13-089-0002","AQS"
"01/07/2020","44","PM2.5","United Avenue","13-121-0055","AQS"
"01/08/2020","42","PM2.5","United Avenue","13-121-0055","AQS"
"01/09/2020","57","PM2.5","United Avenue","13-121-0055","AQS"
"01/10/2020","55","PM2.5","NR-GA Tech","13-121-0056","AQS"
"01/11/2020","32","PM2.5","South DeKalb","13-089-0002","AQS"
"01/12/2020","38","PM2.5","United Avenue","13-121-0055","AQS"
"01/13/2020","49","PM2.5","NR-GA Tech","13-121-0056","AQS"
"01/14/2020","26","NO2","NR-GA Tech","13-121-0056","AQS"
"01/15/2020","38","PM2.5","United Avenue","13-121-0055","AQS"
"01/16/2020","34","PM2.5","United Avenue","13-121-0055","AQS"
"01/17/2020","35","Ozone","Georgia Station","13-231-9991","AQS"
"01/18/2020","42","PM2.5","Gwinnett","13-135-0002","AQS"
"01/19/2020","34","Ozone","Georgia Station","13-231-9991","AQS"
"01/20/2020","43","PM2.5","United Avenue","13-121-0055","AQS"
"01/21/2020","51","PM2.5","South DeKalb","13-089-0002","AQS"
"01/22/2020","57","PM2.5","South DeKalb","13-089-0002","AQS"
"01/23/2020","41","PM2.5","United Avenue","13-121-0055","AQS"
"01/24/2020","42","PM2.5","Gwinnett","13-135-0002","AQS"
"01/25/2020","32","PM2.5","United Avenue","13-121-0055","AQS"
"01/26/2020","41","PM2.5","South DeKalb","13-089-0002","AQS"
"01/27/2020","52","PM2.5","Gwinnett","13-135-0002","AQS"
"01/28/2020","49","PM2.5","Fire Station #8","13-121-0039","AQS"
"01/29/2020","54","PM2.5","United Avenue","13-121-0055","AQS"
"01/30/2020","58","PM2.5","United Avenue","13-121-0055","AQS"
"01/31/2020","57","PM2.5","NR-GA Tech","13-121-0056","AQS"
"02/01/2020","56","PM2.5","NR-GA Tech","13-121-0056","AQS"
"02/02/2020","36","PM2.5","United Avenue","13-121-0055","AQS"
"02/03/2020","47","PM2.5","United Avenue","13-121-0055","AQS"
"02/04/2020","49","PM2.5","United Avenue","13-121-0055","AQS"
"02/05/2020","52","PM2.5","United Avenue","13-121-0055","AQS"
"02/06/2020","24","Ozone","Georgia Station","13-231-9991","AQS"
"02/07/2020","31","PM2.5","United Avenue","13-121-0055","AQS"
"02/08/2020","55","PM2.5","South DeKalb","13-089-0002","AQS"
"02/09/2020","56","PM2.5","NR-GA Tech","13-121-0056","AQS"
"02/10/2020","52","PM2.5","South DeKalb","13-089-0002","AQS"
"02/11/2020","37","PM2.5","United Avenue","13-121-0055","AQS"
"02/12/2020","42","PM2.5","NR-GA Tech","13-121-0056","AQS"
"02/13/2020","29","Ozone","Georgia Station","13-231-9991","AQS"
"02/14/2020","37","PM2.5","United Avenue","13-121-0055","AQS"
"02/15/2020","46","PM2.5","United Avenue","13-121-0055","AQS"
"02/16/2020","55","PM2.5","South DeKalb","13-089-0002","AQS"
"02/17/2020","46","PM2.5","NR-GA Tech","13-121-0056","AQS"
"02/18/2020","38","PM2.5","NR-GA Tech","13-121-0056","AQS"
"02/19/2020","36","PM2.5","South DeKalb","13-089-0002","AQS"
"02/20/2020","30","NO2","NR-285","13-089-0003","AQS"
"02/21/2020","41","PM2.5","South DeKalb","13-089-0002","AQS"
"02/22/2020","55","PM2.5","United Avenue","13-121-0055","AQS"
"02/23/2020","59","PM2.5","United Avenue","13-121-0055","AQS"
"02/24/2020","53","PM2.5","Kennesaw","13-067-0003","AQS"
"02/25/2020","38","PM2.5","South DeKalb","13-089-0002","AQS"
"02/26/2020","37","PM2.5","United Avenue","13-121-0055","AQS"
"02/27/2020","37","Ozone","Georgia Station","13-231-9991","AQS"
"02/28/2020","47","PM2.5","United Avenue","13-121-0055","AQS"
"02/29/2020","41","Ozone","Georgia Station","13-231-9991","AQS"
"03/01/2020","61","PM2.5","United Avenue","13-121-0055","AQS"
"03/02/2020","69","PM2.5","United Avenue","13-121-0055","AQS"
"03/03/2020","53","PM2.5","Gwinnett","13-135-0002","AQS"
"03/04/2020","54","PM2.5","NR-GA Tech","13-121-0056","AQS"
"03/05/2020","38","Ozone","Georgia Station","13-231-9991","AQS"
"03/06/2020","39","Ozone","Georgia Station","13-231-9991","AQS"
"03/07/2020","42","PM2.5","United Avenue","13-121-0055","AQS"
"03/08/2020","57","PM2.5","United Avenue","13-121-0055","AQS"
"03/09/2020","57","PM2.5","South DeKalb","13-089-0002","AQS"
"03/10/2020","58","PM2.5","United Avenue","13-121-0055","AQS"
"03/11/2020","46","PM2.5","Gwinnett","13-135-0002","AQS"
"03/12/2020","55","PM2.5","United Avenue","13-121-0055","AQS"
"03/13/2020","55","PM2.5","United Avenue","13-121-0055","AQS"
"03/14/2020","57","PM2.5","United Avenue","13-121-0055","AQS"
"03/15/2020","49","PM2.5","United Avenue","13-121-0055","AQS"
"03/16/2020","62","PM2.5","NR-GA Tech","13-121-0056","AQS"
"03/17/2020","69","PM2.5","South DeKalb","13-089-0002","AQS"
"03/18/2020","76","PM2.5","United Avenue","13-121-0055","AQS"
"03/19/2020","71","PM2.5","United Avenue","13-121-0055","AQS"
"03/20/2020","70","PM2.5","United Avenue","13-121-0055","AQS"
"03/21/2020","38","PM2.5","United Avenue","13-121-0055","AQS"
"03/22/2020","47","PM2.5","South DeKalb","13-089-0002","AQS"
"03/23/2020","33","PM2.5","South DeKalb","13-089-0002","AQS"
"03/24/2020","37","PM2.5","United Avenue","13-121-0055","AQS"
"03/25/2020","41","Ozone","Georgia Station","13-231-9991","AQS"
"03/26/2020","53","PM2.5","United Avenue","13-121-0055","AQS"
"03/27/2020","70","PM2.5","United Avenue","13-121-0055","AQS"
"03/28/2020","63","PM2.5","United Avenue","13-121-0055","AQS"
"03/29/2020","58","PM2.5","United Avenue","13-121-0055","AQS"
"03/30/2020","49","Ozone","United Avenue","13-121-0055","AQS"
"03/31/2020","54","PM2.5","United Avenue","13-121-0055","AQS"
"04/01/2020","40","Ozone","Georgia Station","13-231-9991","AQS"
"04/02/2020","44","Ozone","United Avenue","13-121-0055","AQS"
"04/03/2020","51","Ozone","McDonough","13-151-0002","AQS"
"04/04/2020","60","PM2.5","United Avenue","13-121-0055","AQS"
"04/05/2020","74","PM2.5","United Avenue","13-121-0055","AQS"
"04/06/2020","68","PM2.5","South DeKalb","13-089-0002","AQS"
"04/07/2020","79","PM2.5","United Avenue","13-121-0055","AQS"
"04/08/2020","54","PM2.5","South DeKalb","13-089-0002","AQS"
"04/09/2020","47","PM2.5","United Avenue","13-121-0055","AQS"
"04/10/2020","44","Ozone","United Avenue","13-121-0055","AQS"
"04/11/2020","53","PM2.5","United Avenue","13-121-0055","AQS"
"04/12/2020","71","PM2.5","Kennesaw","13-067-0003","AQS"
"04/13/2020","54","PM2.5","United Avenue","13-121-0055","AQS"
"04/14/2020","41","Ozone","United Avenue","13-121-0055","AQS"
"04/15/2020","46","Ozone","United Avenue","13-121-0055","AQS"
"04/16/2020","58","Ozone","Georgia Station","13-231-9991","AQS"
"04/17/2020","60","PM2.5","United Avenue","13-121-0055","AQS"
"04/18/2020","52","PM2.5","United Avenue","13-121-0055","AQS"
"04/19/2020","51","PM2.5","United Avenue","13-121-0055","AQS"
"04/20/2020","44","Ozone","United Avenue","13-121-0055","AQS"
"04/21/2020","52","PM2.5","United Avenue","13-121-0055","AQS"
"04/22/2020","46","Ozone","United Avenue","13-121-0055","AQS"
"04/23/2020","37","PM2.5","United Avenue","13-121-0055","AQS"
"04/24/2020","41","PM2.5","United Avenue","13-121-0055","AQS"
"04/25/2020","53","PM2.5","United Avenue","13-121-0055","AQS"
"04/26/2020","42","Ozone","Georgia Station","13-231-9991","AQS"
"04/27/2020","45","Ozone","United Avenue","13-121-0055","AQS"
"04/28/2020","64","Ozone","Dawsonville","13-085-0001","AQS"
"04/29/2020","59","PM2.5","United Avenue","13-121-0055","AQS"
"04/30/2020","37","PM2.5","United Avenue","13-121-0055","AQS"
"05/01/2020","49","Ozone","United Avenue","13-121-0055","AQS"
"05/02/2020","101","Ozone","Gwinnett","13-135-0002","AQS"
"05/03/2020","62","PM2.5","United Avenue","13-121-0055","AQS"
"05/04/2020","58","Ozone","Conyers","13-247-0001","AQS"
"05/05/2020","58","PM2.5","United Avenue","13-121-0055","AQS"
"05/06/2020","43","Ozone","Georgia Station","13-231-9991","AQS"
"05/07/2020","49","Ozone","United Avenue","13-121-0055","AQS"
"05/08/2020","59","PM2.5","United Avenue","13-121-0055","AQS"
"05/09/2020","46","Ozone","McDonough","13-151-0002","AQS"
"05/10/2020","50","Ozone","Gwinnett","13-135-0002","AQS"
"05/11/2020","44","Ozone","Gwinnett","13-135-0002","AQS"
"05/12/2020","61","Ozone","United Avenue","13-121-0055","AQS"
"05/13/2020","56","PM2.5","United Avenue","13-121-0055","AQS"
"05/14/2020","55","PM2.5","United Avenue","13-121-0055","AQS"
"05/15/2020","52","PM2.5","United Avenue","13-121-0055","AQS"
"05/16/2020","55","PM2.5","United Avenue","13-121-0055","AQS"
"05/17/2020","53","PM2.5","United Avenue","13-121-0055","AQS"
"05/18/2020","44","PM2.5","NR-GA Tech","13-121-0056","AQS"
"05/19/2020","38","Ozone","Conyers","13-247-0001","AQS"
"05/20/2020","23","Ozone","Kennesaw","13-067-0003","AQS"
"05/21/2020","39","PM2.5","United Avenue","13-121-0055","AQS"
"05/22/2020","52","PM2.5","United Avenue","13-121-0055","AQS"
"05/23/2020","55","PM2.5","United Avenue","13-121-0055","AQS"
"05/24/2020","52","PM2.5","United Avenue","13-121-0055","AQS"
"05/25/2020","55","PM2.5","United Avenue","13-121-0055","AQS"
"05/26/2020","36","PM2.5","United Avenue","13-121-0055","AQS"
"05/27/2020","33","PM2.5","United Avenue","13-121-0055","AQS"
"05/28/2020","45","PM2.5","United Avenue","13-121-0055","AQS"
"05/29/2020","57","PM2.5","United Avenue","13-121-0055","AQS"
"05/30/2020","51","PM2.5","United Avenue","13-121-0055","AQS"
"05/31/2020","53","PM2.5","United Avenue","13-121-0055","AQS"
"06/01/2020","58","PM2.5","United Avenue","13-121-0055","AQS"
"06/02/2020","57","PM2.5","United Avenue","13-121-0055","AQS"
"06/03/2020","59","PM2.5","United Avenue","13-121-0055","AQS"
"06/04/2020","56","PM2.5","United Avenue","13-121-0055","AQS"
"06/05/2020","52","PM2.5","United Avenue","13-121-0055","AQS"
"06/06/2020","54","PM2.5","United Avenue","13-121-0055","AQS"
"06/07/2020","33","PM2.5","United Avenue","13-121-0055","AQS"
"06/08/2020","47","PM2.5","NR-GA Tech","13-121-0056","AQS"
"06/09/2020","52","PM2.5","United Avenue","13-121-0055","AQS"
"06/10/2020","39","PM2.5","United Avenue","13-121-0055","AQS"
"06/11/2020","74","Ozone","Conyers","13-247-0001","AQS"
"06/12/2020","56","PM2.5","United Avenue","13-121-0055","AQS"
"06/13/2020","64","Ozone","Douglasville","13-097-0004","AQS"
"06/14/2020","56","PM2.5","South DeKalb","13-089-0002","AQS"
"06/15/2020","46","PM2.5","South DeKalb","13-089-0002","AQS"
"06/16/2020","38","Ozone","Douglasville","13-097-0004","AQS"
"06/17/2020","38","Ozone","McDonough","13-151-0002","AQS"
"06/18/2020","52","PM2.5","United Avenue","13-121-0055","AQS"
"06/19/2020","58","PM2.5","United Avenue","13-121-0055","AQS"
"06/20/2020","90","Ozone","McDonough","13-151-0002","AQS"
"06/21/2020","66","PM2.5","United Avenue","13-121-0055","AQS"
"06/22/2020","58","PM2.5","United Avenue","13-121-0055","AQS"
"06/23/2020","39","PM2.5","United Avenue","13-121-0055","AQS"
"06/24/2020","51","PM2.5","United Avenue","13-121-0055","AQS"
"06/25/2020","53","PM2.5","United Avenue","13-121-0055","AQS"
"06/26/2020","90","PM2.5","United Avenue","13-121-0055","AQS"
"06/27/2020","106","PM2.5","United Avenue","13-121-0055","AQS"
"06/28/2020","57","PM2.5","United Avenue","13-121-0055","AQS"
"06/29/2020","56","PM2.5","United Avenue","13-121-0055","AQS"
"06/30/2020","50","PM2.5","United Avenue","13-121-0055","AQS"
"07/01/2020","46","PM2.5","United Avenue","13-121-0055","AQS"
"07/02/2020","56","PM2.5","United Avenue","13-121-0055","AQS"
"07/03/2020","77","Ozone","Douglasville","13-097-0004","AQS"
"07/04/2020","89","PM2.5","United Avenue","13-121-0055","AQS"
"07/05/2020","125","PM2.5","United Avenue","13-121-0055","AQS"
"07/06/2020","46","PM2.5","United Avenue","13-121-0055","AQS"
"07/07/2020","34","Ozone","Georgia Station","13-231-9991","AQS"
"07/08/2020","46","PM2.5","United Avenue","13-121-0055","AQS"
"07/09/2020","49","PM2.5","United Avenue","13-121-0055","AQS"
"07/10/2020","54","PM2.5","United Avenue","13-121-0055","AQS"
"07/11/2020","58","Ozone","McDonough","13-151-0002","AQS"
"07/12/2020","61","Ozone","McDonough","13-151-0002","AQS"
"07/13/2020","61","Ozone","Conyers","13-247-0001","AQS"
"07/14/2020","93","Ozone","Gwinnett","13-135-0002","AQS"
"07/15/2020","65","PM2.5","United Avenue","13-121-0055","AQS"
"07/16/2020","84","Ozone","United Avenue","13-121-0055","AQS"
"07/17/2020","77","Ozone","Kennesaw","13-067-0003","AQS"
"07/18/2020","74","Ozone","United Avenue","13-121-0055","AQS"
"07/19/2020","61","PM2.5","United Avenue","13-121-0055","AQS"
"07/20/2020","87","Ozone","Gwinnett","13-135-0002","AQS"
"07/21/2020","60","PM2.5","United Avenue","13-121-0055","AQS"
"07/22/2020","54","PM2.5","United Avenue","13-121-0055","AQS"
"07/23/2020","49","Ozone","Kennesaw","13-067-0003","AQS"
"07/24/2020","43","PM2.5","United Avenue","13-121-0055","AQS"
"07/25/2020","41","PM2.5","United Avenue","13-121-0055","AQS"
"07/26/2020","46","PM2.5","United Avenue","13-121-0055","AQS"
"07/27/2020","54","PM2.5","United Avenue","13-121-0055","AQS"
"07/28/2020","54","PM2.5","United Avenue","13-121-0055","AQS"
"07/29/2020","37","PM2.5","United Avenue","13-121-0055","AQS"
"07/30/2020","51","PM2.5","United Avenue","13-121-0055","AQS"
"07/31/2020","68","PM2.5","United Avenue","13-121-0055","AQS"
"08/01/2020","62","PM2.5","United Avenue","13-121-0055","AQS"
"08/02/2020","59","PM2.5","United Avenue","13-121-0055","AQS"
"08/03/2020","57","PM2.5","United Avenue","13-121-0055","AQS"
"08/04/2020","53","PM2.5","United Avenue","13-121-0055","AQS"
"08/05/2020","61","Ozone","Kennesaw","13-067-0003","AQS"
"08/06/2020","58","PM2.5","United Avenue","13-121-0055","AQS"
"08/07/2020","80","Ozone","United Avenue","13-121-0055","AQS"
"08/08/2020","74","Ozone","Gwinnett","13-135-0002","AQS"
"08/09/2020","64","PM2.5","United Avenue","13-121-0055","AQS"
"08/10/2020","61","PM2.5","United Avenue","13-121-0055","AQS"
"08/11/2020","65","PM2.5","United Avenue","13-121-0055","AQS"
"08/12/2020","59","PM2.5","United Avenue","13-121-0055","AQS"
"08/13/2020","93","Ozone","Gwinnett","13-135-0002","AQS"
"08/14/2020","46","PM2.5","United Avenue","13-121-0055","AQS"
"08/15/2020","45","PM2.5","United Avenue","13-121-0055","AQS"
"08/16/2020","55","PM2.5","United Avenue","13-121-0055","AQS"
"08/17/2020","62","PM2.5","United Avenue","13-121-0055","AQS"
"08/18/2020","57","PM2.5","McDonough","13-151-0002","AQS"
"08/19/2020","56","PM2.5","United Avenue","13-121-0055","AQS"
"08/20/2020","48","PM2.5","United Avenue","13-121-0055","AQS"
"08/21/2020","32","PM2.5","United Avenue","13-121-0055","AQS"
"08/22/2020","42","PM2.5","United Avenue","13-121-0055","AQS"
"08/23/2020","49","PM2.5","United Avenue","13-121-0055","AQS"
"08/24/2020","46","PM2.5","United Avenue","13-121-0055","AQS"
"08/25/2020","34","PM2.5","NR-GA Tech","13-121-0056","AQS"
"08/26/2020","59","PM2.5","McDonough","13-151-0002","AQS"
"08/27/2020","60","PM2.5","United Avenue","13-121-0055","AQS"
"08/28/2020","50","PM2.5","United Avenue","13-121-0055","AQS"
"08/29/2020","53","PM2.5","United Avenue","13-121-0055","AQS"
"08/30/2020","57","PM2.5","United Avenue","13-121-0055","AQS"
"08/31/2020","52","PM2.5","United Avenue","13-121-0055","AQS"
"09/01/2020","54","PM2.5","United Avenue","13-121-0055","AQS"
"09/02/2020","67","PM2.5","United Avenue","13-121-0055","AQS"
"09/03/2020","84","PM2.5","United Avenue","13-121-0055","AQS"
"09/04/2020","79","PM2.5","United Avenue","13-121-0055","AQS"
"09/05/2020","49","PM2.5","United Avenue","13-121-0055","AQS"
"09/06/2020","54","PM2.5","United Avenue","13-121-0055","AQS"
"09/07/2020","54","PM2.5","United Avenue","13-121-0055","AQS"
"09/08/2020","55","PM2.5","United Avenue","13-121-0055","AQS"
"09/09/2020","50","PM2.5","United Avenue","13-121-0055","AQS"
"09/10/2020","42","PM2.5","United Avenue","13-121-0055","AQS"
"09/11/2020","42","PM2.5","United Avenue","13-121-0055","AQS"
"09/12/2020","37","PM2.5","United Avenue","13-121-0055","AQS"
"09/13/2020","39","PM2.5","United Avenue","13-121-0055","AQS"
"09/14/2020","51","PM2.5","United Avenue","13-121-0055","AQS"
"09/15/2020","42","PM2.5","NR-GA Tech","13-121-0056","AQS"
"09/16/2020","47","PM2.5","United Avenue","13-121-0055","AQS"
"09/17/2020","23","Ozone","Kennesaw","13-067-0003","AQS"
"09/18/2020","44","PM2.5","United Avenue","13-121-0055","AQS"
"09/19/2020","63","PM2.5","United Avenue","13-121-0055","AQS"
"09/20/2020","35","Ozone","Kennesaw","13-067-0003","AQS"
"09/21/2020","41","Ozone","Kennesaw","13-067-0003","AQS"
"09/22/2020","53","PM2.5","United Avenue","13-121-0055","AQS"
"09/23/2020","61","PM2.5","United Avenue","13-121-0055","AQS"
"09/24/2020","58","PM2.5","United Avenue","13-121-0055","AQS"
"09/25/2020","37","PM2.5","South DeKalb","13-089-0002","AQS"
"09/26/2020","51","PM2.5","United Avenue","13-121-0055","AQS"
"09/27/2020","56","PM2.5","United Avenue","13-121-0055","AQS"
"09/28/2020","54","PM2.5","United Avenue","13-121-0055","AQS"
"09/29/2020","37","PM2.5","South DeKalb","13-089-0002","AQS"
"09/30/2020","40","PM2.5","South DeKalb","13-089-0002","AQS"
"10/01/2020","52","PM2.5","United Avenue","13-121-0055","AQS"
"10/02/2020","39","PM2.5","United Avenue","13-121-0055","AQS"
"10/03/2020","66","PM2.5","Gwinnett","13-135-0002","AQS"
"10/04/2020","68","PM2.5","United Avenue","13-121-0055","AQS"
"10/05/2020","72","PM2.5","United Avenue","13-121-0055","AQS"
"10/06/2020","70","PM2.5","United Avenue","13-121-0055","AQS"
"10/07/2020","64","PM2.5","United Avenue","13-121-0055","AQS"
"10/08/2020","69","PM2.5","United Avenue","13-121-0055","AQS"
"10/09/2020","74","PM2.5","McDonough","13-151-0002","AQS"
"10/10/2020","52","PM2.5","South DeKalb","13-089-0002","AQS"
"10/11/2020","39","PM2.5","South DeKalb","13-089-0002","AQS"
"10/12/2020","44","PM2.5","South DeKalb","13-089-0002","AQS"
"10/13/2020","54","PM2.5","South DeKalb","13-089-0002","AQS"
"10/14/2020","53","PM2.5","United Avenue","13-121-0055","AQS"
"10/15/2020","66","PM2.5","United Avenue","13-121-0055","AQS"
"10/16/2020","54","PM2.5","South DeKalb","13-089-0002","AQS"
"10/17/2020","46","PM2.5","United Avenue","13-121-0055","AQS"
"10/18/2020","57","PM2.5","United Avenue","13-121-0055","AQS"
"10/19/2020","70","PM2.5","United Avenue","13-121-0055","AQS"
"10/20/2020","56","PM2.5","South DeKalb","13-089-0002","AQS"
"10/21/2020","54","PM2.5","United Avenue","13-121-0055","AQS"
"10/22/2020","46","PM2.5","United Avenue","13-121-0055","AQS"
"10/23/2020","42","PM2.5","United Avenue","13-121-0055","AQS"
"10/24/2020","53","PM2.5","United Avenue","13-121-0055","AQS"
"10/25/2020","53","PM2.5","South DeKalb","13-089-0002","AQS"
"10/26/2020","51","PM2.5","South DeKalb","13-089-0002","AQS"
"10/27/2020","56","PM2.5","NR-GA Tech","13-121-0056","AQS"
"10/28/2020","51","PM2.5","South DeKalb","13-089-0002","AQS"
"10/29/2020","32","PM2.5","South DeKalb","13-089-0002","AQS"
"10/30/2020","36","PM2.5","United Avenue","13-121-0055","AQS"
"10/31/2020","44","PM2.5","United Avenue","13-121-0055","AQS"
"11/01/2020","42","PM2.5","South DeKalb","13-089-0002","AQS"
"11/02/2020","34","PM2.5","United Avenue","13-121-0055","AQS"
"11/03/2020","51","PM2.5","United Avenue","13-121-0055","AQS"
"11/04/2020","67","PM2.5","United Avenue","13-121-0055","AQS"
"11/05/2020","63","PM2.5","Kennesaw","13-067-0003","AQS"
"11/06/2020","52","PM2.5","South DeKalb","13-089-0002","AQS"
"11/07/2020","44","PM2.5","Gwinnett","13-135-0002","AQS"
"11/08/2020","38","PM2.5","South DeKalb","13-089-0002","AQS"
"11/09/2020","28","PM2.5","South DeKalb","13-089-0002","AQS"
"11/10/2020","37","PM2.5","South DeKalb","13-089-0002","AQS"
"11/11/2020","40","PM2.5","NR-GA Tech","13-121-0056","AQS"
"11/12/2020","46","PM2.5","South DeKalb","13-089-0002","AQS"
"11/13/2020","52","PM2.5","South DeKalb","13-089-0002","AQS"
"11/14/2020","61","PM2.5","Forest Park","13-063-0091","AQS"
"11/15/2020","57","PM2.5","South DeKalb","13-089-0002","AQS"
"11/16/2020","34","Ozone","Georgia Station","13-231-9991","AQS"
"11/17/2020","37","Ozone","Georgia Station","13-231-9991","AQS"
"11/18/2020","38","PM2.5","Gwinnett","13-135-0002","AQS"
"11/19/2020","56","PM2.5","South DeKalb","13-089-0002","AQS"
"11/20/2020","72","PM2.5","NR-GA Tech","13-121-0056","AQS"
"11/21/2020","77","PM2.5","Gwinnett","13-135-0002","AQS"
"11/22/2020","82","PM2.5","Gwinnett","13-135-0002","AQS"
"11/23/2020","35","PM2.5","South DeKalb","13-089-0002","AQS"
"11/24/2020","52","PM2.5","United Avenue","13-121-0055","AQS"
"11/25/2020","47","PM2.5","South DeKalb","13-089-0002","AQS"
"11/26/2020","59","PM2.5","United Avenue","13-121-0055","AQS"
"11/27/2020","66","PM2.5","Gwinnett","13-135-0002","AQS"
"11/28/2020","61","PM2.5","United Avenue","13-121-0055","AQS"
"11/29/2020","55","PM2.5","Gwinnett","13-135-0002","AQS"
"11/30/2020","32","Ozone","Georgia Station","13-231-9991","AQS"
"12/01/2020","37","PM2.5","United Avenue","13-121-0055","AQS"
"12/02/2020","51","PM2.5","United Avenue","13-121-0055","AQS"
"12/03/2020","61","PM2.5","United Avenue","13-121-0055","AQS"
"12/04/2020","51","PM2.5","South DeKalb","13-089-0002","AQS"
"12/05/2020","54","PM2.5","NR-GA Tech","13-121-0056","AQS"
"12/06/2020","62","PM2.5","Gwinnett","13-135-0002","AQS"
"12/07/2020","59","PM2.5","South DeKalb","13-089-0002","AQS"
"12/08/2020","54","PM2.5","South DeKalb","13-089-0002","AQS"
"12/09/2020","59","PM2.5","Gwinnett","13-135-0002","AQS"
"12/10/2020","69","PM2.5","South DeKalb","13-089-0002","AQS"
"12/11/2020","81","PM2.5","South DeKalb","13-089-0002","AQS"
"12/12/2020","73","PM2.5","Gwinnett","13-135-0002","AQS"
"12/13/2020","60","PM2.5","South DeKalb","13-089-0002","AQS"
"12/14/2020","34","Ozone","Georgia Station","13-231-9991","AQS"
"12/15/2020","41","PM2.5","Gwinnett","13-135-0002","AQS"
"12/16/2020","44","PM2.5","Gwinnett","13-135-0002","AQS"
"12/17/2020","54","PM2.5","NR-GA Tech","13-121-0056","AQS"
"12/18/2020","57","PM2.5","NR-GA Tech","13-121-0056","AQS"
"12/19/2020","66","PM2.5","United Avenue","13-121-0055","AQS"
"12/20/2020","57","PM2.5","NR-GA Tech","13-121-0056","AQS"
"12/21/2020","53","PM2.5","Gwinnett","13-135-0002","AQS"
"12/22/2020","40","PM2.5","United Avenue","13-121-0055","AQS"
"12/23/2020","55","PM2.5","United Avenue","13-121-0055","AQS"
"12/24/2020","35","Ozone","Georgia Station","13-231-9991","AQS"
"12/25/2020","35","Ozone","Georgia Station","13-231-9991","AQS"
"12/26/2020","43","PM2.5","United Avenue","13-121-0055","AQS"
"12/27/2020","63","PM2.5","South DeKalb","13-089-0002","AQS"
"12/28/2020","60","PM2.5","United Avenue","13-121-0055","AQS"
"12/29/2020","63","PM2.5","South DeKalb","13-089-0002","AQS"
"12/30/2020","64","PM2.5","South DeKalb","13-089-0002","AQS"
"12/31/2020","68","PM2.5","South DeKalb","13-089-0002","AQS"
"01/01/2021","37","PM2.5","South DeKalb","13-089-0002","AQS"
"01/02/2021","51","PM2.5","South DeKalb","13-089-0002","AQS"
"01/03/2021","32","PM2.5","United Avenue","13-121-0055","AQS"
"01/04/2021","50","PM2.5","South DeKalb","13-089-0002","AQS"
"01/05/2021","46","PM2.5","United Avenue","13-121-0055","AQS"
"01/06/2021","54","PM2.5","Gwinnett","13-135-0002","AQS"
"01/07/2021","54","PM2.5","South DeKalb","13-089-0002","AQS"
"01/08/2021","41","PM2.5","South DeKalb","13-089-0002","AQS"
"01/09/2021","57","PM2.5","South DeKalb","13-089-0002","AQS"
"01/10/2021","61","PM2.5","NR-GA Tech","13-121-0056","AQS"
"01/11/2021","65","PM2.5","South DeKalb","13-089-0002","AQS"
"01/12/2021","55","PM2.5","South DeKalb","13-089-0002","AQS"
"01/13/2021","61","PM2.5","Kennesaw","13-067-0003","AQS"
"01/14/2021","61","PM2.5","Gwinnett","13-135-0002","AQS"
"01/15/2021","39","PM2.5","South DeKalb","13-089-0002","AQS"
"01/16/2021","41","PM2.5","United Avenue","13-121-0055","AQS"
"01/17/2021","49","PM2.5","South DeKalb","13-089-0002","AQS"
"01/18/2021","48","PM2.5","United Avenue","13-121-0055","AQS"
"01/19/2021","59","PM2.5","United Avenue","13-121-0055","AQS"
"01/20/2021","43","PM2.5","Gwinnett","13-135-0002","AQS"
"01/21/2021","49","PM2.5","United Avenue","13-121-0055","AQS"
"01/22/2021","48","PM2.5","Kennesaw","13-067-0003","AQS"
"01/23/2021","51","PM2.5","United Avenue","13-121-0055","AQS"
"01/24/2021","48","PM2.5","United Avenue","13-121-0055","AQS"
"01/25/2021","62","PM2.5","Gwinnett","13-135-0002","AQS"
"01/26/2021","50","PM2.5","United Avenue","13-121-0055","AQS"
"01/27/2021","38","PM2.5","United Avenue","13-121-0055","AQS"
"01/28/2021","37","PM2.5","United Avenue","13-121-0055","AQS"
"01/29/2021","52","PM2.5","United Avenue","13-121-0055","AQS"
"01/30/2021","65","PM2.5","United Avenue","13-121-0055","AQS"
"01/31/2021","55","PM2.5","NR-GA Tech","13-121-0056","AQS"
"02/01/2021","36","Ozone","Georgia Station","13-231-9991","AQS"
"02/02/2021","39","Ozone","Georgia Station","13-231-9991","AQS"
"02/03/2021","42","PM2.5","United Avenue","13-121-0055","AQS"
"02/04/2021","55","PM2.5","South DeKalb","13-089-0002","AQS"
"02/05/2021","49","PM2.5","United Avenue","13-121-0055","AQS"
"02/06/2021","51","PM2.5","United Avenue","13-121-0055","AQS"
"02/07/2021","36","Ozone","Georgia Station","13-231-9991","AQS"
"02/08/2021","52","PM2.5","United Avenue","13-121-0055","AQS"
"02/09/2021","59","PM2.5","South DeKalb","13-089-0002","AQS"
"02/10/2021","71","PM2.5","United Avenue","13-121-0055","AQS"
"02/11/2021","58","PM2.5","South DeKalb","13-089-0002","AQS"
"02/12/2021","53","PM2.5","NR-GA Tech","13-121-0056","AQS"
"02/13/2021","28","PM2.5","South DeKalb","13-089-0002","AQS"
"02/14/2021","35","PM2.5","South DeKalb","13-089-0002","AQS"
"02/15/2021","20","NO2","NR-285","13-089-0003","AQS"
"02/16/2021","52","PM2.5","South DeKalb","13-089-0002","AQS"
"02/17/2021","55","PM2.5","South DeKalb","13-089-0002","AQS"
"02/18/2021","45","PM2.5","NR-GA Tech","13-121-0056","AQS"
"02/19/2021","54","PM2.5","South DeKalb","13-089-0002","AQS"
"02/20/2021","55","PM2.5","United Avenue","13-121-0055","AQS"
"02/21/2021","59","PM2.5","United Avenue","13-121-0055","AQS"
"02/22/2021","39","Ozone","Georgia Station","13-231-9991","AQS"
"02/23/2021","45","Ozone","Georgia Station","13-231-9991","AQS"
"02/24/2021","65","PM2.5","United Avenue","13-121-0055","AQS"
"02/25/2021","71","PM2.5","United Avenue","13-121-0055","AQS"
"02/26/2021","63","PM2.5","South DeKalb","13-089-0002","AQS"
"02/27/2021","74","PM2.5","NR-GA Tech","13-121-0056","AQS"
"02/28/2021","57","PM2.5","South DeKalb","13-089-0002","AQS"
"03/01/2021","33","PM2.5","South DeKalb","13-089-0002","AQS"
"03/02/2021","33","PM2.5","United Avenue","13-121-0055","AQS"
"03/03/2021","46","NO2","NR-285","13-089-0003","AQS"
"03/04/2021","49","Ozone","Douglasville","13-097-0004","AQS"
"03/05/2021","56","PM2.5","South DeKalb","13-089-0002","AQS"
"03/06/2021","55","PM2.5","United Avenue","13-121-0055","AQS"
"03/07/2021","52","PM2.5","South DeKalb","13-089-0002","AQS"
"03/08/2021","59","PM2.5","Forest Park","13-063-0091","AQS"
"03/09/2021","88","PM2.5","NR-GA Tech","13-121-0056","AQS"
"03/10/2021","84","PM2.5","Gwinnett","13-135-0002","AQS"
"03/11/2021","89","PM2.5","South DeKalb","13-089-0002","AQS"
"03/12/2021","95","PM2.5","South DeKalb","13-089-0002","AQS"
"03/13/2021","71","PM2.5","South DeKalb","13-089-0002","AQS"
"03/14/2021","71","PM2.5","South DeKalb","13-089-0002","AQS"
"03/15/2021","70","PM2.5","McDonough","13-151-0002","AQS"
"03/16/2021","53","PM2.5","South DeKalb","13-089-0002","AQS"
"03/17/2021","51","PM2.5","South DeKalb","13-089-0002","AQS"
"03/18/2021","48","PM2.5","South DeKalb","13-089-0002","AQS"
"03/19/2021","37","Ozone","Douglasville","13-097-0004","AQS"
"03/20/2021","46","Ozone","Douglasville","13-097-0004","AQS"
"03/21/2021","43","Ozone","Douglasville","13-097-0004","AQS"
"03/22/2021","46","Ozone","Douglasville","13-097-0004","AQS"
"03/23/2021","66","PM2.5","South DeKalb","13-089-0002","AQS"
"03/24/2021","59","PM2.5","United Avenue","13-121-0055","AQS"
"03/25/2021","60","PM2.5","United Avenue","13-121-0055","AQS"
"03/26/2021","56","PM2.5","United Avenue","13-121-0055","AQS"
"03/27/2021","56","PM2.5","United Avenue","13-121-0055","AQS"
"03/28/2021","37","PM2.5","South DeKalb","13-089-0002","AQS"
"03/29/2021","47","Ozone","Dawsonville","13-085-0001","AQS"
"03/30/2021","55","PM2.5","United Avenue","13-121-0055","AQS"
"03/31/2021","42","PM2.5","South DeKalb","13-089-0002","AQS"
"04/01/2021","44","Ozone","Georgia Station","13-231-9991","AQS"
"04/02/2021","44","Ozone","McDonough","13-151-0002","AQS"
"04/03/2021","55","PM2.5","United Avenue","13-121-0055","AQS"
"04/04/2021","65","PM2.5","United Avenue","13-121-0055","AQS"
"04/05/2021","77","Ozone","Conyers","13-247-0001","AQS"
"04/06/2021","80","Ozone","Gwinnett","13-135-0002","AQS"
"04/07/2021","87","PM2.5","Gwinnett","13-135-0002","AQS"
"04/08/2021","73","PM2.5","Gwinnett","13-135-0002","AQS"
"04/09/2021","53","PM2.5","Gwinnett","13-135-0002","AQS"
"04/10/2021","50","PM2.5","South DeKalb","13-089-0002","AQS"
"04/11/2021","44","Ozone","Dawsonville","13-085-0001","AQS"
"04/12/2021","74","Ozone","Douglasville","13-097-0004","AQS"
"04/13/2021","90","Ozone","Gwinnett","13-135-0002","AQS"
"04/14/2021","66","PM2.5","Gwinnett","13-135-0002","AQS"
"04/15/2021","46","PM2.5","United Avenue","13-121-0055","AQS"
"04/16/2021","46","PM2.5","United Avenue","13-121-0055","AQS"
"04/17/2021","54","PM2.5","United Avenue","13-121-0055","AQS"
"04/18/2021","51","PM2.5","United Avenue","13-121-0055","AQS"
"04/19/2021","54","PM2.5","United Avenue","13-121-0055","AQS"
"04/20/2021","67","Ozone","Dawsonville","13-085-0001","AQS"
"04/21/2021","54","PM2.5","South DeKalb","13-089-0002","AQS"
"04/22/2021","48","PM2.5","Gwinnett","13-135-0002","AQS"
"04/23/2021","67","Ozone","McDonough","13-151-0002","AQS"
"04/24/2021","54","PM2.5","United Avenue","13-121-0055","AQS"
"04/25/2021","45","Ozone","McDonough","13-151-0002","AQS"
"04/26/2021","55","PM2.5","United Avenue","13-121-0055","AQS"
"04/27/2021","61","Ozone","Dawsonville","13-085-0001","AQS"
"04/28/2021","62","PM2.5","United Avenue","13-121-0055","AQS"
"04/29/2021","61","PM2.5","United Avenue","13-121-0055","AQS"
"04/30/2021","47","Ozone","McDonough","13-151-0002","AQS"
"05/01/2021","84","Ozone","Douglasville","13-097-0004","AQS"
"05/02/2021","61","PM2.5","United Avenue","13-121-0055","AQS"
"05/03/2021","53","PM2.5","United Avenue","13-121-0055","AQS"
"05/04/2021","39","PM2.5","NR-GA Tech","13-121-0056","AQS"
"05/05/2021","38","PM2.5","South DeKalb","13-089-0002","AQS"
"05/06/2021","48","Ozone","McDonough","13-151-0002","AQS"
"05/07/2021","48","Ozone","McDonough","13-151-0002","AQS"
"05/08/2021","56","PM2.5","United Avenue","13-121-0055","AQS"
"05/09/2021","59","PM2.5","United Avenue","13-121-0055","AQS"
"05/10/2021","41","Ozone","Douglasville","13-097-0004","AQS"
"05/11/2021","47","PM2.5","United Avenue","13-121-0055","AQS"
"05/12/2021","40","PM2.5","United Avenue","13-121-0055","AQS"
"05/13/2021","40","Ozone","Douglasville","13-097-0004","AQS"
"05/14/2021","52","PM2.5","South DeKalb","13-089-0002","AQS"
"05/15/2021","71","Ozone","Gwinnett","13-135-0002","AQS"
"05/16/2021","71","Ozone","Gwinnett","13-135-0002","AQS"
"05/17/2021","63","PM2.5","United Avenue","13-121-0055","AQS"
"05/18/2021","55","PM2.5","United Avenue","13-121-0055","AQS"
"05/19/2021","49","PM2.5","Gwinnett","13-135-0002","AQS"
"05/20/2021","46","Ozone","Douglasville","13-097-0004","AQS"
"05/21/2021","64","Ozone","Douglasville","13-097-0004","AQS"
"05/22/2021","100","Ozone","Douglasville","13-097-0004","AQS"
"05/23/2021","97","Ozone","McDonough","13-151-0002","AQS"
"05/24/2021","133","Ozone","United Avenue","13-121-0055","AQS"
"05/25/2021","87","Ozone","United Avenue","13-121-0055","AQS"
"05/26/2021","68","PM2.5","Gwinnett","13-135-0002","AQS"
"05/27/2021","60","PM2.5","United Avenue","13-121-0055","AQS"
"05/28/2021","55","PM2.5","United Avenue","13-121-0055","AQS"
"05/29/2021","36","Ozone","McDonough","13-151-0002","AQS"
"05/30/2021","42","Ozone","McDonough","13-151-0002","AQS"
"05/31/2021","50","PM2.5","United Avenue","13-121-0055","AQS"
"06/01/2021","58","Ozone","Kennesaw","13-067-0003","AQS"
"06/02/2021","57","PM2.5","United Avenue","13-121-0055","AQS"
"06/03/2021","57","PM2.5","United Avenue","13-121-0055","AQS"
"06/04/2021","61","Ozone","South DeKalb","13-089-0002","AQS"
"06/05/2021","63","PM2.5","United Avenue","13-121-0055","AQS"
"06/06/2021","54","PM2.5","United Avenue","13-121-0055","AQS"
"06/07/2021","36","PM2.5","United Avenue","13-121-0055","AQS"
"06/08/2021","36","PM2.5","United Avenue","13-121-0055","AQS"
"06/09/2021","36","PM2.5","NR-GA Tech","13-121-0056","AQS"
"06/10/2021","38","PM2.5","United Avenue","13-121-0055","AQS"
"06/11/2021","50","PM2.5","United Avenue","13-121-0055","AQS"
"06/12/2021","54","PM2.5","United Avenue","13-121-0055","AQS"
"06/13/2021","48","PM2.5","United Avenue","13-121-0055","AQS"
"06/14/2021","60","PM2.5","United Avenue","13-121-0055","AQS"
"06/15/2021","112","Ozone","McDonough","13-151-0002","AQS"
"06/16/2021","64","Ozone","United Avenue","13-121-0055","AQS"
"06/17/2021","100","Ozone","Douglasville","13-097-0004","AQS"
"06/18/2021","87","Ozone","Dawsonville","13-085-0001","AQS"
"06/19/2021","60","PM2.5","Gwinnett","13-135-0002","AQS"
"06/20/2021","27","PM2.5","United Avenue","13-121-0055","AQS"
"06/21/2021","52","PM2.5","United Avenue","13-121-0055","AQS"
"06/22/2021","39","PM2.5","United Avenue","13-121-0055","AQS"
"06/23/2021","101","Ozone","Douglasville","13-097-0004","AQS"
"06/24/2021","55","PM2.5","United Avenue","13-121-0055","AQS"
"06/25/2021","61","Ozone","Douglasville","13-097-0004","AQS"
"06/26/2021","54","PM2.5","United Avenue","13-121-0055","AQS"
"06/27/2021","37","PM2.5","United Avenue","13-121-0055","AQS"
"06/28/2021","51","PM2.5","United Avenue","13-121-0055","AQS"
"06/29/2021","42","PM2.5","United Avenue","13-121-0055","AQS"
"06/30/2021","40","PM2.5","United Avenue","13-121-0055","AQS"
"07/01/2021","36","Ozone","Dawsonville","13-085-0001","AQS"
"07/02/2021","38","PM2.5","United Avenue","13-121-0055","AQS"
"07/03/2021","53","PM2.5","United Avenue","13-121-0055","AQS"
"07/04/2021","80","PM2.5","United Avenue","13-121-0055","AQS"
"07/05/2021","150","PM2.5","United Avenue","13-121-0055","AQS"
"07/06/2021","57","PM2.5","NR-GA Tech","13-121-0056","AQS"
"07/07/2021","39","PM2.5","United Avenue","13-121-0055","AQS"
"07/08/2021","47","PM2.5","United Avenue","13-121-0055","AQS"
"07/09/2021","49","PM2.5","NR-GA Tech","13-121-0056","AQS"
"07/10/2021","43","PM2.5","United Avenue","13-121-0055","AQS"
"07/11/2021","48","PM2.5","United Avenue","13-121-0055","AQS"
"07/12/2021","42","PM2.5","United Avenue","13-121-0055","AQS"
"07/13/2021","49","PM2.5","United Avenue","13-121-0055","AQS"
"07/14/2021","55","PM2.5","United Avenue","13-121-0055","AQS"
"07/15/2021","58","PM2.5","United Avenue","13-121-0055","AQS"
"07/16/2021","58","PM2.5","United Avenue","13-121-0055","AQS"
"07/17/2021","38","PM2.5","United Avenue","13-121-0055","AQS"
"07/18/2021","42","PM2.5","United Avenue","13-121-0055","AQS"
"07/19/2021","49","PM2.5","United Avenue","13-121-0055","AQS"
"07/20/2021","34","PM2.5","United Avenue","13-121-0055","AQS"
"07/21/2021","42","PM2.5","United Avenue","13-121-0055","AQS"
"07/22/2021","74","PM2.5","NR-GA Tech","13-121-0056","AQS"
"07/23/2021","93","PM2.5","NR-GA Tech","13-121-0056","AQS"
"07/24/2021","101","PM2.5","United Avenue","13-121-0055","AQS"
"07/25/2021","88","PM2.5","United Avenue","13-121-0055","AQS"
"07/26/2021","68","PM2.5","United Avenue","13-121-0055","AQS"
"07/27/2021","71","Ozone","United Avenue","13-121-0055","AQS"
"07/28/2021","77","Ozone","McDonough","13-151-0002","AQS"
"07/29/2021","84","Ozone","Gwinnett","13-135-0002","AQS"
"07/30/2021","76","PM2.5","United Avenue","13-121-0055","AQS"
"07/31/2021","67","Ozone","McDonough","13-151-0002","AQS"
"08/01/2021","59","PM2.5","United Avenue","13-121-0055","AQS"
"08/02/2021","93","Ozone","McDonough","13-151-0002","AQS"
"08/03/2021","71","PM2.5","NR-GA Tech","13-121-0056","AQS"
"08/04/2021","74","Ozone","Douglasville","13-097-0004","AQS"
"08/05/2021","84","Ozone","Douglasville","13-097-0004","AQS"
"08/06/2021","77","Ozone","Douglasville","13-097-0004","AQS"
"08/07/2021","55","PM2.5","United Avenue","13-121-0055","AQS"
"08/08/2021","80","Ozone","United Avenue","13-121-0055","AQS"
"08/09/2021","84","Ozone","Gwinnett","13-135-0002","AQS"
"08/10/2021","79","PM2.5","United Avenue","13-121-0055","AQS"
"08/11/2021","62","PM2.5","United Avenue","13-121-0055","AQS"
"08/12/2021","115","Ozone","United Avenue","13-121-0055","AQS"
"08/13/2021","112","Ozone","South DeKalb","13-089-0002","AQS"
"08/14/2021","77","Ozone","McDonough","13-151-0002","AQS"
"08/15/2021","48","PM2.5","United Avenue","13-121-0055","AQS"
"08/16/2021","38","PM2.5","United Avenue","13-121-0055","AQS"
"08/17/2021","21","PM2.5","United Avenue","13-121-0055","AQS"
"08/18/2021","51","PM2.5","United Avenue","13-121-0055","AQS"
"08/19/2021","52","PM2.5","United Avenue","13-121-0055","AQS"
"08/20/2021","47","PM2.5","United Avenue","13-121-0055","AQS"
"08/21/2021","53","PM2.5","United Avenue","13-121-0055","AQS"
"08/22/2021","53","PM2.5","United Avenue","13-121-0055","AQS"
"08/23/2021","53","PM2.5","United Avenue","13-121-0055","AQS"
"08/24/2021","101","Ozone","Douglasville","13-097-0004","AQS"
"08/25/2021","74","Ozone","Douglasville","13-097-0004","AQS"
"08/26/2021","60","PM2.5","NR-GA Tech","13-121-0056","AQS"
"08/27/2021","63","PM2.5","United Avenue","13-121-0055","AQS"
"08/28/2021","53","PM2.5","United Avenue","13-121-0055","AQS"
"08/29/2021","56","PM2.5","United Avenue","13-121-0055","AQS"
"08/30/2021","57","PM2.5","United Avenue","13-121-0055","AQS"
"08/31/2021","41","PM2.5","United Avenue","13-121-0055","AQS"
"09/01/2021","39","PM2.5","United Avenue","13-121-0055","AQS"
"09/02/2021","51","PM2.5","United Avenue","13-121-0055","AQS"
"09/03/2021","61","Ozone","Douglasville","13-097-0004","AQS"
"09/04/2021","100","Ozone","Douglasville","13-097-0004","AQS"
"09/05/2021","61","PM2.5","United Avenue","13-121-0055","AQS"
"09/06/2021","62","PM2.5","United Avenue","13-121-0055","AQS"
"09/07/2021","64","PM2.5","United Avenue","13-121-0055","AQS"
"09/08/2021","54","PM2.5","United Avenue","13-121-0055","AQS"
"09/09/2021","49","Ozone","Georgia Station","13-231-9991","AQS"
"09/10/2021","53","PM2.5","United Avenue","13-121-0055","AQS"
"09/11/2021","71","Ozone","Kennesaw","13-067-0003","AQS"
"09/12/2021","61","PM2.5","United Avenue","13-121-0055","AQS"
"09/13/2021","62","PM2.5","McDonough","13-151-0002","AQS"
"09/14/2021","77","Ozone","United Avenue","13-121-0055","AQS"
"09/15/2021","64","PM2.5","McDonough","13-151-0002","AQS"
"09/16/2021","29","PM2.5","NR-GA Tech","13-121-0056","AQS"
"09/17/2021","47","PM2.5","McDonough","13-151-0002","AQS"
"09/18/2021","65","PM2.5","McDonough","13-151-0002","AQS"
"09/19/2021","57","PM2.5","McDonough","13-151-0002","AQS"
"09/20/2021","37","PM2.5","South DeKalb","13-089-0002","AQS"
"09/21/2021","30","PM2.5","McDonough","13-151-0002","AQS"
"09/22/2021","33","Ozone","Kennesaw","13-067-0003","AQS"
"09/23/2021","43","Ozone","Georgia Station","13-231-9991","AQS"
"09/24/2021","51","Ozone","Douglasville","13-097-0004","AQS"
"09/25/2021","65","PM2.5","United Avenue","13-121-0055","AQS"
"09/26/2021","64","Ozone","McDonough","13-151-0002","AQS"
"09/27/2021","67","PM2.5","McDonough","13-151-0002","AQS"
"09/28/2021","63","PM2.5","Fire Station #8","13-121-0039","AQS"
"09/29/2021","68","PM2.5","United Avenue","13-121-0055","AQS"
"09/30/2021","71","PM2.5","United Avenue","13-121-0055","AQS"
"10/01/2021","72","PM2.5","NR-GA Tech","13-121-0056","AQS"
"10/02/2021","65","PM2.5","United Avenue","13-121-0055","AQS"
"10/03/2021","58","PM2.5","Gwinnett","13-135-0002","AQS"
"10/04/2021","39","PM2.5","South DeKalb","13-089-0002","AQS"
"10/05/2021","30","Ozone","Georgia Station","13-231-9991","AQS"
"10/06/2021","27","PM2.5","South DeKalb","13-089-0002","AQS"
"10/07/2021","32","PM2.5","South DeKalb","13-089-0002","AQS"
"10/08/2021","43","Ozone","Georgia Station","13-231-9991","AQS"
"10/09/2021","48","PM2.5","United Avenue","13-121-0055","AQS"
"10/10/2021","52","PM2.5","Kennesaw","13-067-0003","AQS"
"10/11/2021","49","PM2.5","United Avenue","13-121-0055","AQS"
"10/12/2021","55","PM2.5","NR-GA Tech","13-121-0056","AQS"
"10/13/2021","62","PM2.5","United Avenue","13-121-0055","AQS"
"10/14/2021","71","PM2.5","United Avenue","13-121-0055","AQS"
"10/15/2021","63","PM2.5","United Avenue","13-121-0055","AQS"
"10/16/2021","45","PM2.5","United Avenue","13-121-0055","AQS"
"10/17/2021","38","Ozone","Georgia Station","13-231-9991","AQS"
"10/18/2021","46","PM2.5","United Avenue","13-121-0055","AQS"
"10/19/2021","69","PM2.5","McDonough","13-151-0002","AQS"
"10/20/2021","63","PM2.5","Gwinnett","13-135-0002","AQS"
"10/21/2021","60","PM2.5","United Avenue","13-121-0055","AQS"
"10/22/2021","46","PM2.5","South DeKalb","13-089-0002","AQS"
"10/23/2021","57","PM2.5","United Avenue","13-121-0055","AQS"
"10/24/2021","76","PM2.5","United Avenue","13-121-0055","AQS"
"10/25/2021","71","PM2.5","United Avenue","13-121-0055","AQS"
"10/26/2021","29","Ozone","Douglasville","13-097-0004","AQS"
"10/27/2021","48","PM2.5","United Avenue","13-121-0055","AQS"
"10/28/2021","41","PM2.5","United Avenue","13-121-0055","AQS"
"10/29/2021","28","PM2.5","United Avenue","13-121-0055","AQS"
"10/30/2021","26","PM2.5","United Avenue","13-121-0055","AQS"
"10/31/2021","36","PM2.5","United Avenue","13-121-0055","AQS"
"11/01/2021","48","PM2.5","United Avenue","13-121-0055","AQS"
"11/02/2021","52","PM2.5","United Avenue","13-121-0055","AQS"
"11/03/2021","41","PM2.5","United Avenue","13-121-0055","AQS"
"11/04/2021","53","PM2.5","South DeKalb","13-089-0002","AQS"
"11/05/2021","52","PM2.5","Gwinnett","13-135-0002","AQS"
"11/06/2021","51","PM2.5","Gwinnett","13-135-0002","AQS"
"11/07/2021","53","PM2.5","United Avenue","13-121-0055","AQS"
"11/08/2021","52","PM2.5","United Avenue","13-121-0055","AQS"
"11/09/2021","68","PM2.5","Forest Park","13-063-0091","AQS"
"11/10/2021","75","PM2.5","South DeKalb","13-089-0002","AQS"
"11/11/2021","67","PM2.5","South DeKalb","13-089-0002","AQS"
"11/12/2021","40","PM2.5","South DeKalb","13-089-0002","AQS"
"11/13/2021","49","PM2.5","United Avenue","13-121-0055","AQS"
"11/14/2021","39","PM2.5","United Avenue","13-121-0055","AQS"
"11/15/2021","47","PM2.5","United Avenue","13-121-0055","AQS"
"11/16/2021","65","PM2.5","United Avenue","13-121-0055","AQS"
"11/17/2021","76","PM2.5","Gwinnett","13-135-0002","AQS"
"11/18/2021","59","PM2.5","United Avenue","13-121-0055","AQS"
"11/19/2021","45","PM2.5","United Avenue","13-121-0055","AQS"
"11/20/2021","51","PM2.5","United Avenue","13-121-0055","AQS"
"11/21/2021","59","PM2.5","United Avenue","13-121-0055","AQS"
"11/22/2021","52","PM2.5","United Avenue","13-121-0055","AQS"
"11/23/2021","39","PM2.5","United Avenue","13-121-0055","AQS"
"11/24/2021","63","PM2.5","South DeKalb","13-089-0002","AQS"
"11/25/2021","67","PM2.5","Gwinnett","13-135-0002","AQS"
"11/26/2021","38","PM2.5","South DeKalb","13-089-0002","AQS"
"11/27/2021","49","PM2.5","United Avenue","13-121-0055","AQS"
"11/28/2021","56","PM2.5","Gwinnett","13-135-0002","AQS"
"11/29/2021","38","PM2.5","United Avenue","13-121-0055","AQS"
"11/30/2021","63","PM2.5","Gwinnett","13-135-0002","AQS"
"12/01/2021","70","PM2.5","Gwinnett","13-135-0002","AQS"
"12/02/2021","64","PM2.5","South DeKalb","13-089-0002","AQS"
"12/03/2021","67","PM2.5","Fire Station #8","13-121-0039","AQS"
"12/04/2021","82","PM2.5","United Avenue","13-121-0055","AQS"
"12/05/2021","97","PM2.5","South DeKalb","13-089-0002","AQS"
"12/06/2021","69","PM2.5","South DeKalb","13-089-0002","AQS"
"12/07/2021","43","PM2.5","South DeKalb","13-089-0002","AQS"
"12/08/2021","48","PM2.5","South DeKalb","13-089-0002","AQS"
"12/09/2021","59","PM2.5","NR-GA Tech","13-121-0056","AQS"
"12/10/2021","56","PM2.5","Gwinnett","13-135-0002","AQS"
"12/11/2021","50","PM2.5","South DeKalb","13-089-0002","AQS"
"12/12/2021","48","PM2.5","United Avenue","13-121-0055","AQS"
"12/13/2021","68","PM2.5","Gwinnett","13-135-0002","AQS"
"12/14/2021","67","PM2.5","United Avenue","13-121-0055","AQS"
"12/15/2021","63","PM2.5","South DeKalb","13-089-0002","AQS"
"12/16/2021","62","PM2.5","United Avenue","13-121-0055","AQS"
"12/17/2021","56","PM2.5","United Avenue","13-121-0055","AQS"
"12/18/2021","42","PM2.5","McDonough","13-151-0002","AQS"
"12/19/2021","27","PM2.5","South DeKalb","13-089-0002","AQS"
"12/20/2021","33","PM2.5","Gwinnett","13-135-0002","AQS"
"12/21/2021","50","PM2.5","NR-GA Tech","13-121-0056","AQS"
"12/22/2021","47","PM2.5","Gwinnett","13-135-0002","AQS"
"12/23/2021","52","PM2.5","Gwinnett","13-135-0002","AQS"
"12/24/2021","57","PM2.5","United Avenue","13-121-0055","AQS"
"12/25/2021","39","PM2.5","Gwinnett","13-135-0002","AQS"
"12/26/2021","51","PM2.5","Gwinnett","13-135-0002","AQS"
"12/27/2021","56","PM2.5","Gwinnett","13-135-0002","AQS"
"12/28/2021","60","PM2.5","United Avenue","13-121-0055","AQS"
"12/29/2021","52","PM2.5","United Avenue","13-121-0055","AQS"
"12/30/2021","39","PM2.5","United Avenue","13-121-0055","AQS"
"12/31/2021","52","PM2.5","United Avenue","13-121-0055","AQS"
"01/01/2022","43","PM2.5","United Avenue","13-121-0055","AQS"
"01/02/2022","34","PM2.5","NR-GA Tech","13-121-0056","AQS"
"01/03/2022","31","PM2.5","United Avenue","13-121-0055","AQS"
"01/04/2022","36","PM2.5","United Avenue","13-121-0055","AQS"
"01/05/2022","54","PM2.5","NR-GA Tech","13-121-0056","AQS"
"01/06/2022","57","PM2.5","Gwinnett","13-135-0002","AQS"
"01/07/2022","37","PM2.5","South DeKalb","13-089-0002","AQS"
"01/08/2022","49","PM2.5","United Avenue","13-121-0055","AQS"
"01/09/2022","57","PM2.5","Gwinnett","13-135-0002","AQS"
"01/10/2022","38","Ozone","Georgia Station","13-231-9991","AQS"
"01/11/2022","41","PM2.5","Gwinnett","13-135-0002","AQS"
"01/12/2022","53","PM2.5","United Avenue","13-121-0055","AQS"
"01/13/2022","58","PM2.5","Gwinnett","13-135-0002","AQS"
"01/14/2022","59","PM2.5","NR-GA Tech","13-121-0056","AQS"
"01/15/2022","67","PM2.5","South DeKalb","13-089-0002","AQS"
"01/16/2022","44","PM2.5","Gwinnett","13-135-0002","AQS"
"01/17/2022","48","PM2.5","South DeKalb","13-089-0002","AQS"
"01/18/2022","52","PM2.5","Gwinnett","13-135-0002","AQS"
"01/19/2022","58","PM2.5","United Avenue","13-121-0055","AQS"
"01/20/2022","58","PM2.5","South DeKalb","13-089-0002","AQS"
"01/21/2022","62","PM2.5","South DeKalb","13-089-0002","AQS"
"01/22/2022","64","PM2.5","South DeKalb","13-089-0002","AQS"
"01/23/2022","61","PM2.5","South DeKalb","13-089-0002","AQS"
"01/24/2022","58","PM2.5","Gwinnett","13-135-0002","AQS"
"01/25/2022","57","PM2.5","South DeKalb","13-089-0002","AQS"
"01/26/2022","66","PM2.5","South DeKalb","13-089-0002","AQS"
"01/27/2022","60","PM2.5","Gwinnett","13-135-0002","AQS"
"01/28/2022","65","PM2.5","South DeKalb","13-089-0002","AQS"
"01/29/2022","38","PM2.5","South DeKalb","13-089-0002","AQS"
"01/30/2022","63","PM2.5","South DeKalb","13-089-0002","AQS"
"01/31/2022","75","PM2.5","South DeKalb","13-089-0002","AQS"
"02/01/2022","75","PM2.5","South DeKalb","13-089-0002","AQS"
"02/02/2022","66","PM2.5","South DeKalb","13-089-0002","AQS"
"02/03/2022","57","PM2.5","South DeKalb","13-089-0002","AQS"
"02/04/2022","31","PM2.5","South DeKalb","13-089-0002","AQS"
"02/05/2022","43","PM2.5","South DeKalb","13-089-0002","AQS"
"02/06/2022","43","PM2.5","Gwinnett","13-135-0002","AQS"
"02/07/2022","52","PM2.5","NR-GA Tech","13-121-0056","AQS"
"02/08/2022","43","PM2.5","United Avenue","13-121-0055","AQS"
"02/09/2022","56","PM2.5","South DeKalb","13-089-0002","AQS"
"02/10/2022","73","PM2.5","Kennesaw","13-067-0003","AQS"
"02/11/2022","65","PM2.5","United Avenue","13-121-0055","AQS"
"02/12/2022","69","PM2.5","Gwinnett","13-135-0002","AQS"
"02/13/2022","39","PM2.5","Gwinnett","13-135-0002","AQS"
"02/14/2022","61","PM2.5","South DeKalb","13-089-0002","AQS"
"02/15/2022","74","PM2.5","South DeKalb","13-089-0002","AQS"
"02/16/2022","65","PM2.5","Gwinnett","13-135-0002","AQS"
"02/17/2022","51","PM2.5","South DeKalb","13-089-0002","AQS"
"02/18/2022","36","PM2.5","South DeKalb","13-089-0002","AQS"
"02/19/2022","41","PM2.5","United Avenue","13-121-0055","AQS"
"02/20/2022","55","PM2.5","South DeKalb","13-089-0002","AQS"
"02/21/2022","65","PM2.5","South DeKalb","13-089-0002","AQS"
"02/22/2022","54","PM2.5","South DeKalb","13-089-0002","AQS"
"02/23/2022","53","PM2.5","United Avenue","13-121-0055","AQS"
"02/24/2022","52","PM2.5","United Avenue","13-121-0055","AQS"
"02/25/2022","34","PM2.5","United Avenue","13-121-0055","AQS"
"02/26/2022","48","PM2.5","South DeKalb","13-089-0002","AQS"
"02/27/2022","56","PM2.5","South DeKalb","13-089-0002","AQS"
"02/28/2022","41","Ozone","Georgia Station","13-231-9991","AQS"
"03/01/2022","48","PM2.5","United Avenue","13-121-0055","AQS"
"03/02/2022","58","Ozone","Douglasville","13-097-0004","AQS"
"03/03/2022","80","Ozone","Douglasville","13-097-0004","AQS"
"03/04/2022","100","Ozone","Georgia Station","13-231-9991","AQS"
"03/05/2022","84","PM2.5","Gwinnett","13-135-0002","AQS"
"03/06/2022","60","PM2.5","Gwinnett","13-135-0002","AQS"
"03/07/2022","61","PM2.5","South DeKalb","13-089-0002","AQS"
"03/08/2022","36","PM2.5","South DeKalb","13-089-0002","AQS"
"03/09/2022","30","Ozone","Douglasville","13-097-0004","AQS"
"03/10/2022","38","Ozone","Douglasville","13-097-0004","AQS"
"03/11/2022","61","PM2.5","NR-GA Tech","13-121-0056","AQS"
"03/12/2022","42","Ozone","McDonough","13-151-0002","AQS"
"03/13/2022","44","Ozone","Dawsonville","13-085-0001","AQS"
"03/14/2022","64","PM2.5","Gwinnett","13-135-0002","AQS"
"03/15/2022","64","PM2.5","Gwinnett","13-135-0002","AQS"
"03/16/2022","37","PM2.5","South DeKalb","13-089-0002","AQS"
"03/17/2022","55","PM2.5","Gwinnett","13-135-0002","AQS"
"03/18/2022","53","PM2.5","Gwinnett","13-135-0002","AQS"
"03/19/2022","40","Ozone","McDonough","13-151-0002","AQS"
"03/20/2022","46","Ozone","McDonough","13-151-0002","AQS"
"03/21/2022","53","PM2.5","NR-GA Tech","13-121-0056","AQS"
"03/22/2022","55","PM2.5","United Avenue","13-121-0055","AQS"
"03/23/2022","48","PM2.5","United Avenue","13-121-0055","AQS"
"03/24/2022","47","Ozone","Douglasville","13-097-0004","AQS"
"03/25/2022","55","PM2.5","United Avenue","13-121-0055","AQS"
"03/26/2022","45","Ozone","McDonough","13-151-0002","AQS"
"03/27/2022","47","Ozone","McDonough","13-151-0002","AQS"
"03/28/2022","48","Ozone","McDonough","13-151-0002","AQS"
"03/29/2022","65","PM2.5","South DeKalb","13-089-0002","AQS"
"03/30/2022","71","PM2.5","United Avenue","13-121-0055","AQS"
"03/31/2022","54","PM2.5","United Avenue","13-121-0055","AQS"
"04/01/2022","44","Ozone","McDonough","13-151-0002","AQS"
"04/02/2022","54","PM2.5","United Avenue","13-121-0055","AQS"
"04/03/2022","51","Ozone","McDonough","13-151-0002","AQS"
"04/04/2022","64","Ozone","Dawsonville","13-085-0001","AQS"
"04/05/2022","61","PM2.5","United Avenue","13-121-0055","AQS"
"04/06/2022","54","PM2.5","NR-GA Tech","13-121-0056","AQS"
"04/07/2022","47","Ozone","McDonough","13-151-0002","AQS"
"04/08/2022","40","Ozone","McDonough","13-151-0002","AQS"
"04/09/2022","40","Ozone","Douglasville","13-097-0004","AQS"
"04/10/2022","55","PM2.5","United Avenue","13-121-0055","AQS"
"04/11/2022","55","PM2.5","United Avenue","13-121-0055","AQS"
"04/12/2022","67","PM2.5","United Avenue","13-121-0055","AQS"
"04/13/2022","67","PM2.5","South DeKalb","13-089-0002","AQS"
"04/14/2022","49","PM2.5","South DeKalb","13-089-0002","AQS"
"04/15/2022","51","PM2.5","United Avenue","13-121-0055","AQS"
"04/16/2022","57","PM2.5","United Avenue","13-121-0055","AQS"
"04/17/2022","62","PM2.5","Gwinnett","13-135-0002","AQS"
"04/18/2022","37","PM2.5","South DeKalb","13-089-0002","AQS"
"04/19/2022","47","Ozone","McDonough","13-151-0002","AQS"
"04/20/2022","52","PM2.5","United Avenue","13-121-0055","AQS"
"04/21/2022","55","PM2.5","United Avenue","13-121-0055","AQS"
"04/22/2022","63","PM2.5","Gwinnett","13-135-0002","AQS"
"04/23/2022","60","PM2.5","South DeKalb","13-089-0002","AQS"
"04/24/2022","56","PM2.5","South DeKalb","13-089-0002","AQS"
"04/25/2022","59","PM2.5","United Avenue","13-121-0055","AQS"
"04/26/2022","55","PM2.5","United Avenue","13-121-0055","AQS"
"04/27/2022","71","Ozone","United Avenue","13-121-0055","AQS"
"04/28/2022","83","PM2.5","South DeKalb","13-089-0002","AQS"
"04/29/2022","87","Ozone","McDonough","13-151-0002","AQS"
"04/30/2022","63","PM2.5","United Avenue","13-121-0055","AQS"
"05/01/2022","59","PM2.5","South DeKalb","13-089-0002","AQS"
"05/02/2022","54","PM2.5","United Avenue","13-121-0055","AQS"
"05/03/2022","49","PM2.5","United Avenue","13-121-0055","AQS"
"05/04/2022","61","PM2.5","United Avenue","13-121-0055","AQS"
"05/05/2022","67","Ozone","Gwinnett","13-135-0002","AQS"
"05/06/2022","48","PM2.5","South DeKalb","13-089-0002","AQS"
"05/07/2022","36","Ozone","McDonough","13-151-0002","AQS"
"05/08/2022","36","PM2.5","United Avenue","13-121-0055","AQS"
"05/09/2022","47","Ozone","Douglasville","13-097-0004","AQS"
"05/10/2022","87","Ozone","Douglasville","13-097-0004","AQS"
"05/11/2022","101","Ozone","McDonough","13-151-0002","AQS"
"05/12/2022","54","Ozone","Douglasville","13-097-0004","AQS"
"05/13/2022","39","Ozone","Douglasville","13-097-0004","AQS"
"05/14/2022","50","Ozone","United Avenue","13-121-0055","AQS"
"05/15/2022","53","PM2.5","United Avenue","13-121-0055","AQS"
"05/16/2022","67","Ozone","Conyers","13-247-0001","AQS"
"05/17/2022","101","Ozone","United Avenue","13-121-0055","AQS"
"05/18/2022","136","Ozone","Dawsonville","13-085-0001","AQS"
"05/19/2022","69","PM2.5","United Avenue","13-121-0055","AQS"
"05/20/2022","56","PM2.5","South DeKalb","13-089-0002","AQS"
"05/21/2022","54","PM2.5","United Avenue","13-121-0055","AQS"
"05/22/2022","59","PM2.5","United Avenue","13-121-0055","AQS"
"05/23/2022","41","PM2.5","McDonough","13-151-0002","AQS"
"05/24/2022","57","PM2.5","United Avenue","13-121-0055","AQS"
"05/25/2022","52","PM2.5","United Avenue","13-121-0055","AQS"
"05/26/2022","44","PM2.5","South DeKalb","13-089-0002","AQS"
"05/27/2022","46","Ozone","United Avenue","13-121-0055","AQS"
"05/28/2022","54","Ozone","McDonough","13-151-0002","AQS"
"05/29/2022","58","PM2.5","McDonough","13-151-0002","AQS"
"05/30/2022","60","PM2.5","United Avenue","13-121-0055","AQS"
"05/31/2022","54","Ozone","Douglasville","13-097-0004","AQS"
"06/01/2022","84","Ozone","United Avenue","13-121-0055","AQS"
"06/02/2022","60","PM2.5","South DeKalb","13-089-0002","AQS"
"06/03/2022","61","Ozone","McDonough","13-151-0002","AQS"
"06/04/2022","56","PM2.5","South DeKalb","13-089-0002","AQS"
"06/05/2022","77","Ozone","Douglasville","13-097-0004","AQS"
"06/06/2022","69","PM2.5","South DeKalb","13-089-0002","AQS"
"06/07/2022","64","PM2.5","South DeKalb","13-089-0002","AQS"
"06/08/2022","53","PM2.5","South DeKalb","13-089-0002","AQS"
"06/09/2022","59","PM2.5","South DeKalb","13-089-0002","AQS"
"06/10/2022","71","Ozone","United Avenue","13-121-0055","AQS"
"06/11/2022","80","Ozone","Conyers","13-247-0001","AQS"
"06/12/2022","70","PM2.5","South DeKalb","13-089-0002","AQS"
"06/13/2022","74","PM2.5","South DeKalb","13-089-0002","AQS"
"06/14/2022","80","PM2.5","South DeKalb","13-089-0002","AQS"
"06/15/2022","72","PM2.5","United Avenue","13-121-0055","AQS"
"06/16/2022","133","Ozone","Douglasville","13-097-0004","AQS"
"06/17/2022","84","Ozone","Conyers","13-247-0001","AQS"
"06/18/2022","71","Ozone","McDonough","13-151-0002","AQS"
"06/19/2022","54","Ozone","Douglasville","13-097-0004","AQS"
"06/20/2022","169","Ozone","United Avenue","13-121-0055","AQS"
"06/21/2022","105","Ozone","McDonough","13-151-0002","AQS"
"06/22/2022","101","Ozone","McDonough","13-151-0002","AQS"
"06/23/2022","97","Ozone","McDonough","13-151-0002","AQS"
"06/24/2022","80","Ozone","Douglasville","13-097-0004","AQS"
"06/25/2022","52","PM2.5","South DeKalb","13-089-0002","AQS"
"06/26/2022","60","PM2.5","United Avenue","13-121-0055","AQS"
"06/27/2022","58","PM2.5","United Avenue","13-121-0055","AQS"
"06/28/2022","58","PM2.5","United Avenue","13-121-0055","AQS"
"06/29/2022","57","PM2.5","United Avenue","13-121-0055","AQS"
"06/30/2022","51","Ozone","Douglasville","13-097-0004","AQS"
"07/01/2022","46","PM2.5","United Avenue","13-121-0055","AQS"
"07/02/2022","54","Ozone","Conyers","13-247-0001","AQS"
"07/03/2022","53","PM2.5","South DeKalb","13-089-0002","AQS"
"07/04/2022","63","PM2.5","Forest Park","13-063-0091","AQS"
"07/05/2022","80","Ozone","United Avenue","13-121-0055","AQS"
"07/06/2022","55","PM2.5","United Avenue","13-121-0055","AQS"
"07/07/2022","49","PM2.5","United Avenue","13-121-0055","AQS"
"07/08/2022","53","PM2.5","United Avenue","13-121-0055","AQS"
"07/09/2022","40","Ozone","Gwinnett","13-135-0002","AQS"
"07/10/2022","47","PM2.5","South DeKalb","13-089-0002","AQS"
"07/11/2022","36","Ozone","Kennesaw","13-067-0003","AQS"
"07/12/2022","53","PM2.5","United Avenue","13-121-0055","AQS"
"07/13/2022","52","PM2.5","United Avenue","13-121-0055","AQS"
"07/14/2022","74","Ozone","McDonough","13-151-0002","AQS"
"07/15/2022","77","Ozone","United Avenue","13-121-0055","AQS"
"07/16/2022","58","Ozone","Kennesaw","13-067-0003","AQS"
"07/17/2022","51","PM2.5","United Avenue","13-121-0055","AQS"
"07/18/2022","52","PM2.5","United Avenue","13-121-0055","AQS"
"07/19/2022","52","PM2.5","United Avenue","13-121-0055","AQS"
"07/20/2022","52","PM2.5","United Avenue","13-121-0055","AQS"
"07/21/2022","57","PM2.5","United Avenue","13-121-0055","AQS"
"07/22/2022","67","Ozone","Gwinnett","13-135-0002","AQS"
"07/23/2022","61","Ozone","Gwinnett","13-135-0002","AQS"
"07/24/2022","55","PM2.5","United Avenue","13-121-0055","AQS"
"07/25/2022","52","PM2.5","United Avenue","13-121-0055","AQS"
"07/26/2022","52","PM2.5","United Avenue","13-121-0055","AQS"
"07/27/2022","53","PM2.5","United Avenue","13-121-0055","AQS"
"07/28/2022","54","PM2.5","United Avenue","13-121-0055","AQS"
"07/29/2022","53","PM2.5","United Avenue","13-121-0055","AQS"
"07/30/2022","44","PM2.5","United Avenue","13-121-0055","AQS"
"07/31/2022","51","PM2.5","South DeKalb","13-089-0002","AQS"
"08/01/2022","62","PM2.5","United Avenue","13-121-0055","AQS"
"08/02/2022","55","PM2.5","United Avenue","13-121-0055","AQS"
"08/03/2022","48","PM2.5","United Avenue","13-121-0055","AQS"
"08/04/2022","52","PM2.5","United Avenue","13-121-0055","AQS"
"08/05/2022","55","PM2.5","United Avenue","13-121-0055","AQS"
"08/06/2022","52","PM2.5","United Avenue","13-121-0055","AQS"
"08/07/2022","43","Ozone","United Avenue","13-121-0055","AQS"
"08/08/2022","50","Ozone","South DeKalb","13-089-0002","AQS"
"08/09/2022","44","Ozone","United Avenue","13-121-0055","AQS"
"08/10/2022","37","Ozone","Gwinnett","13-135-0002","AQS"
"08/11/2022","47","PM2.5","South DeKalb","13-089-0002","AQS"
"08/12/2022","47","PM2.5","South DeKalb","13-089-0002","AQS"
"08/13/2022","52","PM2.5","South DeKalb","13-089-0002","AQS"
"08/14/2022","56","PM2.5","South DeKalb","13-089-0002","AQS"
"08/15/2022","58","PM2.5","South DeKalb","13-089-0002","AQS"
"08/16/2022","57","PM2.5","South DeKalb","13-089-0002","AQS"
"08/17/2022","52","PM2.5","South DeKalb","13-089-0002","AQS"
"08/18/2022","67","PM2.5","McDonough","13-151-0002","AQS"
"08/19/2022","55","PM2.5","South DeKalb","13-089-0002","AQS"
"08/20/2022","49","PM2.5","South DeKalb","13-089-0002","AQS"
"08/21/2022","38","PM2.5","South DeKalb","13-089-0002","AQS"
"08/22/2022","52","PM2.5","South DeKalb","13-089-0002","AQS"
"08/23/2022","55","PM2.5","South DeKalb","13-089-0002","AQS"
"08/24/2022","51","PM2.5","South DeKalb","13-089-0002","AQS"
"08/25/2022","29","PM2.5","South DeKalb","13-089-0002","AQS"
"08/26/2022","44","Ozone","Conyers","13-247-0001","AQS"
"08/27/2022","49","Ozone","Douglasville","13-097-0004","AQS"
"08/28/2022","49","PM2.5","South DeKalb","13-089-0002","AQS"
"08/29/2022","48","PM2.5","South DeKalb","13-089-0002","AQS"
"08/30/2022","38","Ozone","South DeKalb","13-089-0002","AQS"
"08/31/2022","64","Ozone","McDonough","13-151-0002","AQS"
"09/01/2022","105","Ozone","Kennesaw","13-067-0003","AQS"
"09/02/2022","45","PM2.5","NR-GA Tech","13-121-0056","AQS"
"09/03/2022","36","PM2.5","United Avenue","13-121-0055","AQS"
"09/04/2022","37","PM2.5","United Avenue","13-121-0055","AQS"
"09/05/2022","34","PM2.5","South DeKalb","13-089-0002","AQS"
"09/06/2022","54","PM2.5","South DeKalb","13-089-0002","AQS"
"09/07/2022","55","PM2.5","United Avenue","13-121-0055","AQS"
"09/08/2022","52","PM2.5","United Avenue","13-121-0055","AQS"
"09/09/2022","47","PM2.5","United Avenue","13-121-0055","AQS"
"09/10/2022","34","PM2.5","United Avenue","13-121-0055","AQS"
"09/11/2022","34","PM2.5","United Avenue","13-121-0055","AQS"
"09/12/2022","47","PM2.5","South DeKalb","13-089-0002","AQS"
"09/13/2022","49","Ozone","Georgia Station","13-231-9991","AQS"
"09/14/2022","57","PM2.5","United Avenue","13-121-0055","AQS"
"09/15/2022","58","Ozone","Douglasville","13-097-0004","AQS"
"09/16/2022","58","Ozone","Douglasville","13-097-0004","AQS"
"09/17/2022","61","PM2.5","United Avenue","13-121-0055","AQS"
"09/18/2022","63","PM2.5","United Avenue","13-121-0055","AQS"
"09/19/2022","71","Ozone","Georgia Station","13-231-9991","AQS"
"09/20/2022","67","PM2.5","Forest Park","13-063-0091","AQS"
"09/21/2022","150","Ozone","United Avenue","13-121-0055","AQS"
"09/22/2022","62","PM2.5","South DeKalb","13-089-0002","AQS"
"09/23/2022","64","Ozone","Douglasville","13-097-0004","AQS"
"09/24/2022","87","Ozone","Kennesaw","13-067-0003","AQS"
"09/25/2022","54","PM2.5","South DeKalb","13-089-0002","AQS"
"09/26/2022","49","PM2.5","South DeKalb","13-089-0002","AQS"
"09/27/2022","44","Ozone","Georgia Station","13-231-9991","AQS"
"09/28/2022","45","Ozone","Georgia Station","13-231-9991","AQS"
"09/29/2022","38","Ozone","Georgia Station","13-231-9991","AQS"
"09/30/2022","38","Ozone","Douglasville","13-097-0004","AQS"
"10/01/2022","37","PM2.5","United Avenue","13-121-0055","AQS"
"10/02/2022","35","Ozone","Georgia Station","13-231-9991","AQS"
"10/03/2022","36","PM2.5","United Avenue","13-121-0055","AQS"
"10/04/2022","47","PM2.5","United Avenue","13-121-0055","AQS"
"10/05/2022","47","PM2.5","United Avenue","13-121-0055","AQS"
"10/06/2022","54","PM2.5","United Avenue","13-121-0055","AQS"
"10/07/2022","84","Ozone","Conyers","13-247-0001","AQS"
"10/08/2022","51","PM2.5","United Avenue","13-121-0055","AQS"
"10/09/2022","58","PM2.5","United Avenue","13-121-0055","AQS"
"10/10/2022","61","Ozone","United Avenue","13-121-0055","AQS"
"10/11/2022","62","PM2.5","United Avenue","13-121-0055","AQS"
"10/12/2022","63","PM2.5","McDonough","13-151-0002","AQS"
"10/13/2022","49","PM2.5","South DeKalb","13-089-0002","AQS"
"10/14/2022","57","PM2.5","United Avenue","13-121-0055","AQS"
"10/15/2022","77","PM2.5","United Avenue","13-121-0055","AQS"
"10/16/2022","68","PM2.5","Gwinnett","13-135-0002","AQS"
"10/17/2022","60","PM2.5","Gwinnett","13-135-0002","AQS"
"10/18/2022","33","PM2.5","United Avenue","13-121-0055","AQS"
"10/19/2022","45","PM2.5","United Avenue","13-121-0055","AQS"
"10/20/2022","53","PM2.5","Forest Park","13-063-0091","AQS"
"10/21/2022","63","PM2.5","United Avenue","13-121-0055","AQS"
"10/22/2022","71","Ozone","Georgia Station","13-231-9991","AQS"
"10/23/2022","79","PM2.5","United Avenue","13-121-0055","AQS"
"10/24/2022","69","PM2.5","United Avenue","13-121-0055","AQS"
"10/25/2022","78","PM2.5","Gwinnett","13-135-0002","AQS"
"10/26/2022","35","PM2.5","South DeKalb","13-089-0002","AQS"
"10/27/2022","46","PM2.5","United Avenue","13-121-0055","AQS"
"10/28/2022","51","PM2.5","United Avenue","13-121-0055","AQS"
"10/29/2022","43","PM2.5","United Avenue","13-121-0055","AQS"
"10/30/2022","30","PM2.5","South DeKalb","13-089-0002","AQS"
"10/31/2022","52","PM2.5","South DeKalb","13-089-0002","AQS"
"11/01/2022","59","PM2.5","Gwinnett","13-135-0002","AQS"
"11/02/2022","59","PM2.5","South DeKalb","13-089-0002","AQS"
"11/03/2022","63","PM2.5","Gwinnett","13-135-0002","AQS"
"11/04/2022","61","PM2.5","Gwinnett","13-135-0002","AQS"
"11/05/2022","52","PM2.5","South DeKalb","13-089-0002","AQS"
"11/06/2022","53","PM2.5","South DeKalb","13-089-0002","AQS"
"11/07/2022","51","PM2.5","South DeKalb","13-089-0002","AQS"
"11/08/2022","51","PM2.5","South DeKalb","13-089-0002","AQS"
"11/09/2022","38","Ozone","Georgia Station","13-231-9991","AQS"
"11/10/2022","33","Ozone","Georgia Station","13-231-9991","AQS"
"11/11/2022","22","PM2.5","South DeKalb","13-089-0002","AQS"
"11/12/2022","43","PM2.5","South DeKalb","13-089-0002","AQS"
"11/13/2022","34","PM2.5","South DeKalb","13-089-0002","AQS"
"11/14/2022","37","PM2.5","Gwinnett","13-135-0002","AQS"
"11/15/2022","41","PM2.5","United Avenue","13-121-0055","AQS"
"11/16/2022","49","PM2.5","South DeKalb","13-089-0002","AQS"
"11/17/2022","48","PM2.5","South DeKalb","13-089-0002","AQS"
"11/18/2022","54","PM2.5","NR-GA Tech","13-121-0056","AQS"
"11/19/2022","56","PM2.5","South DeKalb","13-089-0002","AQS"
"11/20/2022","48","PM2.5","Gwinnett","13-135-0002","AQS"
"11/21/2022","62","PM2.5","Gwinnett","13-135-0002","AQS"
"11/22/2022","65","PM2.5","Forest Park","13-063-0091","AQS"
"11/23/2022","67","PM2.5","United Avenue","13-121-0055","AQS"
"11/24/2022","58","PM2.5","South DeKalb","13-089-0002","AQS"
"11/25/2022","48","PM2.5","Gwinnett","13-135-0002","AQS"
"11/26/2022","51","PM2.5","South DeKalb","13-089-0002","AQS"
"11/27/2022","34","Ozone","Georgia Station","13-231-9991","AQS"
"11/28/2022","52","PM2.5","Gwinnett","13-135-0002","AQS"
"11/29/2022","57","PM2.5","United Avenue","13-121-0055","AQS"
"11/30/2022","34","PM2.5","United Avenue","13-121-0055","AQS"
"12/01/2022","38","PM2.5","United Avenue","13-121-0055","AQS"
"12/02/2022","48","PM2.5","United Avenue","13-121-0055","AQS"
"12/03/2022","55","PM2.5","United Avenue","13-121-0055","AQS"
"12/04/2022","52","PM2.5","South DeKalb","13-089-0002","AQS"
"12/05/2022","51","PM2.5","United Avenue","13-121-0055","AQS"
"12/06/2022","45","PM2.5","South DeKalb","13-089-0002","AQS"
"12/07/2022","55","PM2.5","United Avenue","13-121-0055","AQS"
"12/08/2022","59","PM2.5","United Avenue","13-121-0055","AQS"
"12/09/2022","54","PM2.5","South DeKalb","13-089-0002","AQS"
"12/10/2022","42","PM2.5","South DeKalb","13-089-0002","AQS"
"12/11/2022","33","PM2.5","Gwinnett","13-135-0002","AQS"
"12/12/2022","46","PM2.5","Gwinnett","13-135-0002","AQS"
"12/13/2022","57","PM2.5","Gwinnett","13-135-0002","AQS"
"12/14/2022","51","PM2.5","South DeKalb","13-089-0002","AQS"
"12/15/2022","34","Ozone","Georgia Station","13-231-9991","AQS"
"12/16/2022","33","PM2.5","United Avenue","13-121-0055","AQS"
"12/17/2022","37","PM2.5","United Avenue","13-121-0055","AQS"
"12/18/2022","42","PM2.5","United Avenue","13-121-0055","AQS"
"12/19/2022","51","PM2.5","NR-GA Tech","13-121-0056","AQS"
"12/20/2022","54","PM2.5","Gwinnett","13-135-0002","AQS"
"12/21/2022","52","PM2.5","Gwinnett","13-135-0002","AQS"
"12/22/2022","47","PM2.5","Gwinnett","13-135-0002","AQS"
"12/23/2022","32","PM2.5","United Avenue","13-121-0055","AQS"
"12/24/2022","33","PM2.5","United Avenue","13-121-0055","AQS"
"12/25/2022","35","Ozone","Georgia Station","13-231-9991","AQS"
"12/26/2022","42","PM2.5","United Avenue","13-121-0055","AQS"
"12/27/2022","57","PM2.5","Gwinnett","13-135-0002","AQS"
"12/28/2022","75","PM2.5","NR-GA Tech","13-121-0056","AQS"
"12/29/2022","67","PM2.5","Gwinnett","13-135-0002","AQS"
"12/30/2022","63","PM2.5","Gwinnett","13-135-0002","AQS"
"12/31/2022","56","PM2.5","Gwinnett","13-135-0002","AQS"
"01/01/2023","63","PM2.5","Gwinnett","13-135-0002","AQS"
"01/02/2023","61","PM2.5","Gwinnett","13-135-0002","AQS"
"01/03/2023","51","PM2.5","United Avenue","13-121-0055","AQS"
"01/04/2023","36","Ozone","Georgia Station","13-231-9991","AQS"
"01/05/2023","37","Ozone","Georgia Station","13-231-9991","AQS"
"01/06/2023","38","PM2.5","United Avenue","13-121-0055","AQS"
"01/07/2023","58","PM2.5","United Avenue","13-121-0055","AQS"
"01/08/2023","62","PM2.5","Gwinnett","13-135-0002","AQS"
"01/09/2023","55","PM2.5","Gwinnett","13-135-0002","AQS"
"01/10/2023","54","PM2.5","Gwinnett","13-135-0002","AQS"
"01/11/2023","60","PM2.5","Gwinnett","13-135-0002","AQS"
"01/12/2023","52","PM2.5","Gwinnett","13-135-0002","AQS"
"01/13/2023","26","Ozone","Georgia Station","13-231-9991","AQS"
"01/14/2023","32","Ozone","Georgia Station","13-231-9991","AQS"
"01/15/2023","55","PM2.5","NR-GA Tech","13-121-0056","AQS"
"01/16/2023","60","PM2.5","United Avenue","13-121-0055","AQS"
"01/17/2023","51","PM2.5","Gwinnett","13-135-0002","AQS"
"01/18/2023","54","PM2.5","NR-GA Tech","13-121-0056","AQS"
"01/19/2023","42","Ozone","Georgia Station","13-231-9991","AQS"
"01/20/2023","35","Ozone","Georgia Station","13-231-9991","AQS"
"01/21/2023","54","PM2.5","NR-GA Tech","13-121-0056","AQS"
"01/22/2023","31","PM2.5","Gwinnett","13-135-0002","AQS"
"01/23/2023","36","PM2.5","United Avenue","13-121-0055","AQS"
"01/24/2023","48","PM2.5","Fire Station #8","13-121-0039","AQS"
"01/25/2023","37","Ozone","Georgia Station","13-231-9991","AQS"
"01/26/2023","36","PM2.5","United Avenue","13-121-0055","AQS"
"01/27/2023","39","PM2.5","Gwinnett","13-135-0002","AQS"
"01/28/2023","61","PM2.5","Gwinnett","13-135-0002","AQS"
"01/29/2023","64","PM2.5","Gwinnett","13-135-0002","AQS"
"01/30/2023","54","PM2.5","NR-GA Tech","13-121-0056","AQS"
"01/31/2023","54","PM2.5","NR-GA Tech","13-121-0056","AQS"
"02/01/2023","26","Ozone","Georgia Station","13-231-9991","AQS"
"02/02/2023","28","Ozone","Georgia Station","13-231-9991","AQS"
"02/03/2023","36","Ozone","Georgia Station","13-231-9991","AQS"
"02/04/2023","49","PM2.5","Gwinnett","13-135-0002","AQS"
"02/05/2023","47","PM2.5","Forest Park","13-063-0091","AQS"
"02/06/2023","48","PM2.5","Gwinnett","13-135-0002","AQS"
"02/07/2023","67","PM2.5","Gwinnett","13-135-0002","AQS"
"02/08/2023","81","PM2.5","Gwinnett","13-135-0002","AQS"
"02/09/2023","57","PM2.5","United Avenue","13-121-0055","AQS"
"02/10/2023","56","NO2","South DeKalb","13-089-0002","AQS"
"02/11/2023","36","Ozone","Georgia Station","13-231-9991","AQS"
"02/12/2023","33","Ozone","Georgia Station","13-231-9991","AQS"
"02/13/2023","45","NO2","NR-285","13-089-0003","AQS"
"02/14/2023","55","PM2.5","NR-GA Tech","13-121-0056","AQS"
"02/15/2023","62","PM2.5","United Avenue","13-121-0055","AQS"
"02/16/2023","66","PM2.5","South DeKalb","13-089-0002","AQS"
"02/17/2023","31","Ozone","Georgia Station","13-231-9991","AQS"
"02/18/2023","45","PM2.5","McDonough","13-151-0002","AQS"
"02/19/2023","51","PM2.5","Gwinnett","13-135-0002","AQS"
"02/20/2023","58","PM2.5","Gwinnett","13-135-0002","AQS"
"02/21/2023","53","PM2.5","Gwinnett","13-135-0002","AQS"
"02/22/2023","56","PM2.5","South DeKalb","13-089-0002","AQS"
"02/23/2023","56","PM2.5","South DeKalb","13-089-0002","AQS"
"02/24/2023","55","PM2.5","Gwinnett","13-135-0002","AQS"
"02/25/2023","55","PM2.5","Gwinnett","13-135-0002","AQS"
"02/26/2023","45","PM2.5","South DeKalb","13-089-0002","AQS"
"02/27/2023","58","PM2.5","United Avenue","13-121-0055","AQS"
"02/28/2023","70","PM2.5","South DeKalb","13-089-0002","AQS"
"03/01/2023","87","PM2.5","United Avenue","13-121-0055","AQS"
"03/02/2023","36","PM2.5","South DeKalb","13-089-0002","AQS"
"03/03/2023","55","PM2.5","South DeKalb","13-089-0002","AQS"
"03/04/2023","44","Ozone","Conyers","13-247-0001","AQS"
"03/05/2023","49","PM2.5","United Avenue","13-121-0055","AQS"
"03/06/2023","74","PM2.5","South DeKalb","13-089-0002","AQS"
"03/07/2023","77","PM2.5","South DeKalb","13-089-0002","AQS"
"03/08/2023","58","PM2.5","McDonough","13-151-0002","AQS"
"03/09/2023","74","PM2.5","South DeKalb","13-089-0002","AQS"
"03/10/2023","65","PM2.5","Gwinnett","13-135-0002","AQS"
"03/11/2023","43","Ozone","Gwinnett","13-135-0002","AQS"
"03/12/2023","53","PM2.5","South DeKalb","13-089-0002","AQS"
"03/13/2023","40","Ozone","Georgia Station","13-231-9991","AQS"
"03/14/2023","41","Ozone","Georgia Station","13-231-9991","AQS"
"03/15/2023","54","Ozone","Douglasville","13-097-0004","AQS"
"03/16/2023","91","PM2.5","Gwinnett","13-135-0002","AQS"
"03/17/2023","72","PM2.5","Gwinnett","13-135-0002","AQS"
"03/18/2023","44","Ozone","Gwinnett","13-135-0002","AQS"
"03/19/2023","43","Ozone","Georgia Station","13-231-9991","AQS"
"03/20/2023","46","Ozone","Georgia Station","13-231-9991","AQS"
"03/21/2023","94","PM2.5","Gwinnett","13-135-0002","AQS"
"03/22/2023","82","PM2.5","Gwinnett","13-135-0002","AQS"
"03/23/2023","70","PM2.5","South DeKalb","13-089-0002","AQS"
"03/24/2023","67","PM2.5","South DeKalb","13-089-0002","AQS"
"03/25/2023","66","PM2.5","Fire Station #8","13-121-0039","AQS"
"03/26/2023","54","PM2.5","Gwinnett","13-135-0002","AQS"
"03/27/2023","49","Ozone","Dawsonville","13-085-0001","AQS"
"03/28/2023","55","PM2.5","South DeKalb","13-089-0002","AQS"
"03/29/2023","61","Ozone","Douglasville","13-097-0004","AQS"
"03/30/2023","90","Ozone","Dawsonville","13-085-0001","AQS"
"03/31/2023","58","Ozone","Georgia Station","13-231-9991","AQS"
"04/01/2023","48","PM2.5","South DeKalb","13-089-0002","AQS"
"04/02/2023","54","Ozone","United Avenue","13-121-0055","AQS"
"04/03/2023","61","PM2.5","NR-GA Tech","13-121-0056","AQS"
"04/04/2023","66","PM2.5","South DeKalb","13-089-0002","AQS"
"04/05/2023","58","PM2.5","Gwinnett","13-135-0002","AQS"
"04/06/2023","62","PM2.5","Gwinnett","13-135-0002","AQS"
"04/07/2023","52","PM2.5","South DeKalb","13-089-0002","AQS"
"04/08/2023","39","Ozone","Dawsonville","13-085-0001","AQS"
"04/09/2023","48","Ozone","Gwinnett","13-135-0002","AQS"
"04/10/2023","54","Ozone","Gwinnett","13-135-0002","AQS"
"04/11/2023","64","Ozone","United Avenue","13-121-0055","AQS"
"04/12/2023","85","PM2.5","Gwinnett","13-135-0002","AQS"
"04/13/2023","69","PM2.5","Gwinnett","13-135-0002","AQS"
"04/14/2023","53","PM2.5","Gwinnett","13-135-0002","AQS"
"04/15/2023","58","PM2.5","South DeKalb","13-089-0002","AQS"
"04/16/2023","60","PM2.5","McDonough","13-151-0002","AQS"
"04/17/2023","56","PM2.5","Gwinnett","13-135-0002","AQS"
"04/18/2023","71","Ozone","United Avenue","13-121-0055","AQS"
"04/19/2023","105","Ozone","Dawsonville","13-085-0001","AQS"
"04/20/2023","115","PM2.5","Gwinnett","13-135-0002","AQS"
"04/21/2023","80","PM2.5","Gwinnett","13-135-0002","AQS"
"04/22/2023","46","Ozone","United Avenue","13-121-0055","AQS"
"04/23/2023","47","Ozone","McDonough","13-151-0002","AQS"
"04/24/2023","50","Ozone","United Avenue","13-121-0055","AQS"
"04/25/2023","70","PM2.5","South DeKalb","13-089-0002","AQS"
"04/26/2023","57","PM2.5","South DeKalb","13-089-0002","AQS"
"04/27/2023","51","PM2.5","NR-285","13-089-0003","AQS"
"04/28/2023","44","Ozone","Douglasville","13-097-0004","AQS"
"04/29/2023","53","PM2.5","South DeKalb","13-089-0002","AQS"
"04/30/2023","45","Ozone","Georgia Station","13-231-9991","AQS"
"05/01/2023","48","Ozone","Georgia Station","13-231-9991","AQS"
"05/02/2023","50","Ozone","Gwinnett","13-135-0002","AQS"
"05/03/2023","49","Ozone","Gwinnett","13-135-0002","AQS"
"05/04/2023","58","Ozone","United Avenue","13-121-0055","AQS"
"05/05/2023","58","PM2.5","NR-GA Tech","13-121-0056","AQS"
"05/06/2023","56","PM2.5","NR-GA Tech","13-121-0056","AQS"
"05/07/2023","54","PM2.5","Gwinnett","13-135-0002","AQS"
"05/08/2023","53","PM2.5","South DeKalb","13-089-0002","AQS"
"05/09/2023","61","PM2.5","South DeKalb","13-089-0002","AQS"
"05/10/2023","87","Ozone","Douglasville","13-097-0004","AQS"
"05/11/2023","64","PM2.5","McDonough","13-151-0002","AQS"
"05/12/2023","58","PM2.5","United Avenue","13-121-0055","AQS"
"05/13/2023","58","Ozone","United Avenue","13-121-0055","AQS"
"05/14/2023","56","PM2.5","South DeKalb","13-089-0002","AQS"
"05/15/2023","56","PM2.5","NR-285","13-089-0003","AQS"
"05/16/2023","56","PM2.5","NR-285","13-089-0003","AQS"
"05/17/2023","51","PM2.5","South DeKalb","13-089-0002","AQS"
"05/18/2023","53","PM2.5","Gwinnett","13-135-0002","AQS"
"05/19/2023","49","PM2.5","Gwinnett","13-135-0002","AQS"
"05/20/2023","39","Ozone","Gwinnett","13-135-0002","AQS"
"05/21/2023","41","Ozone","Douglasville","13-097-0004","AQS"
"05/22/2023","65","PM2.5","Gwinnett","13-135-0002","AQS"
"05/23/2023","69","PM2.5","South DeKalb","13-089-0002","AQS"
"05/24/2023","70","PM2.5","Gwinnett","13-135-0002","AQS"
"05/25/2023","84","Ozone","Douglasville","13-097-0004","AQS"
"05/26/2023","90","Ozone","Douglasville","13-097-0004","AQS"
"05/27/2023","58","Ozone","Douglasville","13-097-0004","AQS"
"05/28/2023","50","Ozone","United Avenue","13-121-0055","AQS"
"05/29/2023","53","PM2.5","McDonough","13-151-0002","AQS"
"05/30/2023","53","PM2.5","McDonough","13-151-0002","AQS"
"05/31/2023","54","PM2.5","NR-285","13-089-0003","AQS"
"06/01/2023","61","Ozone","Douglasville","13-097-0004","AQS"
"06/02/2023","53","PM2.5","NR-285","13-089-0003","AQS"
"06/03/2023","90","Ozone","Gwinnett","13-135-0002","AQS"
"06/04/2023","63","PM2.5","NR-285","13-089-0003","AQS"
"06/05/2023","87","Ozone","Gwinnett","13-135-0002","AQS"
"06/06/2023","101","Ozone","Douglasville","13-097-0004","AQS"
"06/07/2023","136","Ozone","Douglasville","13-097-0004","AQS"
"06/08/2023","97","Ozone","Conyers","13-247-0001","AQS"
"06/09/2023","133","Ozone","Georgia Station","13-231-9991","AQS"
"06/10/2023","133","Ozone","Gwinnett","13-135-0002","AQS"
"06/11/2023","67","PM2.5","South DeKalb","13-089-0002","AQS"
"06/12/2023","50","PM2.5","NR-GA Tech","13-121-0056","AQS"
"06/13/2023","64","PM2.5","McDonough","13-151-0002","AQS"
"06/14/2023","52","PM2.5","NR-285","13-089-0003","AQS"
"06/15/2023","46","Ozone","Gwinnett","13-135-0002","AQS"
"06/16/2023","64","Ozone","United Avenue","13-121-0055","AQS"
"06/17/2023","119","Ozone","United Avenue","13-121-0055","AQS"
"06/18/2023","93","Ozone","Gwinnett","13-135-0002","AQS"
"06/19/2023","43","PM2.5","South DeKalb","13-089-0002","AQS"
"06/20/2023","50","Ozone","Gwinnett","13-135-0002","AQS"
"06/21/2023","40","Ozone","Georgia Station","13-231-9991","AQS"
"06/22/2023","34","Ozone","United Avenue","13-121-0055","AQS"
"06/23/2023","47","PM2.5","South DeKalb","13-089-0002","AQS"
"06/24/2023","97","Ozone","United Avenue","13-121-0055","AQS"
"06/25/2023","70","PM2.5","NR-285","13-089-0003","AQS"
"06/26/2023","51","PM2.5","Forest Park","13-063-0091","AQS"
"06/27/2023","71","Ozone","Conyers","13-247-0001","AQS"
"06/28/2023","119","Ozone","McDonough","13-151-0002","AQS"
"06/29/2023","172","Ozone","United Avenue","13-121-0055","AQS"
"06/30/2023","105","PM2.5","NR-285","13-089-0003","AQS"
"07/01/2023","77","Ozone","Conyers","13-247-0001","AQS"
"07/02/2023","62","PM2.5","NR-285","13-089-0003","AQS"
"07/03/2023","56","PM2.5","NR-285","13-089-0003","AQS"
"07/04/2023","71","PM2.5","NR-285","13-089-0003","AQS"
"07/05/2023","93","PM2.5","NR-285","13-089-0003","AQS"
"07/06/2023","58","PM2.5","NR-285","13-089-0003","AQS"
"07/07/2023","58","PM2.5","NR-285","13-089-0003","AQS"
"07/08/2023","52","PM2.5","NR-285","13-089-0003","AQS"
"07/09/2023","41","PM2.5","McDonough","13-151-0002","AQS"
"07/10/2023","46","Ozone","McDonough","13-151-0002","AQS"
"07/11/2023","64","Ozone","Gwinnett","13-135-0002","AQS"
"07/12/2023","80","Ozone","Gwinnett","13-135-0002","AQS"
"07/13/2023","57","PM2.5","NR-285","13-089-0003","AQS"
"07/14/2023","53","PM2.5","NR-285","13-089-0003","AQS"
"07/15/2023","60","PM2.5","NR-285","13-089-0003","AQS"
"07/16/2023","60","PM2.5","Gwinnett","13-135-0002","AQS"
"07/17/2023","124","PM2.5","South DeKalb","13-089-0002","AQS"
"07/18/2023","153","PM2.5","McDonough","13-151-0002","AQS"
"07/19/2023","58","Ozone","United Avenue","13-121-0055","AQS"
"07/20/2023","65","PM2.5","Forest Park","13-063-0091","AQS"
"07/21/2023","52","PM2.5","NR-285","13-089-0003","AQS"
"07/22/2023","53","PM2.5","NR-285","13-089-0003","AQS"
"07/23/2023","56","PM2.5","NR-285","13-089-0003","AQS"
"07/24/2023","93","Ozone","United Avenue","13-121-0055","AQS"
"07/25/2023","119","Ozone","Georgia Station","13-231-9991","AQS"
"07/26/2023","101","Ozone","United Avenue","13-121-0055","AQS"
"07/27/2023","129","Ozone","Douglasville","13-097-0004","AQS"
"07/28/2023","90","Ozone","United Avenue","13-121-0055","AQS"
"07/29/2023","71","Ozone","McDonough","13-151-0002","AQS"
"07/30/2023","51","PM2.5","South DeKalb","13-089-0002","AQS"
"07/31/2023","84","Ozone","Georgia Station","13-231-9991","AQS"
"08/01/2023","77","Ozone","Georgia Station","13-231-9991","AQS"
"08/02/2023","56","PM2.5","McDonough","13-151-0002","AQS"
"08/03/2023","52","PM2.5","NR-285","13-089-0003","AQS"
"08/04/2023","54","PM2.5","NR-285","13-089-0003","AQS"
"08/05/2023","59","PM2.5","NR-GA Tech","13-121-0056","AQS"
"08/06/2023","57","PM2.5","NR-GA Tech","13-121-0056","AQS"
"08/07/2023","55","PM2.5","NR-GA Tech","13-121-0056","AQS"
"08/08/2023","63","PM2.5","NR-GA Tech","13-121-0056","AQS"
"08/09/2023","67","PM2.5","NR-GA Tech","13-121-0056","AQS"
"08/10/2023","68","PM2.5","NR-GA Tech","13-121-0056","AQS"
"08/11/2023","66","PM2.5","NR-GA Tech","13-121-0056","AQS"
"08/12/2023","71","PM2.5","NR-GA Tech","13-121-0056","AQS"
"08/13/2023","68","PM2.5","NR-GA Tech","13-121-0056","AQS"
"08/14/2023","79","PM2.5","NR-GA Tech","13-121-0056","AQS"
"08/15/2023","79","PM2.5","NR-GA Tech","13-121-0056","AQS"
"08/16/2023","75","PM2.5","NR-GA Tech","13-121-0056","AQS"
"08/17/2023","79","PM2.5","NR-GA Tech","13-121-0056","AQS"
"08/18/2023","80","Ozone","McDonough","13-151-0002","AQS"
"08/19/2023","84","Ozone","Douglasville","13-097-0004","AQS"
"08/20/2023","84","Ozone","Douglasville","13-097-0004","AQS"
"08/21/2023","119","Ozone","United Avenue","13-121-0055","AQS"
"08/22/2023","112","Ozone","Georgia Station","13-231-9991","AQS"
"08/23/2023","108","Ozone","Douglasville","13-097-0004","AQS"
"08/24/2023","156","Ozone","United Avenue","13-121-0055","AQS"
"08/25/2023","77","Ozone","McDonough","13-151-0002","AQS"
"08/26/2023","77","Ozone","Georgia Station","13-231-9991","AQS"
"08/27/2023","61","Ozone","United Avenue","13-121-0055","AQS"
"08/28/2023","48","PM2.5","NR-GA Tech","13-121-0056","AQS"
"08/29/2023","48","Ozone","Douglasville","13-097-0004","AQS"
"08/30/2023","36","PM2.5","NR-GA Tech","13-121-0056","AQS"
"08/31/2023","61","Ozone","Kennesaw","13-067-0003","AQS"
"09/01/2023","53","PM2.5","NR-285","13-089-0003","AQS"
"09/02/2023","48","Ozone","Douglasville","13-097-0004","AQS"
"09/03/2023","77","Ozone","Douglasville","13-097-0004","AQS"
"09/04/2023","100","Ozone","United Avenue","13-121-0055","AQS"
"09/05/2023","71","Ozone","McDonough","13-151-0002","AQS"
"09/06/2023","63","PM2.5","NR-285","13-089-0003","AQS"
"09/07/2023","59","PM2.5","NR-285","13-089-0003","AQS"
"09/08/2023","105","Ozone","Gwinnett","13-135-0002","AQS"
"09/09/2023","58","PM2.5","NR-GA Tech","13-121-0056","AQS"
"09/10/2023","49","PM2.5","South DeKalb","13-089-0002","AQS"
"09/11/2023","64","Ozone","United Avenue","13-121-0055","AQS"
"09/12/2023","57","PM2.5","Kennesaw","13-067-0003","AQS"
"09/13/2023","64","PM2.5","McDonough","13-151-0002","AQS"
"09/14/2023","62","PM2.5","McDonough","13-151-0002","AQS"
"09/15/2023","55","PM2.5","NR-285","13-089-0003","AQS"
"09/16/2023","47","PM2.5","NR-GA Tech","13-121-0056","AQS"
"09/17/2023","52","PM2.5","NR-285","13-089-0003","AQS"
"09/18/2023","57","PM2.5","South DeKalb","13-089-0002","AQS"
"09/19/2023","67","Ozone","Kennesaw","13-067-0003","AQS"
"09/20/2023","57","PM2.5","NR-285","13-089-0003","AQS"
"09/21/2023","61","PM2.5","NR-285","13-089-0003","AQS"
"09/22/2023","61","PM2.5","NR-285","13-089-0003","AQS"
"09/23/2023","58","PM2.5","NR-285","13-089-0003","AQS"
"09/24/2023","53","PM2.5","NR-285","13-089-0003","AQS"
"09/25/2023","84","Ozone","Conyers","13-247-0001","AQS"
"09/26/2023","60","PM2.5","NR-285","13-089-0003","AQS"
"09/27/2023","57","PM2.5","NR-285","13-089-0003","AQS"
"09/28/2023","39","PM2.5","NR-GA Tech","13-121-0056","AQS"
"09/29/2023","52","PM2.5","South DeKalb","13-089-0002","AQS"
"09/30/2023","59","PM2.5","NR-GA Tech","13-121-0056","AQS"
"10/01/2023","52","PM2.5","NR-GA Tech","13-121-0056","AQS"
"10/02/2023","56","PM2.5","McDonough","13-151-0002","AQS"
"10/03/2023","54","PM2.5","NR-GA Tech","13-121-0056","AQS"
"10/04/2023","59","PM2.5","United Avenue","13-121-0055","AQS"
"10/05/2023","59","PM2.5","NR-285","13-089-0003","AQS"
"10/06/2023","59","PM2.5","NR-285","13-089-0003","AQS"
"10/07/2023","35","Ozone","Georgia Station","13-231-9991","AQS"
"10/08/2023","35","Ozone","United Avenue","13-121-0055","AQS"
"10/09/2023","47","PM2.5","Forest Park","13-063-0091","AQS"
"10/10/2023","67","Ozone","Georgia Station","13-231-9991","AQS"
"10/11/2023","73","PM2.5","McDonough","13-151-0002","AQS"
"10/12/2023","42","Ozone","Georgia Station","13-231-9991","AQS"
"10/13/2023","52","PM2.5","NR-285","13-089-0003","AQS"
"10/14/2023","43","PM2.5","South DeKalb","13-089-0002","AQS"
"10/15/2023","27","Ozone","Dawsonville","13-085-0001","AQS"
"10/16/2023","30","Ozone","Georgia Station","13-231-9991","AQS"
"10/17/2023","39","PM2.5","NR-285","13-089-0003","AQS"
"10/18/2023","52","PM2.5","South DeKalb","13-089-0002","AQS"
"10/19/2023","60","PM2.5","NR-GA Tech","13-121-0056","AQS"
"10/20/2023","52","PM2.5","South DeKalb","13-089-0002","AQS"
"10/21/2023","42","PM2.5","United Avenue","13-121-0055","AQS"
"10/22/2023","49","PM2.5","United Avenue","13-121-0055","AQS"
"10/23/2023","47","PM2.5","NR-285","13-089-0003","AQS"
"10/24/2023","74","PM2.5","South DeKalb","13-089-0002","AQS"
"10/25/2023","73","PM2.5","South DeKalb","13-089-0002","AQS"
"10/26/2023","53","PM2.5","McDonough","13-151-0002","AQS"
"10/27/2023","54","PM2.5","Kennesaw","13-067-0003","AQS"
"10/28/2023","60","PM2.5","Kennesaw","13-067-0003","AQS"
"10/29/2023","60","PM2.5","Kennesaw","13-067-0003","AQS"
"10/30/2023","55","PM2.5","Kennesaw","13-067-0003","AQS"
"10/31/2023","34","Ozone","Douglasville","13-097-0004","AQS"
"11/01/2023","43","PM2.5","Kennesaw","13-067-0003","AQS"
"11/02/2023","54","PM2.5","Kennesaw","13-067-0003","AQS"
"11/03/2023","59","PM2.5","Kennesaw","13-067-0003","AQS"
"11/04/2023","65","PM2.5","Kennesaw","13-067-0003","AQS"
"11/05/2023","66","PM2.5","Forest Park","13-063-0091","AQS"
"11/06/2023","74","PM2.5","Kennesaw","13-067-0003","AQS"
"11/07/2023","77","PM2.5","Gwinnett","13-135-0002","AQS"
"11/08/2023","72","PM2.5","Gwinnett","13-135-0002","AQS"
"11/09/2023","66","PM2.5","Gwinnett","13-135-0002","AQS"
"11/10/2023","70","PM2.5","Kennesaw","13-067-0003","AQS"
"11/11/2023","53","PM2.5","Fire Station #8","13-121-0039","AQS"
"11/12/2023","43","PM2.5","Gwinnett","13-135-0002","AQS"
"11/13/2023","62","PM2.5","Kennesaw","13-067-0003","AQS"
"11/14/2023","61","PM2.5","Kennesaw","13-067-0003","AQS"
"11/15/2023","53","PM2.5","NR-285","13-089-0003","AQS"
"11/16/2023","46","PM2.5","NR-GA Tech","13-121-0056","AQS"
"11/17/2023","60","PM2.5","NR-GA Tech","13-121-0056","AQS"
"11/18/2023","57","PM2.5","Kennesaw","13-067-0003","AQS"
"11/19/2023","57","PM2.5","Kennesaw","13-067-0003","AQS"
"11/20/2023","55","PM2.5","McDonough","13-151-0002","AQS"
"11/21/2023","37","PM2.5","McDonough","13-151-0002","AQS"
"11/22/2023","35","PM2.5","Kennesaw","13-067-0003","AQS"
"11/23/2023","54","PM2.5","Kennesaw","13-067-0003","AQS"
"11/24/2023","67","PM2.5","Gwinnett","13-135-0002","AQS"
"11/25/2023","68","PM2.5","Kennesaw","13-067-0003","AQS"
"11/26/2023","59","PM2.5","Kennesaw","13-067-0003","AQS"
"11/27/2023","47","PM2.5","Kennesaw","13-067-0003","AQS"
"11/28/2023","61","PM2.5","Kennesaw","13-067-0003","AQS"
"11/29/2023","61","PM2.5","Kennesaw","13-067-0003","AQS"
"11/30/2023","77","PM2.5","Kennesaw","13-067-0003","AQS"
"12/01/2023","71","PM2.5","Kennesaw","13-067-0003","AQS"
"12/02/2023","62","PM2.5","South DeKalb","13-089-0002","AQS"
"12/03/2023","33","Ozone","Georgia Station","13-231-9991","AQS"
"12/04/2023","53","PM2.5","Kennesaw","13-067-0003","AQS"
"12/05/2023","51","PM2.5","Kennesaw","13-067-0003","AQS"
"12/06/2023","29","Ozone","Georgia Station","13-231-9991","AQS"
"12/07/2023","54","PM2.5","Kennesaw","13-067-0003","AQS"
"12/08/2023","68","PM2.5","Gwinnett","13-135-0002","AQS"
"12/09/2023","69","PM2.5","Kennesaw","13-067-0003","AQS"
"12/10/2023","32","Ozone","Georgia Station","13-231-9991","AQS"
"12/11/2023","34","PM2.5","Kennesaw","13-067-0003","AQS"
"12/12/2023","57","PM2.5","Kennesaw","13-067-0003","AQS"
"12/13/2023","65","PM2.5","NR-GA Tech","13-121-0056","AQS"
"12/14/2023","59","PM2.5","Kennesaw","13-067-0003","AQS"
"12/15/2023","53","PM2.5","Kennesaw","13-067-0003","AQS"
"12/16/2023","51","PM2.5","Kennesaw","13-067-0003","AQS"
"12/17/2023","37","PM2.5","Kennesaw","13-067-0003","AQS"
"12/18/2023","41","PM2.5","Kennesaw","13-067-0003","AQS"
"12/19/2023","34","PM2.5","Kennesaw","13-067-0003","AQS"
"12/20/2023","69","PM2.5","Kennesaw","13-067-0003","AQS"
"12/21/2023","78","PM2.5","Kennesaw","13-067-0003","AQS"
"12/22/2023","103","PM2.5","Kennesaw","13-067-0003","AQS"
"12/23/2023","72","PM2.5","Kennesaw","13-067-0003","AQS"
"12/24/2023","54","PM2.5","Kennesaw","13-067-0003","AQS"
"12/25/2023","32","Ozone","Georgia Station","13-231-9991","AQS"
"12/26/2023","23","Ozone","Georgia Station","13-231-9991","AQS"
"12/27/2023","41","PM2.5","Kennesaw","13-067-0003","AQS"
"12/28/2023","39","PM2.5","Kennesaw","13-067-0003","AQS"
"12/29/2023","44","PM2.5","Kennesaw","13-067-0003","AQS"
"12/30/2023","49","PM2.5","Kennesaw","13-067-0003","AQS"
"12/31/2023","55","PM2.5","Gwinnett","13-135-0002","AQS"
"01/01/2024","85","PM2.5","Gwinnett","13-135-0002","AQS"
"01/02/2024","44","PM2.5","Kennesaw","13-067-0003","AQS"
"01/03/2024","60","PM2.5","Kennesaw","13-067-0003","AQS"
"01/04/2024","66","PM2.5","Kennesaw","13-067-0003","AQS"
"01/05/2024","55","PM2.5","Kennesaw","13-067-0003","AQS"
"01/06/2024","34","PM2.5","Gwinnett","13-135-0002","AQS"
"01/07/2024","31","Ozone","Georgia Station","13-231-9991","AQS"
"01/08/2024","36","PM2.5","NR-GA Tech","13-121-0056","AQS"
"01/09/2024","36","Ozone","Georgia Station","13-231-9991","AQS"
"01/10/2024","38","PM2.5","Kennesaw","13-067-0003","AQS"
"01/11/2024","54","PM2.5","Kennesaw","13-067-0003","AQS"
"01/12/2024","52","PM2.5","NR-GA Tech","13-121-0056","AQS"
"01/13/2024","39","PM2.5","Kennesaw","13-067-0003","AQS"
"01/14/2024","53","PM2.5","Kennesaw","13-067-0003","AQS"
"01/15/2024","59","PM2.5","Kennesaw","13-067-0003","AQS"
"01/16/2024","48","PM2.5","Kennesaw","13-067-0003","AQS"
"01/17/2024","49","PM2.5","Kennesaw","13-067-0003","AQS"
"01/18/2024","58","PM2.5","Kennesaw","13-067-0003","AQS"
"01/19/2024","52","PM2.5","Kennesaw","13-067-0003","AQS"
"01/20/2024","53","PM2.5","Kennesaw","13-067-0003","AQS"
"01/21/2024","55","PM2.5","Kennesaw","13-067-0003","AQS"
"01/22/2024","57","PM2.5","Kennesaw","13-067-0003","AQS"
"01/23/2024","63","PM2.5","Kennesaw","13-067-0003","AQS"
"01/24/2024","52","PM2.5","NR-285","13-089-0003","AQS"
"01/25/2024","40","PM2.5","NR-GA Tech","13-121-0056","AQS"
"01/26/2024","38","PM2.5","Kennesaw","13-067-0003","AQS"
"01/27/2024","49","PM2.5","NR-GA Tech","13-121-0056","AQS"
"01/28/2024","31","Ozone","Georgia Station","13-231-9991","AQS"
"01/29/2024","31","Ozone","Georgia Station","13-231-9991","AQS"
"01/30/2024","38","Ozone","Georgia Station","13-231-9991","AQS"
"01/31/2024","44","PM2.5","Kennesaw","13-067-0003","AQS"
"02/01/2024","52","PM2.5","Kennesaw","13-067-0003","AQS"
"02/02/2024","61","PM2.5","Kennesaw","13-067-0003","AQS"
"02/03/2024","58","PM2.5","Kennesaw","13-067-0003","AQS"
"02/04/2024","44","PM2.5","Kennesaw","13-067-0003","AQS"
"02/05/2024","42","NO2","South DeKalb","13-089-0002","AQS"
"02/06/2024","52","PM2.5","Fire Station #8","13-121-0039","AQS"
"02/07/2024","58","PM2.5","Kennesaw","13-067-0003","AQS"
"02/08/2024","63","PM2.5","Kennesaw","13-067-0003","AQS"
"02/09/2024","69","PM2.5","Kennesaw","13-067-0003","AQS"
"02/10/2024","61","PM2.5","Gwinnett","13-135-0002","AQS"
"02/11/2024","37","Ozone","Georgia Station","13-231-9991","AQS"
"02/12/2024","39","Ozone","Georgia Station","13-231-9991","AQS"
"02/13/2024","33","NO2","South DeKalb","13-089-0002","AQS"
"02/14/2024","44","PM2.5","NR-GA Tech","13-121-0056","AQS"
"02/15/2024","65","PM2.5","Kennesaw","13-067-0003","AQS"
"02/16/2024","81","PM2.5","Kennesaw","13-067-0003","AQS"
"02/17/2024","40","PM2.5","Kennesaw","13-067-0003","AQS"
"02/18/2024","47","PM2.5","NR-GA Tech","13-121-0056","AQS"
"02/19/2024","61","PM2.5","NR-GA Tech","13-121-0056","AQS"
"02/20/2024","76","PM2.5","South DeKalb","13-089-0002","AQS"
"02/21/2024","83","PM2.5","NR-GA Tech","13-121-0056","AQS"
"02/22/2024","90","PM2.5","Forest Park","13-063-0091","AQS"
"02/23/2024","43","Ozone","Georgia Station","13-231-9991","AQS"
"02/24/2024","43","Ozone","Georgia Station","13-231-9991","AQS"
"02/25/2024","44","PM2.5","Forest Park","13-063-0091","AQS"
"02/26/2024","80","PM2.5","Forest Park","13-063-0091","AQS"
"02/27/2024","68","PM2.5","McDonough","13-151-0002","AQS"
"02/28/2024","44","PM2.5","NR-285","13-089-0003","AQS"
"02/29/2024","34","Ozone","Georgia Station","13-231-9991","AQS"
"03/01/2024","36","PM2.5","NR-GA Tech","13-121-0056","AirNow"
"03/02/2024","38","PM2.5","NR-285","13-089-0003","AQS"
"03/03/2024","46","PM2.5","Kennesaw","13-067-0003","AQS"
"03/04/2024","46","PM2.5","NR-GA Tech","13-121-0056","AQS"
"03/05/2024","55","PM2.5","NR-285","13-089-0003","AQS"
"03/06/2024","34","Ozone","Dawsonville","13-085-0001","AQS"
"03/07/2024","43","Ozone","Dawsonville","13-085-0001","AQS"
"03/08/2024","34","Ozone","Georgia Station","13-231-9991","AQS"
"03/09/2024","32","Ozone","Georgia Station","13-231-9991","AQS"
"03/10/2024","43","Ozone","McDonough","13-151-0002","AQS"
"03/11/2024","47","Ozone","Georgia Station","13-231-9991","AQS"
"03/12/2024","68","PM2.5","Kennesaw","13-067-0003","AQS"
"03/13/2024","80","PM2.5","Forest Park","13-063-0091","AQS"
"03/14/2024","96","PM2.5","Forest Park","13-063-0091","AQS"
"03/15/2024","69","PM2.5","NR-285","13-089-0003","AQS"
"03/16/2024","39","Ozone","Conyers","13-247-0001","AQS"
"03/17/2024","40","Ozone","Gwinnett","13-135-0002","AQS"
"03/18/2024","43","Ozone","Georgia Station","13-231-9991","AQS"
"03/19/2024","66","PM2.5","Kennesaw","13-067-0003","AQS"
"03/20/2024","77","PM2.5","Kennesaw","13-067-0003","AQS"
"03/21/2024","104","PM2.5","Forest Park","13-063-0091","AQS"
"03/22/2024","74","PM2.5","Gwinnett","13-135-0002","AQS"
"03/23/2024","52","PM2.5","Kennesaw","13-067-0003","AQS"
"03/24/2024","49","Ozone","Dawsonville","13-085-0001","AQS"
"03/25/2024","56","PM2.5","Forest Park","13-063-0091","AQS"
"03/26/2024","43","PM2.5","Kennesaw","13-067-0003","AQS"
"03/27/2024","44","PM2.5","NR-285","13-089-0003","AQS"
"03/28/2024","46","Ozone","Georgia Station","13-231-9991","AQS"
"03/29/2024","51","Ozone","Georgia Station","13-231-9991","AQS"
"03/30/2024","69","PM2.5","Gwinnett","13-135-0002","AQS"
"03/31/2024","68","PM2.5","Gwinnett","13-135-0002","AQS"
"04/01/2024","66","PM2.5","Gwinnett","13-135-0002","AQS"
"04/02/2024","66","PM2.5","Gwinnett","13-135-0002","AQS"
"04/03/2024","44","Ozone","Douglasville","13-097-0004","AQS"
"04/04/2024","48","Ozone","Georgia Station","13-231-9991","AQS"
"04/05/2024","46","Ozone","Georgia Station","13-231-9991","AQS"
"04/06/2024","68","PM2.5","Forest Park","13-063-0091","AQS"
"04/07/2024","128","PM2.5","Forest Park","13-063-0091","AQS"
"04/08/2024","90","PM2.5","Gwinnett","13-135-0002","AQS"
"04/09/2024","75","PM2.5","Gwinnett","13-135-0002","AQS"
"04/10/2024","66","PM2.5","Gwinnett","13-135-0002","AQS"
"04/11/2024","39","Ozone","Georgia Station","13-231-9991","AQS"
"04/12/2024","46","Ozone","Douglasville","13-097-0004","AQS"
"04/13/2024","51","Ozone","Georgia Station","13-231-9991","AQS"
"04/14/2024","71","Ozone","Dawsonville","13-085-0001","AQS"
"04/15/2024","74","Ozone","Dawsonville","13-085-0001","AQS"
"04/16/2024","78","PM2.5","Gwinnett","13-135-0002","AQS"
"04/17/2024","81","PM2.5","Gwinnett","13-135-0002","AQS"
"04/18/2024","67","PM2.5","Gwinnett","13-135-0002","AQS"
"04/19/2024","68","PM2.5","Gwinnett","13-135-0002","AQS"
"04/20/2024","54","PM2.5","NR-285","13-089-0003","AQS"
"04/21/2024","34","Ozone","Georgia Station","13-231-9991","AQS"
"04/22/2024","44","Ozone","Douglasville","13-097-0004","AQS"
"04/23/2024","57","PM2.5","Gwinnett","13-135-0002","AQS"
"04/24/2024","72","PM2.5","Gwinnett","13-135-0002","AQS"
"04/25/2024","93","Ozone","Gwinnett","13-135-0002","AQS"
"04/26/2024","82","PM2.5","Gwinnett","13-135-0002","AQS"
"04/27/2024","66","PM2.5","Gwinnett","13-135-0002","AQS"
"04/28/2024","54","PM2.5","Forest Park","13-063-0091","AQS"
"04/29/2024","57","PM2.5","Gwinnett","13-135-0002","AQS"
"04/30/2024","54","PM2.5","NR-285","13-089-0003","AQS"
"05/01/2024","90","Ozone","McDonough","13-151-0002","AQS"
"05/02/2024","58","PM2.5","Gwinnett","13-135-0002","AQS"
"05/03/2024","65","PM2.5","Gwinnett","13-135-0002","AQS"
"05/04/2024","56","PM2.5","NR-285","13-089-0003","AQS"
"05/05/2024","53","PM2.5","NR-285","13-089-0003","AQS"
"05/06/2024","59","PM2.5","NR-285","13-089-0003","AQS"
"05/07/2024","57","PM2.5","Gwinnett","13-135-0002","AQS"
"05/08/2024","58","PM2.5","Gwinnett","13-135-0002","AQS"
"05/09/2024","40","Ozone","Georgia Station","13-231-9991","AQS"
"05/10/2024","45","Ozone","Georgia Station","13-231-9991","AQS"
"05/11/2024","49","Ozone","McDonough","13-151-0002","AQS"
"05/12/2024","64","Ozone","McDonough","13-151-0002","AQS"
"05/13/2024","64","PM2.5","Gwinnett","13-135-0002","AQS"
"05/14/2024","41","PM2.5","Gwinnett","13-135-0002","AQS"
"05/15/2024","52","PM2.5","Gwinnett","13-135-0002","AQS"
"05/16/2024","58","Ozone","Conyers","13-247-0001","AQS"
"05/17/2024","56","PM2.5","Gwinnett","13-135-0002","AQS"
"05/18/2024","46","PM2.5","NR-285","13-089-0003","AQS"
"05/19/2024","39","Ozone","United Avenue","13-121-0055","AQS"
"05/20/2024","74","Ozone","Douglasville","13-097-0004","AQS"
"05/21/2024","77","Ozone","Douglasville","13-097-0004","AQS"
"05/22/2024","64","PM2.5","Gwinnett","13-135-0002","AQS"
"05/23/2024","68","PM2.5","Gwinnett","13-135-0002","AQS"
"05/24/2024","63","PM2.5","NR-285","13-089-0003","AQS"
"05/25/2024","62","PM2.5","NR-285","13-089-0003","AQS"
"05/26/2024","70","PM2.5","Gwinnett","13-135-0002","AQS"
"05/27/2024","58","PM2.5","NR-285","13-089-0003","AQS"
"05/28/2024","61","Ozone","McDonough","13-151-0002","AQS"
"05/29/2024","74","Ozone","McDonough","13-151-0002","AQS"
"05/30/2024","74","Ozone","McDonough","13-151-0002","AQS"
"05/31/2024","64","Ozone","Douglasville","13-097-0004","AQS"
"06/01/2024","54","PM2.5","Gwinnett","13-135-0002","AQS"
"06/02/2024","53","PM2.5","Gwinnett","13-135-0002","AQS"
"06/03/2024","53","PM2.5","Gwinnett","13-135-0002","AQS"
"06/04/2024","52","PM2.5","NR-285","13-089-0003","AQS"
"06/05/2024","54","PM2.5","Gwinnett","13-135-0002","AQS"
"06/06/2024","53","PM2.5","Gwinnett","13-135-0002","AQS"
"06/07/2024","90","Ozone","McDonough","13-151-0002","AQS"
"06/08/2024","93","Ozone","Douglasville","13-097-0004","AQS"
"06/09/2024","60","PM2.5","NR-285","13-089-0003","AQS"
"06/10/2024","93","Ozone","McDonough","13-151-0002","AQS"
"06/11/2024","115","Ozone","McDonough","13-151-0002","AQS"
"06/12/2024","84","Ozone","Douglasville","13-097-0004","AQS"
"06/13/2024","97","Ozone","Douglasville","13-097-0004","AQS"
"06/14/2024","133","Ozone","McDonough","13-151-0002","AQS"
"06/15/2024","97","Ozone","United Avenue","13-121-0055","AQS"
"06/16/2024","76","PM2.5","Gwinnett","13-135-0002","AQS"
"06/17/2024","63","PM2.5","Gwinnett","13-135-0002","AQS"
"06/18/2024","58","PM2.5","Gwinnett","13-135-0002","AQS"
"06/19/2024","54","PM2.5","Gwinnett","13-135-0002","AQS"
"06/20/2024","60","PM2.5","NR-285","13-089-0003","AQS"
"06/21/2024","64","Ozone","Douglasville","13-097-0004","AQS"
"06/22/2024","74","Ozone","Douglasville","13-097-0004","AQS"
"06/23/2024","64","PM2.5","NR-285","13-089-0003","AQS"
"06/24/2024","101","Ozone","McDonough","13-151-0002","AQS"
"06/25/2024","133","Ozone","Douglasville","13-097-0004","AQS"
"06/26/2024","161","Ozone","Gwinnett","13-135-0002","AQS"
"06/27/2024","73","PM2.5","NR-285","13-089-0003","AQS"
"06/28/2024","75","PM2.5","NR-285","13-089-0003","AQS"
"06/29/2024","69","PM2.5","NR-285","13-089-0003","AQS"
"06/30/2024","74","PM2.5","NR-285","13-089-0003","AQS"
"07/01/2024","80","Ozone","Georgia Station","13-231-9991","AQS"
"07/02/2024","55","PM2.5","Gwinnett","13-135-0002","AQS"
"07/03/2024","52","PM2.5","Gwinnett","13-135-0002","AQS"
"07/04/2024","63","PM2.5","Gwinnett","13-135-0002","AQS"
"07/05/2024","70","PM2.5","Gwinnett","13-135-0002","AQS"
"07/06/2024","42","Ozone","Georgia Station","13-231-9991","AQS"
"07/07/2024","51","Ozone","Kennesaw","13-067-0003","AQS"
"07/08/2024","50","Ozone","Kennesaw","13-067-0003","AQS"
"07/09/2024","36","Ozone","Dawsonville","13-085-0001","AQS"
"07/10/2024","44","Ozone","McDonough","13-151-0002","AQS"
"07/11/2024","126","Ozone","Georgia Station","13-231-9991","AQS"
"07/12/2024","115","Ozone","Georgia Station","13-231-9991","AQS"
"07/13/2024","133","Ozone","South DeKalb","13-089-0002","AQS"
"07/14/2024","108","Ozone","South DeKalb","13-089-0002","AQS"
"07/15/2024","71","PM2.5","Gwinnett","13-135-0002","AQS"
"07/16/2024","55","PM2.5","Gwinnett","13-135-0002","AQS"
"07/17/2024","54","PM2.5","Gwinnett","13-135-0002","AQS"
"07/18/2024","52","PM2.5","Gwinnett","13-135-0002","AQS"
"07/19/2024","48","PM2.5","Gwinnett","13-135-0002","AQS"
"07/20/2024","32","PM2.5","United Avenue","13-121-0055","AQS"
"07/21/2024","36","PM2.5","United Avenue","13-121-0055","AQS"
"07/22/2024","43","Ozone","Gwinnett","13-135-0002","AQS"
"07/23/2024","54","PM2.5","United Avenue","13-121-0055","AQS"
"07/24/2024","52","PM2.5","United Avenue","13-121-0055","AQS"
"07/25/2024","44","PM2.5","United Avenue","13-121-0055","AQS"
"07/26/2024","49","PM2.5","United Avenue","13-121-0055","AQS"
"07/27/2024","60","PM2.5","Gwinnett","13-135-0002","AQS"
"07/28/2024","57","PM2.5","United Avenue","13-121-0055","AQS"
"07/29/2024","48","PM2.5","United Avenue","13-121-0055","AQS"
"07/30/2024","55","PM2.5","United Avenue","13-121-0055","AQS"
"07/31/2024","56","PM2.5","United Avenue","13-121-0055","AQS"
"08/01/2024","60","PM2.5","United Avenue","13-121-0055","AQS"
"08/02/2024","88","PM2.5","United Avenue","13-121-0055","AQS"
"08/03/2024","68","PM2.5","United Avenue","13-121-0055","AQS"
"08/04/2024","64","PM2.5","United Avenue","13-121-0055","AQS"
"08/05/2024","33","Ozone","Douglasville","13-097-0004","AQS"
"08/06/2024","51","PM2.5","United Avenue","13-121-0055","AQS"
"08/07/2024","84","Ozone","Georgia Station","13-231-9991","AQS"
"08/08/2024","55","PM2.5","Kennesaw","13-067-0003","AQS"
"08/09/2024","77","Ozone","McDonough","13-151-0002","AQS"
"08/10/2024","93","Ozone","McDonough","13-151-0002","AQS"
"08/11/2024","71","Ozone","Conyers","13-247-0001","AQS"
"08/12/2024","126","Ozone","McDonough","13-151-0002","AQS"
"08/13/2024","122","Ozone","McDonough","13-151-0002","AQS"
"08/14/2024","74","PM2.5","South DeKalb","13-089-0002","AQS"
"08/15/2024","64","PM2.5","Gwinnett","13-135-0002","AQS"
"08/16/2024","66","PM2.5","Gwinnett","13-135-0002","AQS"
"08/17/2024","54","PM2.5","United Avenue","13-121-0055","AQS"
"08/18/2024","62","PM2.5","Gwinnett","13-135-0002","AQS"
"08/19/2024","50","Ozone","McDonough","13-151-0002","AQS"
"08/20/2024","58","Ozone","McDonough","13-151-0002","AQS"
"08/21/2024","62","PM2.5","McDonough","13-151-0002","AQS"
"08/22/2024","64","PM2.5","Gwinnett","13-135-0002","AQS"
"08/23/2024","71","Ozone","Douglasville","13-097-0004","AQS"
"08/24/2024","97","Ozone","Douglasville","13-097-0004","AQS"
"08/25/2024","74","Ozone","Douglasville","13-097-0004","AQS"
"08/26/2024","108","Ozone","Douglasville","13-097-0004","AQS"
"08/27/2024","100","Ozone","Douglasville","13-097-0004","AQS"
"08/28/2024","87","Ozone","Gwinnett","13-135-0002","AQS"
"08/29/2024","80","Ozone","Dawsonville","13-085-0001","AQS"
"08/30/2024","57","PM2.5","Gwinnett","13-135-0002","AQS"
"08/31/2024","57","PM2.5","United Avenue","13-121-0055","AQS"
"09/01/2024","55","PM2.5","Gwinnett","13-135-0002","AQS"
"09/02/2024","64","Ozone","Georgia Station","13-231-9991","AirNow"
"09/03/2024","54","PM2.5","Gwinnett","13-135-0002","AQS"
"09/04/2024","67","Ozone","Douglasville","13-097-0004","AQS"
"09/05/2024","51","PM2.5","United Avenue","13-121-0055","AQS"
"09/06/2024","53","PM2.5","United Avenue","13-121-0055","AQS"
"09/07/2024","67","Ozone","McDonough","13-151-0002","AQS"
"09/08/2024","49","Ozone","Douglasville","13-097-0004","AQS"
"09/09/2024","71","Ozone","Douglasville","13-097-0004","AQS"
"09/10/2024","73","PM2.5","Gwinnett","13-135-0002","AQS"
"09/11/2024","61","PM2.5","Gwinnett","13-135-0002","AQS"
"09/12/2024","56","PM2.5","United Avenue","13-121-0055","AQS"
"09/13/2024","58","PM2.5","United Avenue","13-121-0055","AQS"
"09/14/2024","33","PM2.5","United Avenue","13-121-0055","AQS"
"09/15/2024","49","PM2.5","Gwinnett","13-135-0002","AQS"
"09/16/2024","56","PM2.5","United Avenue","13-121-0055","AQS"
"09/17/2024","46","PM2.5","United Avenue","13-121-0055","AQS"
"09/18/2024","51","PM2.5","United Avenue","13-121-0055","AQS"
"09/19/2024","53","PM2.5","United Avenue","13-121-0055","AQS"
"09/20/2024","67","Ozone","Douglasville","13-097-0004","AQS"
"09/21/2024","100","Ozone","United Avenue","13-121-0055","AQS"
"09/22/2024","68","PM2.5","Gwinnett","13-135-0002","AQS"
"09/23/2024","77","Ozone","Conyers","13-247-0001","AQS"
"09/24/2024","78","PM2.5","Gwinnett","13-135-0002","AQS"
"09/25/2024","60","PM2.5","United Avenue","13-121-0055","AQS"
"09/26/2024","27","Ozone","Gwinnett","13-135-0002","AQS"
"09/27/2024","38","Ozone","Georgia Station","13-231-9991","AirNow"
"09/28/2024","56","PM2.5","Gwinnett","13-135-0002","AQS"
"09/29/2024","51","PM2.5","Gwinnett","13-135-0002","AQS"
"09/30/2024","67","PM2.5","United Avenue","13-121-0055","AQS"
"10/01/2024","39","PM2.5","United Avenue","13-121-0055","AirNow"
"10/02/2024","52","PM2.5","United Avenue","13-121-0055","AirNow"
"10/03/2024","68","PM2.5","United Avenue","13-121-0055","AirNow"
"10/04/2024","59","PM2.5","United Avenue","13-121-0055","AirNow"
"10/05/2024","62","PM2.5","United Avenue","13-121-0055","AirNow"
"10/06/2024","64","PM2.5","United Avenue","13-121-0055","AirNow"
"10/07/2024","74","Ozone","McDonough","13-151-0002","AirNow"
"10/08/2024","77","Ozone","Douglasville","13-097-0004","AQS"
"10/09/2024","67","Ozone","Douglasville","13-097-0004","AQS"
"10/10/2024","57","PM2.5","United Avenue","13-121-0055","AirNow"
"10/11/2024","46","Ozone","Douglasville","13-097-0004","AQS"
"10/12/2024","56","PM2.5","United Avenue","13-121-0055","AirNow"
"10/13/2024","61","PM2.5","Gwinnett","13-135-0002","AirNow"
"10/14/2024","46","PM2.5","Gwinnett","13-135-0002","AirNow"
"10/15/2024","35","Ozone","Georgia Station","13-231-9991","AirNow"
"10/16/2024","32","Ozone","Georgia Station","13-231-9991","AirNow"
"10/17/2024","39","Ozone","Georgia Station","13-231-9991","AirNow"
"10/18/2024","50","PM2.5","NR-GA Tech","13-121-0056","AirNow"
"10/19/2024","49","PM2.5","NR-GA Tech","13-121-0056","AirNow"
"10/20/2024","52","PM2.5","South DeKalb","13-089-0002","AirNow"
"10/21/2024","58","PM2.5","NR-GA Tech","13-121-0056","AirNow"
"10/22/2024","54","PM2.5","Kennesaw","13-067-0003","AirNow"
"10/23/2024","59","PM2.5","NR-GA Tech","13-121-0056","AirNow"
"10/24/2024","58","Ozone","Georgia Station","13-231-9991","AirNow"
"10/25/2024","67","Ozone","Georgia Station","13-231-9991","AirNow"
"10/26/2024","76","PM2.5","United Avenue","13-121-0055","AirNow"
"10/27/2024","65","PM2.5","South DeKalb","13-089-0002","AirNow"
"10/28/2024","56","PM2.5","South DeKalb","13-089-0002","AirNow"
"10/29/2024","54","PM2.5","Kennesaw","13-067-0003","AirNow"
"10/30/2024","53","PM2.5","Gwinnett","13-135-0002","AirNow"
"10/31/2024","52","PM2.5","Gwinnett","13-135-0002","AirNow"
"11/01/2024","52","PM2.5","South DeKalb","13-089-0002","AirNow"
"11/02/2024","54","PM2.5","Gwinnett","13-135-0002","AirNow"
"11/03/2024","60","PM2.5","South DeKalb","13-089-0002","AirNow"
"11/04/2024","52","PM2.5","South DeKalb","13-089-0002","AirNow"
"11/05/2024","53","PM2.5","South DeKalb","13-089-0002","AirNow"
"11/06/2024","48","PM2.5","South DeKalb","13-089-0002","AirNow"
"11/07/2024","30","PM2.5","NR-GA Tech","13-121-0056","AirNow"
"11/08/2024","66","PM2.5","United Avenue","13-121-0055","AirNow"
"11/09/2024","100","PM2.5","United Avenue","13-121-0055","AirNow"
"11/10/2024","66","PM2.5","United Avenue","13-121-0055","AirNow"
"11/11/2024","47","PM2.5","United Avenue","13-121-0055","AirNow"
"11/12/2024","53","PM2.5","Gwinnett","13-135-0002","AirNow"
"11/13/2024","42","PM2.5","NR-GA Tech","13-121-0056","AirNow"
"11/14/2024","35","PM2.5","South DeKalb","13-089-0002","AirNow"
"11/15/2024","34","PM2.5","NR-GA Tech","13-121-0056","AirNow"
"11/16/2024","56","PM2.5","Gwinnett","13-135-0002","AirNow"
"11/17/2024","79","PM2.5","Gwinnett","13-135-0002","AirNow"
"11/18/2024","75","PM2.5","Gwinnett","13-135-0002","AirNow"
"11/19/2024","54","PM2.5","South DeKalb","13-089-0002","AirNow"
"11/20/2024","36","Ozone","Georgia Station","13-231-9991","AirNow"
"11/21/2024","36","Ozone","Georgia Station","13-231-9991","AirNow"
"11/22/2024","24","Ozone","Georgia Station","13-231-9991","AirNow"
"11/23/2024","35","PM2.5","Kennesaw","13-067-0003","AirNow"
"11/24/2024","58","PM2.5","Kennesaw","13-067-0003","AirNow"
"11/25/2024","78","PM2.5","Gwinnett","13-135-0002","AirNow"
"11/26/2024","56","PM2.5","Gwinnett","13-135-0002","AirNow"
"11/27/2024","76","PM2.5","Gwinnett","13-135-0002","AirNow"
"11/28/2024","38","PM2.5","Gwinnett","13-135-0002","AirNow"
"11/29/2024","44","PM2.5","Kennesaw","13-067-0003","AirNow"
"11/30/2024","36","Ozone","Georgia Station","13-231-9991","AirNow"
"12/01/2024","55","PM2.5","Kennesaw","13-067-0003","AirNow"
"12/02/2024","39","PM2.5","Gwinnett","13-135-0002","AirNow"
"12/03/2024","52","PM2.5","Kennesaw","13-067-0003","AirNow"
"12/04/2024","60","PM2.5","South DeKalb","13-089-0002","AirNow"
"12/05/2024","53","PM2.5","Gwinnett","13-135-0002","AirNow"
"12/06/2024","32","PM2.5","South DeKalb","13-089-0002","AirNow"
"12/07/2024","40","Ozone","Georgia Station","13-231-9991","AirNow"
"12/08/2024","61","PM2.5","Gwinnett","13-135-0002","AirNow"
"12/09/2024","61","PM2.5","Gwinnett","13-135-0002","AirNow"
"12/10/2024","32","Ozone","Georgia Station","13-231-9991","AirNow"
"12/11/2024","32","Ozone","Georgia Station","13-231-9991","AirNow"
