Year,Co2
numeric,numeric
2016,396.6189370629377
2017,398.15556643356695
2018,399.6921958041967
2019,401.22882517482594
2020,402.7654545454552
2021,404.3020839160845
2022,405.8387132867142
2023,407.3753426573435
2024,408.91197202797275
2025,410.448601398602
2026,411.9852307692313
2027,413.521860139861
2028,415.0584895104903
2029,416.59511888111956
2030,418.13174825174883
