Year,Co2
numeric,numeric
2026,425.7703319150896
2027,428.189728171943
2028,430.62968862906564
2029,433.09012029503356
2030,435.570930178219
2031,438.0720252873434
2032,440.5933126308664
2033,443.13469921733486
2034,445.6960920553538
2035,448.277398153441
2036,450.8785245200852
2037,453.4993781639496
2038,456.13986609340645
2039,458.7998953172355
2040,461.47937284380896
